陈兆民,高级经济师
肖遂宁,高级经济师
孙建一,NONE
王石,NONE
丁克义,高级经济师
陈章良,NONE
傅泽田,国务院政府特殊津贴
傅泽田,政府特殊津贴
王克昕,NONE
王鲁锋,NONE
江玉明,NONE
李林琳,NONE
丁芃,NONE
范明月,NONE
李永明,高级工程师
李永明,高级政工师
李成碧,NONE
练卫飞,NONE
丁玮,经济学家
陈德棉,NONE
秦钢,高级工程师
秦钢,国务院特殊津贴
周瑞堂,高级工程师
王志全,高级工程师
陈政立,NONE
李振华,NONE
曹永红,NONE
严立虎,NONE
杜小莉,NONE
夏鹏,高级会计师
夏鹏,注册会计师
贾明辉,NONE
田承刚,高级政工师
田承刚,高级经营师
陈玉刚,高级政工师
陈潮,高级经济师
李景奇,高级经济师
曾南,高级工程师
邹明武,高级政工师
邹明武,高级经济师
吕华,NONE
杨建达,NONE
陈勇,NONE
任克雷,全国劳动模范
侯松容,NONE
吴斯远,NONE
陈跃华,高级工程师
张民,NONE
刘凤喜,NONE
李承友,高级工程师
谢如贤,NONE
黄俊民,高级经济师
章晓峰,NONE
尚世骏,NONE
李钢,NONE
罗桂友,NONE
李海,NONE
董炳根,高级工程师
胡永峰,高级工程师
陈略,高级工程师
林家宏,高级经济师
曾湃,高级经济师
郑煜曦,NONE
吴德华,NONE
车文申,高级会计师
李中秋,NONE
王之,NONE
陈肇雄,NONE
傅育宁,NONE
王芬,NONE
郑少平,NONE
时伟,NONE
陈德伦,NONE
杨玉科,高级工程师
杨玉科,高级政工师
杨玉科,高级经济师
杨国富,高级工程师
宋仁权,高级会计师
张瑞理,NONE
吕航,高级政工师
李志正,高级工程师
吴光权,高级会计师
赖伟宣,高级会计师
刁伟程,高级工程师
劳德容,高级工程师
王学为,高级工程师
杨海贤,高级政工师
杨海贤,高级经济师
高自民,高级经济师
刘晓勇,NONE
郭原,NONE
郑宏杰,高级政工师
陈为钢,高级经济师
付明仲,高级经济师
魏玉林,高级经济师
魏玉林,高级经营师
李智明,NONE
叶环保,NONE
邵志和,NONE
周建国,高级会计师
李承友,高级工程师
杨奋勃,高级经济师
王建宇,NONE
滕铁骑,高级工程师
金毅,NONE
古焕坤,高级政工师
孙忠人,NONE
周政,高级工程师
周政,国务院政府特殊津贴
周政,政府特殊津贴
佟保安,NONE
杨军,高级工程师
张永平,高级工程师
陈旭,高级工程师
周剑,NONE
张润钢,高级经济师
王晓燕,NONE
李聚全,NONE
袁克俭,NONE
闻心达,NONE
陈辉汉,NONE
肖水龙,高级经济师
王迎,NONE
晏群,NONE
郭为,NONE
侯自强,NONE
郝建学,NONE
杜长喜,高级工程师
洪和良,高级经济师
严圣军,高级经济师
董炳根,高级工程师
丁跃,高级经济师
董炳根,高级工程师
劳德容,高级工程师
刘德雨,高级工程师
魏文德,高级政工师
杨海贤,高级政工师
杨海贤,高级经济师
王华林,NONE
夏杨军,NONE
王峰,NONE
雷啸峰,高级经济师
高海波,NONE
许亚楠,NONE
李建红,高级经济师
李建红,全国劳动模范
傅育宁,NONE
李建红,高级经济师
李建红,全国劳动模范
王宏,NONE
邱瑞亨,NONE
陈泰泉,NONE
陈泰泉,NONE
郑小将,NONE
蒋洪库,高级工程师
马兴文,高级工程师
朱新宏,高级经济师
伍斌,NONE
宋炳新,NONE
姚日波,NONE
李志正,高级工程师
吴光权,高级会计师
仇慎谦,高级工程师
肖临骏,NONE
管同科,NONE
王滨,高级经济师
朱军,高级工程师
卢志强,NONE
卢志强,NONE
韩晓生,高级会计师
卢志强,NONE
陈枫,NONE
王敏,NONE
罗爱华,NONE
刘其,NONE
李志正,高级工程师
吴光权,高级会计师
由镭,高级工程师
由镭,政府特殊津贴
熊建明,高级工程师
李锦全,NONE
郑康豪,NONE
陈小海,NONE
张为民,高级经济师
王楚,高级工程师
王立,NONE
冯恩良,高级工程师
刘云文,高级工程师
李金泉,高级工程师
李春建,高级工程师
欧显华,高级经济师
李进明,NONE
陈良贤,NONE
朱伟,NONE
林家宏,高级经济师
陈少群,高级经济师
张锦墙,高级工程师
张锦墙,国务院特殊津贴
张锦墙,市劳动模范
梁光伟,高级经济师
李国洪,NONE
梁光伟,高级经济师
胡新安,NONE
张太峰,NONE
侯为贵,NONE
赵先明,NONE
焦志仁,高级工程师
何晓东,高级工程师
李建民,高级工程师
王一彤,高级工程师
王之,NONE
陈肇雄,NONE
杜和平,高级经营师
杨军,高级工程师
张继良,高级工程师
张为民,高级经济师
胡建平,高级会计师
黄俞,NONE
任克雷,全国劳动模范
张整魁,高级经济师
刘平春,高级政工师
任克雷,全国劳动模范
刘平春,高级政工师
段先念,高级经济师
季德钧,高级工程师
张俊林,高级会计师
王宝,NONE
张思民,省劳动模范
李选民,高级工程师
郑宏杰,高级政工师
李冰,NONE
卢胜海,高级工程师
郭立民,NONE
郭立民,NONE
杨进军,NONE
黄传奇,NONE
汪洋,高级经济师
邹志远,NONE
高振怀,高级经济师
陈潮,高级经济师
姚玉伦,高级经济师
高雷,高级经济师
辛杰,NONE
王建彬,NONE
张桂泉,NONE
毕为,NONE
李东生,NONE
钟伟贤,NONE
王平,NONE
许振东,NONE
刘绍生,NONE
陈奕民,NONE
范全木,高级会计师
邹宝中,高级经济师
刘学义,高级工程师
许克强,NONE
张成,高级工程师
徐桦木,高级工程师
何宏满,NONE
谢木喜,高级工程师
苏重光,高级政工师
陈晓军,高级工程师
王诚,高级工程师
杨跃,高级政工师
何述金,高级工程师
何述金,政府特殊津贴
何述金,全国劳动模范
李健,NONE
肖贤辉,NONE
王政,NONE
万巍,NONE
励怡青,NONE
王健儿,NONE
方明华,NONE
詹纯新,高级工程师
詹纯新,国务院政府特殊津贴
詹纯新,政府特殊津贴
韩希厚,高级经济师
汤彰明,高级经济师
朱立田,高级经济师
吴敏其,NONE
丁治平,高级工程师
李剑阁,NONE
储晓明,NONE
董东立,高级经济师
吴新祥,高级经济师
计高雄,NONE
方洪波,NONE
谭旭光,高级经济师
谭旭光,全国劳动模范
王纪年,政府特殊津贴
李富生,高级工程师
李富生,国务院特殊津贴
冷俊,高级工程师
杜金弘,NONE
张增光,高级工程师
王功伟,高级工程师
王功伟,全国劳动模范
王功伟,市劳动模范
刘世春,高级工程师
赵新先,NONE
梅伟伶,NONE
史跃武,NONE
史曜瑜,NONE
符念平,高级工程师
余笑兵,NONE
刘体斌,高级会计师
徐建国,高级经济师
隋立祖,NONE
王鹏,高级经济师
张士成,高级工程师
张士成,省劳动模范
张庆民,NONE
路联,NONE
邢福立,NONE
彭文辉,NONE
范军,NONE
范敬孝,高级经济师
毕方庆,NONE
胡江波,NONE
何宏满,NONE
胡向东,NONE
张虹,高级经济师
姚俊喜,高级工程师
陈惠仁,高级工程师
关锡友,高级工程师
谭中东,NONE
王先龙,NONE
冯志斌,NONE
王引平,NONE
冯志斌,NONE
董庆祥,高级工程师
尚建斌,高级工程师
李兆廷,高级工程师
柳志伟,NONE
东英金融投资有限公司之董事会(‘董事会’)欣然宣布,NONE
刘德平,NONE
申屠建中,NONE
郭运斌,NONE
钟志军,NONE
宋小刚,NONE
高传义,NONE
王浩,NONE
汤亮,NONE
纪家伟,高级经济师
陈青,NONE
考尚校,NONE
余政,NONE
马志军,NONE
徐建兵,NONE
王宏,高级会计师
王宏,注册会计师
郑晓燕,高级经济师
朱德坤,高级经济师
李石生,NONE
万冠清,高级会计师
方洪波,NONE
周兆达,高级经济师
周兆达,全国劳动模范
傅万才,高级工程师
傅万才,全国劳动模范
王进军,高级工程师
宋德武,NONE
朱自强,NONE
王光凡,NONE
薛乐群,NONE
朱明,高级经济师
周仪,高级工程师
潘明,NONE
蒋远华,高级经济师
虞云峰,NONE
蒋伟,NONE
乔世波,NONE
李福祚,NONE
王春城,NONE
王民,高级工程师
景树森,高级工程师
景树森,国务院政府特殊津贴
景树森,政府特殊津贴
吉兴业,NONE
陈纪明,NONE
游国经,高级政工师
曹晓峰,高级工程师
曹晓峰,高级经济师
周余明,高级工程师
李希元,高级工程师
朱战良,高级工程师
朱战良,高级经济师
禹荣刚,NONE
李智勇,NONE
袁祖荣,NONE
陈洪国,高级经济师
赵向东,高级经济师
梁健,NONE
王振山,高级会计师
王玉君,高级政工师
于少明,高级会计师
徐春福,NONE
江成,NONE
毛冬声,高级经济师
刘江超,NONE
余斌,NONE
曾塞外,NONE
贾岩燕,NONE
李颖,NONE
罗文,NONE
卢山,NONE
周江军,NONE
刘文杰,NONE
黄志刚,NONE
石磊,NONE
郑清,NONE
杨海亚,NONE
楚健健,高级会计师
史文涛,NONE
胡杰平,NONE
孙朝晖,NONE
郑峰文,NONE
李明吉,NONE
阎前,NONE
杨润贵,NONE
吴爱存,NONE
欧辉生,高级经济师
欧辉生,注册会计师
邹昌浩,高级经营师
倪进凯,NONE
刘壮成,NONE
邢乐成,高级经济师
贾立兴,高级经济师
刘永华,NONE
郭宏杰,NONE
何光昶,高级经济师
刘汉,高级经济师
张昌德,NONE
刘江东,NONE
刘成文,高级经济师
沈志奇,高级经济师
刘成文,高级经济师
王大明,高级经济师
易振球,NONE
朱保国,NONE
官忠富,高级经济师
张玉昌,高级经济师
刘永贤,高级经济师
粟志光,高级经济师
徐平,高级工程师
徐平,高级工程师
王科,高级经济师
王科,省劳动模范
刘文胜,NONE
王爱萍,NONE
史今,NONE
陈新,NONE
牛小军,NONE
王久芳,高级工程师
王久芳,高级经济师
王久芳,高级工程师
王久芳,高级经济师
华国强,NONE
孙国建,NONE
张青,NONE
郑永龙,NONE
齐振伟,高级工程师
张振华,高级工程师
隋建辉,高级工程师
邬昆华,高级工程师
张敬武,高级工程师
刘锡汉,高级经济师
朱宁,高级经济师
王涛,高级经济师
陈德顺,NONE
赵勇,高级工程师
刘体斌,高级会计师
梁建彬,高级政工师
李有成,NONE
陈翔志,NONE
胡守斌,高级经济师
胡守斌,市劳动模范
傅勇国,NONE
龙丕泉,高级政工师
谢树文,NONE
翁亚绪,NONE
冯劲,NONE
张竹筠,NONE
杨寿海,高级经济师
杨寿海,国务院特殊津贴
郑嘉猷,高级政工师
田峰,NONE
郑嘉猷,高级政工师
田峰,NONE
郑嘉猷,高级政工师
张质良,NONE
张浩,NONE
姬浩,NONE
王晓华,高级经济师
曾光安,高级工程师
冯国良,NONE
柯惠琪,高级经济师
崔河,高级经济师
聂周荣,高级经济师
周凯,NONE
蔡飚,NONE
张和,高级工程师
肖永勤,高级工程师
纪志坚,NONE
陈传实,高级工程师
夏藩高,高级工程师
黄中发,NONE
郭晓光,高级工程师
梁学敏,高级经营师
冯冠平,NONE
李东义,NONE
谢伟,NONE
黄梅粦,NONE
张少松,NONE
李智,NONE
杨印宝,高级会计师
沈宗敏,高级政工师
黄振光,高级工程师
林伟光,NONE
阮希玮,NONE
李明智,NONE
徐鹏,NONE
赵健,高级工程师
王志华,NONE
钟安刚,高级经济师
龙江,NONE
王明辉,高级经济师
潘力,高级工程师
李灼贤,高级工程师
鲁石,NONE
罗玉平,NONE
钟信才,NONE
庄坚毅,NONE
钟信才,NONE
潘杰,NONE
何勇,NONE
张绍仓,高级政工师
张绍仓,高级经济师
张绍仓,省劳动模范
方平,高级经济师
白泰平,高级经济师
张飞飞,NONE
周义德,高级经济师
刘先超,高级经济师
李建平,NONE
孙宏伟,高级经济师
孙宏伟,市劳动模范
张守斌,高级经济师
孙洪武,高级经济师
孙洪武,注册会计师
赵友永,高级会计师
郭金东,高级经济师
孙健,NONE
许华,NONE
赵辉,NONE
关敬如,NONE
张荣刚,NONE
章高路,NONE
王勇,NONE
刘著平,NONE
刘忠明,高级工程师
谭应球,NONE
张玉玺,NONE
刘林平,NONE
孙敏,高级工程师
孙敏,政府特殊津贴
蒋林生,高级工程师
王锡高,高级工程师
邱天高,NONE
葛维玲,高级经济师
张志忠,高级工程师
张志忠,高级经济师
张志忠,省劳动模范
曹新彤,高级经济师
董柏,高级政工师
董柏,高级经济师
刘春奇,高级工程师
邵乐冲,高级工程师
邵乐冲,政府特殊津贴
顾地民,高级工程师
罗福乾,高级经济师
毛鹏茜,高级政工师
毛鹏茜,高级经济师
梁习明,高级工程师
张茂立,高级工程师
李作荣,高级工程师
安礼如,高级工程师
安礼如,高级经济师
冯东青,高级政工师
任君,高级会计师
贺炜,NONE
王瑛,NONE
王宜明,NONE
厉天福,NONE
宋波,NONE
郭为,NONE
张吉生,NONE
周敏敏,NONE
朱关湖,NONE
孟虎,高级会计师
王天林,高级工程师
王天林,高级经济师
高继胜,NONE
鲁冠球,高级经济师
鲁冠球,全国劳动模范
吴新元,高级政工师
何道峰,NONE
谢勇,NONE
张慕冉,NONE
李强,NONE
杨修福,高级工程师
王瑄,NONE
李荣家,高级经济师
唐大楷,高级经济师
孙志诚,NONE
薛季民,高级会计师
詹军道,高级政工师
詹军道,高级经济师
高建平,高级政工师
高建平,高级经济师
马永庆,NONE
姜杰,NONE
陈光辉,高级经济师
苏中俊,高级工程师
龙勇,高级经济师
刘悉承,NONE
马骧,NONE
俞发祥,NONE
傅建中,NONE
纪道林,高级经济师
丁波,NONE
郭怀保,NONE
袁秀平,高级工程师
袁秀平,政府特殊津贴
谢明,高级经济师
刘淼,NONE
李汉华,高级政工师
张骏原,高级政工师
薛国俊,高级工程师
韩立彬,高级会计师
赵序宏,高级经济师
曲大利,高级经济师
景柱,高级工程师
秦全权,高级工程师
陈林,NONE
周明轩,NONE
周润,NONE
邹敦华,高级工程师
吴成文,高级经济师
麦庆华,高级会计师
胡成中,高级经济师
许良飞,高级工程师
许良飞,高级会计师
王伟良,高级工程师
陈学军,高级经济师
刘凤堂,高级经济师
冯大为,高级工程师
徐文元,NONE
黄葆源,NONE
周小溪,NONE
程高潮,高级政工师
李峰林,高级经济师
马培林,NONE
项永春,高级工程师
罗宏,高级工程师
瞿林,高级经济师
苏伟国,高级经济师
苏江华,NONE
郭新荣,NONE
朱开友,NONE
徐明君,NONE
徐小文,NONE
罗劲,NONE
马中文,NONE
成钧,NONE
王志伟,NONE
张金铸,高级经济师
王志伟,NONE
朱要文,NONE
马世春,NONE
张本正,NONE
张喜民,NONE
郭元林,高级工程师
李义,高级工程师
乔志城,NONE
乔志城,NONE
王书贵,NONE
廖志扬,NONE
雷励,高级工程师
王小军,高级经济师
袁永红,NONE
曹华斌,高级工程师
陈克根,NONE
游宪生,NONE
何尔涛,高级经济师
刘健,NONE
刘平山,NONE
付志明,NONE
汪俊林,市劳动模范
杨先本,NONE
李占通,NONE
高续纯,高级工程师
高续纯,全国劳动模范
李树明,高级经济师
刘建平,高级经济师
荣十庆,高级经济师
赵家国,高级政工师
赵家国,高级经济师
张立忠,高级工程师
王效金,高级经济师
刘俊德,高级会计师
王锋,高级经济师
曹杰,市劳动模范
余林,NONE
梁金辉,NONE
陈钢,高级工程师
董增贺,高级工程师
刘震,高级经济师
魏海军,NONE
任建新,高级工程师
任建新,政府特殊津贴
杨兴强,NONE
陆韶华,高级工程师
谭建明,NONE
杨光,NONE
李本文,NONE
汪海,高级经济师
柴永森,高级工程师
单群英,高级工程师
王永忠,高级经济师
李连平,高级工程师
李连平,国务院特殊津贴
李连平,省劳动模范
米大斌,高级工程师
徐兵,NONE
陈来泉,高级工程师
陈来泉,高级经济师
赵铁流,NONE
魏兴毅,NONE
朱胜利,NONE
张合斌,高级经济师
陈军,NONE
张秉军,高级工程师
刘逸荣,NONE
星晓明,高级经济师
杨景文,NONE
赵华,NONE
连良桂,NONE
汪力成,全国劳动模范
汪力成,市劳动模范
汪诚,NONE
刘小斌,注册会计师
刘浩军,NONE
金美星,NONE
赵晴,NONE
唐军,高级工程师
曹湘洪,高级工程师
王永健,高级工程师
李方,NONE
郑宽,NONE
马中秋,高级经济师
蔡建新,高级经济师
蔡建新,市劳动模范
夏富喜,高级经济师
谢平伟,NONE
云文广,高级经济师
王小兰,高级经济师
王小兰,市劳动模范
濮黎明,NONE
寿浩良,NONE
马雅,NONE
赵伟,NONE
马雅,NONE
邱士杰,NONE
金保庆,高级政工师
乔桂玲,高级工程师
蒋英刚,高级工程师
周传良,高级工程师
刘承进,高级经济师
李珊瑚,高级政工师
黎愿斌,高级工程师
林魁,NONE
王凤岐,NONE
蒋岚,NONE
朱俊峰,NONE
陈闽建,NONE
田汉,NONE
汤闯,NONE
李强,NONE
宫晓冬,NONE
张丽萍,NONE
朱卫军,NONE
赵权,NONE
马广悦,高级会计师
卢祥福,高级会计师
姜小兴,高级经济师
杨元建,高级工程师
吴根柱,高级工程师
郭景彬,高级工程师
李顺安,高级工程师
纪勤应,高级工程师
任勇,高级工程师
齐生立,高级经济师
刘晓卫,NONE
杜焰生,NONE
李红旗,NONE
傅军,高级经济师
丁伟,NONE
郑慧卿,高级会计师
刘煌,NONE
覃虹,高级经济师
殷明坤,高级会计师
殷明坤,注册会计师
陈少波,NONE
苏文,NONE
刘炬,NONE
李秀林,NONE
尹家绪,高级工程师
徐留平,高级工程师
李炳源,NONE
秦兆平,NONE
向汉林,NONE
刘益谦,NONE
肖云华,高级工程师
刘益谦,NONE
曾绍清,高级经济师
周强,NONE
方兆,NONE
平兴,NONE
陈明乾,高级工程师
洪及鄙,高级工程师
洪及鄙,政府特殊津贴
樊政炜,NONE
张大德,NONE
杨振超,高级经济师
孟永范,高级经济师
韦江宏,高级工程师
杨军,高级经济师
刘铁杲,高级经济师
管大源,高级经济师
兰隽,NONE
高旭斌,高级工程师
孔清华,NONE
吴岩,NONE
赵景云,NONE
石进儒,高级经济师
张玉秋,高级经济师
邹学仁,高级经济师
秦江玉,高级工程师
秦江玉,高级经济师
田继生,高级工程师
秦江玉,高级工程师
秦江玉,高级经济师
宗维海,NONE
梁力平,高级工程师
梁力平,国务院政府特殊津贴
梁力平,政府特殊津贴
洪海雄,NONE
钟金松,NONE
李泽中,NONE
何德先,NONE
郭劲松,高级工程师
刘华,NONE
王晓江,NONE
董荣生,NONE
张晖,NONE
张澎,NONE
杜红云,高级工程师
王勇,NONE
王棣,省劳动模范
王棣,市劳动模范
张棠华,高级工程师
张棠华,国务院特殊津贴
余小华,政府特殊津贴
肖正连,高级经济师
梅强,NONE
苏结宏,NONE
朱江洪,全国劳动模范
董明珠,全国劳动模范
张军,NONE
张秉军,高级工程师
胡军,高级经济师
苏同强,高级经济师
张相军,高级工程师
刘圣刚,高级工程师
刘远清,高级工程师
陈凯,NONE
屈波,NONE
吴坚,NONE
邓惠明,NONE
黄红云,高级工程师
黄红云,高级工程师
邓志雄,高级工程师
杨伯华,NONE
焦健,NONE
杨伯华,NONE
李福利,NONE
黄乐夫,全国劳动模范
宋建明,高级工程师
杨占民,NONE
陈鸿兴,高级工程师
梁国坚,NONE
吴景贤,高级工程师
刘文彦,高级工程师
刘文彦,政府特殊津贴
刘文彦,市劳动模范
赵邵安,高级经济师
徐亦平,高级工程师
吕值友,政府特殊津贴
王祺扬,高级会计师
尹守恩,高级工程师
陆云良,NONE
刘海涛,高级工程师
叶茂新,高级工程师
温一雷,高级经济师
温一雷,市劳动模范
刘道明,NONE
吕品,高级工程师
陈火军,NONE
吴瑞林,NONE
李建新,NONE
陈义和,高级经济师
刘道兴,NONE
苗泽春,NONE
姜晓峰,NONE
艾有关,高级经济师
陈炎表,NONE
史浩樑,NONE
陈志成,NONE
林腾蛟,NONE
林腾蛟,NONE
胡智勇,NONE
李再生,高级经济师
张永宏,NONE
陈亮,NONE
潘亚敏,NONE
俞锋,NONE
李成业,高级经济师
麻向阳,高级工程师
葛晋生,高级经济师
郑建成,NONE
王建辉,NONE
刘刚,NONE
王春芳,NONE
李荣福,高级经济师
王春芳,NONE
冯井岗,NONE
刘双河,NONE
赵立仁,NONE
逄奉建,NONE
袁明哲,NONE
张志鸿,NONE
丁明国,高级工程师
季长彬,高级会计师
张德炳,高级经济师
周霁,高级工程师
高少兵,高级政工师
高少兵,高级经济师
刘春堂,NONE
宋传远,高级经济师
田益群,NONE
董平,高级工程师
周庆庭,高级政工师
董平,高级工程师
张秀文,高级工程师
张秀文,高级工程师
李晓卫,NONE
宋军,NONE
梁贤久,高级经济师
丁振华,NONE
戴连荣,高级工程师
戴连荣,政府特殊津贴
贺占海,高级工程师
陈杰,NONE
高少初,NONE
郑钟强,NONE
谭庆中,NONE
陈爱学,NONE
冷述铁,高级工程师
陈青松,高级经济师
李树,NONE
矫正中,注册会计师
杨树财,高级会计师
杨树财,注册会计师
杨树财,省劳动模范
李福春,高级工程师
王春雨,高级工程师
王东兴,高级经济师
吕向阳,NONE
薛同建,高级工程师
谭启,NONE
张良宾,NONE
赵晓轮,NONE
张良宾,NONE
郝江波,NONE
史建华,NONE
刘建民,NONE
赵威,高级工程师
叶华能,NONE
宁远喜,NONE
冯宝忠,NONE
张燕瑾,NONE
祁程,NONE
陈勇,高级工程师
安双荣,NONE
梁德根,NONE
龚成辉,NONE
安双荣,NONE
卢树春,高级经济师
孙杰,高级工程师
李久旭,高级工程师
陈健,NONE
夏清海,NONE
王涛,NONE
刘冠林,高级工程师
熊必琪,高级会计师
熊必琪,注册会计师
张继光,高级工程师
冯兆一,高级工程师
卢兴泉,高级政工师
陈德强,高级工程师
肖占鹏,NONE
池维怀,NONE
郑毅,NONE
张政,NONE
马文忠,高级经济师
梁会山,高级经济师
何献俊,NONE
王大壮,高级工程师
陶炜,NONE
曹克波,NONE
周昆山,高级经济师
杜少华,高级经济师
吴明夏,国务院特殊津贴
徐仲康,NONE
夏壮华,高级政工师
乔向明,高级工程师
郭迎辉,NONE
邱建林,高级经济师
邱建林,省劳动模范
方贤水,高级经济师
宋逸婷,高级经济师
吴党生,高级政工师
刘晓,NONE
张忠华,NONE
张道红,NONE
李元海,NONE
朱宪国,NONE
蔡星海,高级经济师
钱刚,高级工程师
俞亚鹏,高级工程师
俞亚鹏,国务院特殊津贴
俞亚鹏,市劳动模范
王天义,NONE
王义芳,高级工程师
王义芳,国务院政府特殊津贴
王义芳,政府特殊津贴
王义芳,省劳动模范
于勇,高级工程师
于勇,国务院政府特殊津贴
于勇,政府特殊津贴
于勇,全国劳动模范
黄培荣,高级经济师
文武,NONE
张国明,NONE
张雄,高级经济师
许环曜,NONE
肖志辉,高级工程师
戚桓,NONE
杨志茂,NONE
庞莉萍,NONE
吴大香,高级经济师
陈茂新,NONE
杨林,NONE
张旭,NONE
刘芝旭,高级经济师
刘芝旭,全国劳动模范
赵明,高级工程师
韦清文,高级经济师
曾德新,高级工程师
余子权,高级工程师
王三武,高级工程师
傅建国,NONE
曲丹时,高级工程师
张孝中,NONE
张桂平,省劳动模范
张希望,高级工程师
谢国胜,NONE
秦海员,NONE
刘少宇,NONE
王爱,NONE
赵启昌,NONE
林铭山,高级工程师
路寿山,高级工程师
李惠波,高级工程师
张奇,NONE
王文宗,高级工程师
吴永钢,高级经济师
刘龙宇,高级经济师
刘龙宇,国务院特殊津贴
刘龙宇,全国劳动模范
刘龙宇,省劳动模范
刘龙宇,市劳动模范
李大有,高级政工师
李大有,高级经济师
胡昌民,高级会计师
胡昌民,市劳动模范
罗丽娜,高级经济师
邱中伟,NONE
邓军民,高级工程师
杨国平,NONE
柯子亮,高级政工师
柯子亮,市劳动模范
王纪年,政府特殊津贴
尚衍国,高级会计师
姚锦龙,NONE
王东升,NONE
刘石祯,NONE
刘子斌,NONE
赵竟成,高级工程师
赖伟德,高级会计师
孙绍刚,高级工程师
吕常钦,高级工程师
凤良志,高级经济师
蔡咏,高级经济师
李福成,高级经济师
李福成,全国劳动模范
陈平,高级经济师
张晓彬,高级经济师
季年谊,NONE
刘永和,高级经济师
刘金城,高级工程师
黄其森,NONE
陈清洁,高级工程师
陈清洁,省劳动模范
申自强,高级经济师
陈中,NONE
靳宏荣,NONE
吴伟雄,NONE
邓传明,高级经济师
胡电铃,NONE
徐自力,高级工程师
富庶,NONE
杨克勤,高级经济师
顾玫,高级经济师
史强军,NONE
陆伟强,高级工程师
沈东进,高级工程师
吴文德,高级工程师
王梦飞,高级经济师
王跃宣,高级会计师
万建军,高级工程师
胡文强,高级工程师
李堂锁,NONE
蔡三定,高级政工师
颜冬,高级工程师
彭建武,NONE
李宗顺,NONE
马福安,NONE
庞为,NONE
张姿,NONE
谭京信,高级经济师
徐文财,NONE
杨德泉,高级工程师
陈肇雄,NONE
杨军,高级工程师
聂玉春,NONE
何明,NONE
何明,NONE
刘及响,NONE
蒋文胜,高级工程师
张雅锋,NONE
何春梅,NONE
侯宝泉,NONE
高良宾,NONE
许健,高级工程师
王明辉,NONE
王健,NONE
闫清江,NONE
朱煜煊,高级工程师
庄道火,NONE
庄文海,高级工程师
仝立祥,高级工程师
仝立祥,政府特殊津贴
卢辉生,高级经济师
王玉柱,NONE
贺端湜,高级经济师
郭琴,NONE
张代铭,高级经济师
穆昕,NONE
刘汝泉,高级工程师
李凯,NONE
姜阳,高级经济师
颜广彤,NONE
张健,高级工程师
罗涛,高级经济师
张克利,高级工程师
张克利,国务院政府特殊津贴
张克利,政府特殊津贴
汪爱群,高级政工师
汪爱群,高级经济师
汪爱群,全国劳动模范
刘聪,高级经营师
张锦松,高级经济师
郭桂华,高级经济师
管琪,NONE
陈旭晖,NONE
胡和建,NONE
张敏学,NONE
吉朋松,NONE
杨富年,NONE
刘晓疆,NONE
张营富,高级工程师
李墨华,高级工程师
于天忱,NONE
张晓芳,NONE
汪澍,NONE
赵忠民,高级经济师
肖永恩,NONE
曾泰,NONE
戴扬,NONE
张守斌,高级经济师
闫永明,NONE
刘立成,NONE
李建国,NONE
王光华,高级工程师
孟振平,高级会计师
王清文,NONE
贾斌,高级经济师
张锋,高级经济师
文生元,高级工程师
杨忠,高级经济师
高大成,高级经济师
孟祥凯,NONE
王向阳,高级工程师
唐军,高级工程师
方玉峰,NONE
刘选民,NONE
朴东洙,高级工程师
姜长龙,NONE
郭仁堂,高级政工师
李利平,高级经济师
王志伟,NONE
应刚,NONE
孙树明,NONE
邵渭敏,高级工程师
邵渭敏,全国劳动模范
孙勤,NONE
邱建刚,高级工程师
李晓明,高级工程师
李晓明,国务院政府特殊津贴
李晓明,政府特殊津贴
范英俊,高级工程师
范英俊,全国劳动模范
刘明忠,高级工程师
郭士进,高级工程师
罗钟杰,高级经济师
陈敏仪,NONE
江玉森,全国劳动模范
阮英,NONE
张振武,高级经济师
黄学文,NONE
孙国建,NONE
孙金国,高级经济师
张志,高级工程师
张志,国务院特殊津贴
陈柏森,NONE
梁广义,NONE
梁伟东,NONE
梁柏松,NONE
奚奎华,高级工程师
毕建国,高级工程师
胡运钊,高级经济师
杨泽柱,NONE
严规方,高级经济师
郝健,NONE
宋志平,高级工程师
宋志平,政府特殊津贴
宋志平,全国劳动模范
曹江林,NONE
王兵,NONE
张纯勇,NONE
戴泽宇,NONE
李国军,NONE
赵永凯,NONE
杨石根,高级经济师
魏新安,高级工程师
刘明寿,高级经济师
江尚文,高级工程师
彭旭东,NONE
赵卫青,NONE
周蕴瑾,NONE
王仁果,NONE
杨德茂,高级经济师
杨建忠,高级经济师
康海军,NONE
李宁平,高级经济师
安平绥,高级政工师
安平绥,高级经济师
郑长山,高级经济师
安平绥,高级政工师
安平绥,高级经济师
王兴富,高级工程师
王兴富,国务院特殊津贴
朱德华,NONE
温子健,NONE
汪方怀,NONE
程明远,高级经济师
杜建奎,高级工程师
许晓华,高级政工师
许晓华,高级经济师
许晓华,国务院特殊津贴
高建平,高级政工师
高建平,高级经济师
刘志强,NONE
田力维,NONE
何家福,NONE
张岭,NONE
张岭,NONE
郑建国,高级经济师
黄建民,高级政工师
黄建民,高级经济师
丘亮新,高级工程师
刘身利,NONE
吴湘峰,NONE
宗文峰,NONE
田家贵,NONE
刘虹,NONE
杨波,NONE
王新国,高级经济师
赵公微,NONE
江国金,NONE
马文兴,高级工程师
竺延风,高级工程师
徐建一,高级工程师
许宪平,高级工程师
汤东风,NONE
张钧,NONE
廖建明,高级经济师
霞晖,高级工程师
刘利华,市劳动模范
李伟,NONE
刘伟,NONE
熊震宇,高级经济师
宋歌,NONE
胡先成,NONE
陈虹宇,NONE
戴凌翔,高级经济师
胡先林,NONE
胡智奇,NONE
潘琦,NONE
顾勇彪,NONE
唐新林,NONE
代祖让,高级经济师
陈智,高级工程师
陈智,高级经济师
田永,高级工程师
杜世弘,高级工程师
封玮,NONE
韩广林,NONE
隋景宝,NONE
傅春意,高级经济师
石善博,NONE
王春城,NONE
向明,NONE
于元波,高级经济师
李增群,高级工程师
田晓康,高级经济师
田晓康,市劳动模范
袁汉源,NONE
袁汉源,NONE
唐翔千,NONE
张自强,NONE
王嫣红,高级政工师
王嫣红,高级经济师
武宪章,高级经济师
刘崇喜,高级经济师
王昆,NONE
高景春,NONE
严肃,高级会计师
严肃,注册会计师
张强,注册会计师
朱瑞龙,高级工程师
胡尔广,高级工程师
胡尔广,高级工程师
向志鹏,高级会计师
沈申成,高级工程师
张立君,高级工程师
陈世杰,高级经济师
张旭,NONE
曹阳,高级工程师
易风林,NONE
闫奎兴,高级工程师
黄景汉,高级工程师
王胜利,高级政工师
侯勇,高级政工师
李华,高级工程师
柏丹,高级工程师
柏丹,市劳动模范
廖卫东,NONE
齐秀成,NONE
陆剑斌,高级工程师
李恩明,NONE
孙友元,高级政工师
孙友元,高级经济师
孙友元,全国劳动模范
李健,NONE
肖庆周,NONE
刘建华,NONE
刘景孟,NONE
李云贵,高级会计师
汤全荣,NONE
李大淳,高级工程师
许统广,市劳动模范
刘玉堂,高级工程师
陈川平,高级工程师
李晓波,高级工程师
高祥明,高级工程师
高祥明,高级工程师
覃其贵,高级经济师
文一波,高级工程师
詹宗庆,高级工程师
钟旭堆,NONE
尹锦容,NONE
肖仁源,NONE
熊文祥,高级工程师
熊文祥,国务院特殊津贴
吴继光,高级经济师
黄绍文,NONE
张金成,NONE
许复活,高级经济师
李庆,NONE
李福利,NONE
焦健,NONE
赵勇,NONE
杨和荣,高级经济师
杨和荣,政府特殊津贴
黄振标,注册会计师
但昭学,NONE
郭鹰,注册会计师
章禾,高级经济师
王光友,NONE
常锋,注册会计师
李传荣,高级工程师
赵锐勇,NONE
寇纪淞,NONE
杜克荣,NONE
徐洪,NONE
邱世杰,高级经济师
邱世杰,省劳动模范
龙兴元,高级工程师
龙兴元,全国劳动模范
蔡挺,高级工程师
高建军,高级工程师
孙庆国,NONE
朱凤先,NONE
鲜先念,NONE
唐昌明,NONE
孙亚雷,NONE
罗宁,NONE
王宝林,高级经济师
管大源,高级经济师
华冠雄,高级经济师
詹灵芝,NONE
倪俊龙,高级工程师
濮江斌,NONE
付景林,高级经济师
张召平,高级政工师
耿宪良,高级工程师
邢平均,高级工程师
陈思,NONE
张增光,高级工程师
王国春,高级经济师
王国春,政府特殊津贴
唐桥,高级经济师
刘中国,高级经济师
郑忠勋,高级政工师
郑忠勋,高级经济师
郑忠勋,省劳动模范
杨林,高级会计师
钱军锋,NONE
赵文武,NONE
黄琼宜,NONE
黄琼宜,NONE
李维昌,高级经济师
王泽,NONE
柯朝南,高级政工师
邵建明,NONE
赵广生,高级工程师
何怀兴,高级工程师
王顺祥,高级工程师
许峰,高级工程师
黄勇,NONE
吴力,高级工程师
王长森,NONE
郑洋,NONE
黄辉,NONE
王志远,高级工程师
王江安,NONE
戴茂方,高级工程师
孙利强,高级经济师
马俊隆,高级工程师
徐元祥,高级经济师
王凤学,高级工程师
杨金光,高级经济师
原钢,高级工程师
周世平,高级工程师
陶新建,高级工程师
刘永好,NONE
陈春花,NONE
刘畅,NONE
张丽荣,高级经济师
孙双锐,高级经济师
李建伦,高级经济师
张丽荣,高级经济师
邹韶禄,高级工程师
刘才明,高级会计师
杨超,高级经济师
武建强,高级工程师
王清华,高级工程师
张卫东,NONE
武伟,NONE
谭旭光,高级经济师
谭旭光,全国劳动模范
徐宏,NONE
朱明义,高级政工师
范文明,高级经济师
刘路明,NONE
徐勇,NONE
赵国清,NONE
牛晓华,注册会计师
舒健,高级经济师
肖宏江,高级经济师
肖宏江,国务院政府特殊津贴
肖宏江,政府特殊津贴
赵海军,高级经济师
刘海峰,高级工程师
刘亮,NONE
闫万鹏,高级会计师
闫万鹏,注册会计师
蔡志端,高级工程师
郭海泉,高级工程师
张伟,NONE
邢福煌,高级经济师
林进挺,NONE
温国明,NONE
曾国华,NONE
洪理芳,高级经济师
张千水,NONE
夏鼎湖,高级工程师
夏鼎湖,全国劳动模范
马元祝,高级经济师
魏超,NONE
王福琴,NONE
刘宏,NONE
周建松,高级工程师
周建松,全国劳动模范
周建松,省劳动模范
刘礼华,高级工程师
刘礼华,省劳动模范
蒋纬球,高级经济师
覃辉,NONE
何家盛,注册会计师
钟君艳,NONE
魏长明,高级工程师
周千定,NONE
赖宁昌,NONE
侯勋田,NONE
赖宁昌,NONE
万隆,高级经济师
万隆,国务院政府特殊津贴
万隆,政府特殊津贴
万隆,全国劳动模范
张俊杰,NONE
万隆,高级经济师
万隆,国务院政府特殊津贴
万隆,政府特殊津贴
万隆,全国劳动模范
张继光,高级工程师
唐建宇,NONE
许立凡,高级工程师
华志忠,高级经济师
刘玠,高级工程师
刘玠,政府特殊津贴
张晓刚,高级工程师
姚林,高级工程师
姚迪明,高级工程师
马军,NONE
宋伟杰,NONE
金万升,高级政工师
殷兴良,NONE
高崇武,NONE
谢柏堂,高级经济师
张恩海,高级会计师
薛亮,NONE
郭友智,高级工程师
李立新,NONE
方玉根,高级经济师
冯德虎,NONE
梁勇,高级经济师
乔雨,NONE
杨才学,高级经济师
段华生,高级工程师
段华生,政府特殊津贴
段华生,全国劳动模范
李映昆,高级工程师
杨波,高级经济师
杨波,高级经济师
黄灵强,NONE
吴来传,NONE
柯东,NONE
刘平,高级经济师
张国强,高级经济师
袁仁军,NONE
凌磊伯,省劳动模范
彭深根,NONE
周达苏,NONE
张记山,高级经济师
荣十庆,高级经济师
王海,高级会计师
叶湘武,NONE
陈焕新,高级工程师
陈焕新,省劳动模范
章国经,高级经济师
陈兴康,高级经济师
陈晓龙,NONE
熊可模,高级工程师
李俊贵,高级工程师
李俊贵,高级工程师
肖凌,高级工程师
任晓善,高级工程师
邹仲平,NONE
宁忠培,高级工程师
林华中,高级工程师
林连娣,NONE
陈筱根,NONE
林华中,高级工程师
张居民,NONE
张永兵,NONE
张兆亮,NONE
刘长宽,高级经济师
郑海军,高级经济师
姜岩飞,NONE
龙秋云,NONE
吴新民,NONE
邹定民,NONE
熊再辉,NONE
张德潭,高级会计师
边华才,高级经济师
任潮龙,NONE
朱代银,NONE
倪忠翔,NONE
沈志龙,高级会计师
沈志龙,注册会计师
惠金根,高级工程师
惠金根,政府特殊津贴
惠金根,全国劳动模范
黄纪湘,NONE
汤业国,NONE
朱大萌,高级工程师
高志军,高级工程师
高志军,国务院特殊津贴
赵明,高级政工师
王建军,高级经济师
冯喜京,高级工程师
常战芳,高级工程师
梁树德,政府特殊津贴
王成剑,NONE
陈均,高级工程师
潘丽春,高级经济师
谭功炎,高级经济师
谭功炎,全国劳动模范
谭少群,高级工程师
刘清茂,高级工程师
竺延风,高级工程师
徐建一,高级工程师
许宪平,高级工程师
杨光,NONE
陆鹏程,高级工程师
杨纪强,全国劳动模范
杨世江,NONE
李荣杰,省劳动模范
岳国君,国务院政府特殊津贴
岳国君,政府特殊津贴
夏令和,NONE
岳国君,国务院政府特殊津贴
岳国君,政府特殊津贴
袁振宇,NONE
张贵林,高级工程师
许钟民,NONE
刘冰洋,NONE
周宁,NONE
侯占军,NONE
李效伟,高级经济师
曹慧泉,高级工程师
刘冬荣,国务院政府特殊津贴
刘冬荣,政府特殊津贴
李孟臻,高级工程师
张光建,高级工程师
张光建,高级政工师
张光建,政府特殊津贴
崔建友,高级经济师
唐月明,高级工程师
王铁国,NONE
黄灿文,NONE
包丽君,高级会计师
孙云丰,NONE
汤维清,NONE
刘庆法,高级工程师
刘庆法,高级政工师
王社平,高级工程师
郭周克,高级工程师
张成文,高级工程师
徐井宏,NONE
王济武,NONE
赵伟国,NONE
陈义龙,高级工程师
陈义龙,高级经济师
江海,高级工程师
陈义龙,高级工程师
陈义龙,高级经济师
李林芝,NONE
郑志刚,高级经济师
郑志刚,政府特殊津贴
郑南南,高级经济师
雷坚,高级工程师
陈玉林,高级工程师
陈玉林,政府特殊津贴
陈玉林,全国劳动模范
邵长金,高级工程师
王泉虎,高级经济师
曾中全,NONE
何平,高级工程师
王浩涛,NONE
于有德,高级工程师
何谧,高级工程师
何谧,国务院特殊津贴
何谧,全国劳动模范
何谧,省劳动模范
林志东,高级工程师
龚道夷,高级工程师
何元军,NONE
胡冬晨,高级工程师
汤广斌,高级工程师
李春啟,NONE
安楚玉,高级工程师
郭开铸,NONE
王庆福,高级经济师
李海平,高级经济师
李树朋,高级工程师
李德时,高级经济师
李德时,省劳动模范
王凯宏,高级经济师
李向东,NONE
李行宇,高级经济师
安建国,高级政工师
李固旺,NONE
罗冰生,高级工程师
罗冰生,高级经济师
毕群,NONE
朱继民,高级工程师
朱继民,高级经济师
总公司党委书记|董事长,NONE
王青海,高级工程师
靳伟,高级工程师
肖建明,高级政工师
杨超,高级经济师
雷毅,高级工程师
高文翔,高级工程师
汤发,NONE
赵明远,高级经济师
陈锦石,高级工程师
陈锦石,市劳动模范
何季麟,高级工程师
何季麟,国务院政府特殊津贴
何季麟,政府特殊津贴
何季麟,全国劳动模范
聂明亮,政府特殊津贴
钟景明,高级工程师
钟景明,国务院政府特殊津贴
钟景明,政府特殊津贴
张创奇,高级工程师
张创奇,国务院政府特殊津贴
张创奇,政府特殊津贴
李春光,高级工程师
李邦良,NONE
王忠琪,高级经济师
周宝泉,高级工程师
张威,NONE
沈钢,高级工程师
沈钢,高级政工师
孙亚宁,高级工程师
陆启洲,NONE
刘彭龄,NONE
李庆奎,高级工程师
汤方辉,高级工程师
张玉新,高级工程师
徐灿根,高级工程师
何剑锋,NONE
王良彦,高级工程师
王锁奎,NONE
殷瑞钰,NONE
干勇,高级工程师
干勇,国务院政府特殊津贴
干勇,政府特殊津贴
才让,高级工程师
才让,政府特殊津贴
才让,全国劳动模范
王震西,NONE
王震西,NONE
叶金堂,高级经济师
叶金堂,全国劳动模范
王永,NONE
唐常军,NONE
曹雨云,NONE
韦振宇,NONE
刘一,NONE
曾超,NONE
戴春智,NONE
曾超,NONE
姚彬捷,NONE
冯兆征,NONE
黄平,高级经济师
李曼莉,NONE
黄丙娣,注册会计师
李鸿铭,高级工程师
杨海飞,NONE
梁树相,NONE
罗伟,高级工程师
罗伟,国务院政府特殊津贴
罗伟,政府特殊津贴
罗伟,全国劳动模范
方振颖,NONE
余炎祯,NONE
王爱先,NONE
孙丕恕,NONE
张磊,NONE
陈青光,高级经济师
章熙骏,高级经济师
刘涛,NONE
汪德荣,NONE
吴立平,注册会计师
王永红,NONE
方汉佐,NONE
应建仁,高级经济师
燕根水,NONE
路有志,高级经济师
顾地民,高级工程师
侯羽乾,高级经济师
马生国,NONE
李卫东,NONE
梁兴保,高级政工师
车树春,高级政工师
武华太,高级工程师
金智新,高级工程师
薛道成,高级工程师
王玉宝,高级工程师
万志强,高级工程师
王一民,高级工程师
徐永宁,高级工程师
徐永宁,政府特殊津贴
郭振球,高级经济师
房向前,高级政工师
王延觉,NONE
马新强,NONE
熊新华,NONE
马新强,NONE
余克建,高级工程师
关继峰,NONE
魏锋,NONE
张峥,NONE
李振国,高级工程师
荣泳霖,NONE
龙大伟,NONE
周敦彬,NONE
郑其桂,NONE
罗红专,NONE
何邦恒,NONE
张斌,高级工程师
张景发,高级经济师
张力鑫,NONE
卢鸿毅,NONE
姜新,NONE
姜荣,NONE
姜新,NONE
胡钢,高级工程师
胡钢,国务院特殊津贴
田际榕,NONE
左连生,NONE
伍跃时,NONE
王炯,NONE
赵新先,NONE
乔世波,NONE
李福祚,NONE
王春城,NONE
徐怀忠,高级经济师
左宗申,NONE
王松龄,NONE
李兴佳,NONE
张文杰,NONE
殷建勇,高级经济师
张文杰,NONE
郑晓彬,高级工程师
孙承铭,高级工程师
胡柏藩,高级经济师
于在青,高级经济师
顾宏言,NONE
周奕丰,NONE
章卡鹏,高级经济师
张松山,高级工程师
王冬雷,NONE
孙建江,高级工程师
金越顺,NONE
安康,高级工程师
安康,国务院政府特殊津贴
安康,政府特殊津贴
高云峰,NONE
白开军,高级经济师
徐冠巨,高级经济师
姚新义,高级经济师
周才良,NONE
姚新义,高级经济师
葛亚飞,NONE
王白浪,高级经济师
王白浪,省劳动模范
赵键,NONE
叶跃源,高级经济师
计皓,高级工程师
朱熙成,政府特殊津贴
王承海,NONE
罗群辉,高级工程师
罗群辉,国务院政府特殊津贴
罗群辉,政府特殊津贴
王坚,国务院特殊津贴
江继忠,省劳动模范
赵方平,NONE
陈建忠,NONE
孙银龙,NONE
冯淑君,NONE
汪瑞敏,注册会计师
周曙光,NONE
廖立国,NONE
梁家荣,NONE
周忠国,高级工程师
周忠国,政府特殊津贴
庆祖森,高级经济师
庆祖森,政府特殊津贴
庆祖森,省劳动模范
谢平,全国劳动模范
孙晔,注册会计师
李勇,NONE
过鑫富,高级经济师
程先锋,NONE
吕钢,NONE
蔡开坚,NONE
李瑞元,高级经济师
马建成,NONE
唐伟国,高级工程师
李再春,高级工程师
李飚,高级经济师
张近东,NONE
曹军,NONE
李权忠,高级工程师
张兆勇,高级工程师
杨桂模,高级工程师
杨明燕,NONE
易贤忠,NONE
董增平,NONE
周连期,NONE
周少雄,NONE
何蕴韶,国务院政府特殊津贴
何蕴韶,政府特殊津贴
吴潮忠,高级经济师
吴潮忠,国务院特殊津贴
苏显泽,NONE
王云,NONE
和献中,NONE
单建明,高级经济师
单建明,市劳动模范
沈建军,NONE
单建明,高级经济师
单建明,市劳动模范
芮勇,NONE
黄文枝,高级工程师
潘叶江,NONE
石东明,NONE
张国君,高级经济师
韩盛龙,高级工程师
韩盛龙,政府特殊津贴
杨胜利,高级经济师
杨胜利,省劳动模范
周天爵,高级经济师
占必文,NONE
罗德丕,NONE
徐明波,高级工程师
徐明波,国务院特殊津贴
戴绍良,高级工程师
张志孝,高级经济师
耿元柱,高级工程师
王文琦,高级工程师
刘靖,NONE
刘靖,NONE
连维新,高级政工师
章俊,高级经济师
熊俊,NONE
李登海,国务院特殊津贴
毛丽华,市劳动模范
张国龙,高级工程师
孙伟挺,NONE
丁鸿敏,高级经济师
丁鸿敏,省劳动模范
张璞,高级经济师
葛秋,NONE
陆尔穗,高级工程师
俞熔,NONE
周海昌,省劳动模范
郝旭明,NONE
罗继伟,高级工程师
罗继伟,国务院政府特殊津贴
罗继伟,政府特殊津贴
吴宗彦,高级工程师
吴宗彦,国务院政府特殊津贴
吴宗彦,政府特殊津贴
梁波,高级工程师
古少明,高级经济师
古少波,高级工程师
古少波,高级经济师
周晓峰,NONE
阎永江,NONE
陆致成,NONE
赵伟国,NONE
张亚波,市劳动模范
张道才,高级经济师
张亚波,市劳动模范
徐建,高级工程师
徐建,政府特殊津贴
罗艳,高级工程师
罗艳,国务院政府特殊津贴
罗艳,政府特殊津贴
袁明,高级工程师
杨建东,NONE
吕庆胜,NONE
杨万华,高级工程师
黄冠雄,NONE
邱建民,NONE
何时金,高级工程师
何时金,高级经济师
何时金,全国劳动模范
王运敏,政府特殊津贴
洪石笙,高级工程师
洪石笙,政府特殊津贴
张华,NONE
李彧,NONE
彭少希,NONE
永树理,高级经济师
永树理,高级会计师
王冲,高级经济师
黄迪领,全国劳动模范
黄迪领,省劳动模范
李奎炎,高级工程师
张远方,NONE
徐春林,高级经济师
帅长斌,高级工程师
帅长斌,高级经济师
董星明,高级工程师
郑宏舫,高级经济师
郑宏舫,高级经济师
蒋晓华,NONE
陈利浩,NONE
尤小平,省劳动模范
杨从登,NONE
薛向东,高级工程师
曾大凡,高级工程师
曾大凡,政府特殊津贴
朱在龙,高级经济师
蔡景章,高级工程师
吴厚刚,高级工程师
许金和,高级经济师
许金和,全国劳动模范
许建成,NONE
朱剑峰,NONE
赵锐勇,NONE
赵锐均,NONE
周庆春,高级政工师
尉华,NONE
吴联模,NONE
袁仲雪,国务院政府特殊津贴
袁仲雪,政府特殊津贴
孙益源,高级工程师
孙益源,省劳动模范
李缜,NONE
俞蔚东,高级经济师
李敬华,NONE
韩大力,高级工程师
陆锦祥,高级经济师
何春生,高级经济师
柴国生,国务院特殊津贴
柴国生,省劳动模范
张静明,NONE
朱林华,NONE
林子文,高级经济师
李洪信,高级经济师
李洪信,全国劳动模范
吴念博,高级经济师
李新华,高级工程师
薛忠民,高级工程师
薛忠民,国务院政府特殊津贴
薛忠民,政府特殊津贴
倪林,高级工程师
陆志宝,高级经济师
陆志宝,市劳动模范
陆勋伟,NONE
孙日贵,高级经济师
陈爱莲,高级经济师
车轼,高级工程师
魏学柱,高级经济师
鹿成滨,高级经济师
张亦斌,NONE
葛宁,高级工程师
徐兵,NONE
王永成,高级经济师
谭秋斌,高级经济师
王洪欣,高级工程师
陈国鹰,NONE
隋榕华,高级工程师
陈索斌,NONE
孙德良,NONE
陈光正,高级经济师
陈光正,省劳动模范
李建华,NONE
何清华,国务院特殊津贴
施能坑,NONE
罗邦鹏,省劳动模范
罗煜竑,NONE
李维金,高级工程师
孙杨,NONE
杨焰,NONE
朱伟,NONE
邹剑佳,高级工程师
黎柏其,NONE
林福椿,高级工程师
林福椿,省劳动模范
林文昌,高级工程师
林文昌,省劳动模范
王利平,高级经济师
戴国平,NONE
钱云宝,高级经济师
张东阳,NONE
廖学金,NONE
王亚俊,高级工程师
臧卫东,NONE
赵丙贤,NONE
肖燕,省劳动模范
孟庆升,NONE
于新立,全国劳动模范
唐建安,NONE
陈团柱,高级工程师
王颖,高级工程师
卫才清,高级工程师
黎立璋,高级工程师
李光太,国务院政府特殊津贴
李光太,政府特殊津贴
李光太,市劳动模范
卢旭日,高级工程师
李庆国,高级工程师
林军华,高级经济师
赖淦锋,NONE
麦少军,NONE
许克昌,高级工程师
杨建兴,高级工程师
李越伦,NONE
陈鄂生,高级工程师
陈鄂生,国务院特殊津贴
禹春武,高级工程师
严晓俭,高级工程师
严晓俭,市劳动模范
王爱先,NONE
郭春生,高级工程师
郭春生,高级经济师
曹恩辉,注册会计师
郭春林,NONE
郑康定,高级经济师
黄新华,高级经济师
饶陆华,高级经济师
马兴法,市劳动模范
马成家,NONE
左强,高级工程师
吴天星,国务院特殊津贴
周红旗,高级经济师
谭新乔,NONE
徐小敏,NONE
柳维特,高级工程师
柳维特,市劳动模范
杨斌,NONE
张玉祥,NONE
董文学,高级工程师
王树东,高级工程师
刘政权,高级工程师
刘明胜,高级工程师
张旭光,高级工程师
沈浩平,高级工程师
沈浩平,国务院特殊津贴
沈浩平,市劳动模范
周和平,高级工程师
王相荣,NONE
谢保军,高级经济师
王鹤鸣,高级经济师
王轶磊,NONE
单长寿,高级工程师
关建华,高级经济师
由华东,高级经济师
曲德福,高级工程师
曲德福,高级政工师
郭明明,高级工程师
郭明明,高级经济师
袁菊兴,高级工程师
陈亚妹,NONE
袁金钰,NONE
武永强,NONE
丁叮,高级工程师
丁叮,国务院特殊津贴
吴光美,高级工程师
吴光美,国务院特殊津贴
诸建中,NONE
卢敏,NONE
陆华裕,高级会计师
金翔宇,省劳动模范
肖文革,NONE
沈国甫,高级政工师
沈国甫,高级经济师
方丁,高级政工师
李建锋,NONE
耿建明,高级工程师
钱森力,NONE
傅乐民,NONE
奚正平,高级工程师
奚正平,国务院政府特殊津贴
奚正平,政府特殊津贴
巨建辉,高级工程师
柳振江,高级经济师
周儒欣,NONE
赵友永,高级会计师
李仲初,NONE
周信忠,NONE
吴志泽,高级经济师
吴志泽,省劳动模范
杨开榜,高级工程师
陈建权,NONE
黄启富,NONE
石明达,高级工程师
石明达,国务院特殊津贴
李旭荣,NONE
周健,NONE
程凡贵,NONE
齐民,高级经济师
刘丹军,高级经济师
张平,高级工程师
张平,国务院特殊津贴
徐玉锁,高级工程师
陈光珠,NONE
费元文,NONE
余霄,高级会计师
朱强华,高级工程师
宋济隆,高级经济师
芮敬功,高级经济师
秦本军,NONE
姚新德,NONE
秦本军,NONE
陈潮钿,NONE
黄超华,NONE
李季科,高级工程师
李季科,国务院政府特殊津贴
李季科,政府特殊津贴
吕晓义,政府特殊津贴
任金生,NONE
纪晓文,NONE
李永喜,高级工程师
芮冬阳,高级工程师
李永喜,高级工程师
黄培钊,NONE
姜纯,高级工程师
姜纯,政府特殊津贴
徐利英,高级经济师
沈学如,高级经济师
陈夏英,NONE
陈海军,NONE
王安邦,NONE
林奇,NONE
彭朋,高级经济师
朱军,高级工程师
杨文江,NONE
胡黎明,NONE
常怀忠,高级工程师
李聚文,NONE
郭泽义,高级经济师
庞江华,高级工程师
庞江华,市劳动模范
汪东颖,NONE
梁汉辉,NONE
乔平,NONE
汤应武,NONE
顾涧清,NONE
梅小明,NONE
梅小明,NONE
周国辉,NONE
许泓,NONE
肖胜利,高级工程师
肖胜利,省劳动模范
姜俊贤,高级经济师
王志强,NONE
荀振英,NONE
王华俊,NONE
丁仁涛,NONE
韦中总,高级经济师
周鑫,NONE
张守启,高级工程师
王志亮,高级经济师
李智超,高级工程师
王广亚,高级工程师
程福波,高级工程师
张剑龙,高级工程师
乔鲁予,NONE
柯荣卿,NONE
吕向阳,NONE
邱亚夫,国务院政府特殊津贴
邱亚夫,政府特殊津贴
孟庆南,高级工程师
孟凡博,NONE
包叔平,NONE
张敏,NONE
曾胜强,NONE
陈泳洪,NONE
李庆跃,高级工程师
李庆跃,高级政工师
李庆跃,高级经济师
何学葵,高级经济师
郑亚光,NONE
杨槐璋,高级经济师
顾清波,高级经济师
顾清波,全国劳动模范
顾清波,省劳动模范
武钢,高级工程师
武钢,国务院特殊津贴
冯海良,高级工程师
冯海良,高级经济师
冯海良,省劳动模范
冯亚丽,高级经济师
冯亚丽,全国劳动模范
曹建国,市劳动模范
宋甲晶,高级工程师
宋甲晶,国务院特殊津贴
季公来,高级经济师
徐永平,高级经济师
徐永平,高级会计师
高利民,高级经济师
高利民,市劳动模范
秦勇,NONE
张光华,NONE
燕永义,高级工程师
王晓毅,高级工程师
张颂明,NONE
肖林,NONE
黄固喜,NONE
黄壮勉,NONE
朱德洪,NONE
何百祥,NONE
郑钟南,NONE
张慧民,NONE
许锦光,NONE
庞惠民,高级工程师
庞惠民,国务院政府特殊津贴
庞惠民,政府特殊津贴
卢柏强,NONE
陈泽民,NONE
陈南,NONE
王宜明,高级工程师
文开福,NONE
陈五奎,高级工程师
阙文彬,高级工程师
朱锦,NONE
段志平,高级工程师
周先敏,NONE
阙文彬,高级工程师
黄作庆,高级工程师
周一峰,NONE
陈辉,高级工程师
陈辉,国务院政府特殊津贴
陈辉,政府特殊津贴
吴光明,NONE
吴培生,高级经济师
刘百宽,高级工程师
熊立武,省劳动模范
冯忠波,NONE
许晓光,NONE
尤丽娟,NONE
王仁华,NONE
刘庆峰,高级工程师
杜方,NONE
徐建一,高级工程师
许宪平,高级工程师
钟烈华,NONE
孙希民,省劳动模范
张杰,NONE
傅利泉,NONE
王信恩,高级经济师
吕建杰,NONE
郑鼎文,NONE
王进飞,高级经济师
李建华,省劳动模范
李建华,市劳动模范
梁斌,高级经济师
王天广,注册会计师
姜滨,省劳动模范
王旭宁,NONE
李真,NONE
陈志升,高级会计师
曹海成,高级经济师
王楚,高级工程师
曹海成,高级经济师
戚金兴,高级经济师
戚金兴,省劳动模范
沈学如,高级经济师
温刚,高级工程师
周德良,高级工程师
李春建,高级工程师
张金鹏,高级工程师
崔敬学,高级工程师
姜飞雄,高级经济师
汤世贤,NONE
郭洪君,高级政工师
李壮,NONE
刘永强,NONE
鲁楚平,NONE
牟金香,NONE
王填,NONE
郑跃文,高级经济师
陈杰,NONE
刘应明,NONE
游志胜,政府特殊津贴
朱敏英,高级工程师
孙茂健,NONE
徐元生,高级经济师
陈永弟,NONE
郭健,NONE
汤薇东,NONE
陈永弟,NONE
李天理,高级工程师
黄晓忠,国务院政府特殊津贴
黄晓忠,政府特殊津贴
高文,NONE
江昌政,高级工程师
简伟文,NONE
甘卫民,NONE
李新宇,高级工程师
李新宇,高级工程师
张忠革,高级工程师
孙彭生,NONE
黄水寿,高级经济师
黄水寿,全国劳动模范
黄水寿,省劳动模范
黄飞刚,高级经济师
陈志程,NONE
周文贵,NONE
上官常川,NONE
武林,高级会计师
闫飞,高级工程师
周治平,高级工程师
魏占志,高级工程师
薛桓,高级工程师
高辛平,高级工程师
孙毅,高级经济师
袁小宁,NONE
郝晓晨,高级工程师
罗天文,高级工程师
罗天文,政府特殊津贴
罗天文,省劳动模范
罗天文,市劳动模范
黄月江,高级工程师
李成刚,高级工程师
周成建,NONE
李胜军,NONE
肖毅,NONE
李卫国,市劳动模范
罗丽华,高级经济师
罗永忠,高级经济师
林敏,NONE
朱郁健,高级经济师
邹节明,政府特殊津贴
邹节明,全国劳动模范
潘水苗,高级工程师
张珊珊,NONE
顾春序,高级经济师
何若虚,NONE
胡子敬,高级经济师
胡子敬,国务院政府特殊津贴
胡子敬,政府特殊津贴
顾正,高级工程师
孙晔,注册会计师
赵福君,NONE
徐智勇,NONE
何志涛,NONE
童国华,高级工程师
鲁国庆,高级工程师
陈怀荣,高级工程师
邢运波,高级经济师
黄伟潮,高级经济师
黄伟中,NONE
陈劲松,NONE
刘宗利,高级工程师
刘宗利,国务院政府特殊津贴
刘宗利,政府特殊津贴
雷菊芳,高级工程师
梁俊丰,NONE
梁健锋,NONE
魏连速,NONE
肖建学,NONE
赵东明,NONE
蔡东青,NONE
薛伟成,高级经济师
叶澄海,NONE
冯境铭,NONE
张军,NONE
李海鹰,NONE
蒋辉珍,NONE
易茂中,国务院政府特殊津贴
易茂中,政府特殊津贴
刘文胜,NONE
束龙胜,高级工程师
傅光明,全国劳动模范
陈钦鹏,NONE
张智峰,高级工程师
徐建林,高级工程师
吴文贵,高级工程师
王海鹏,NONE
张珍义,NONE
杨廷栋,高级工程师
杨廷栋,高级经济师
杨廷栋,国务院特殊津贴
杨廷栋,全国劳动模范
杨廷栋,省劳动模范
张雨柏,高级经济师
王耀,高级工程师
许晓明,高级经济师
夏进,NONE
许晓明,高级经济师
孟凯,NONE
万钧,NONE
王禹皓,NONE
朱建国,高级工程师
朱建国,政府特殊津贴
朱建国,高级工程师
朱建国,政府特殊津贴
张杰,高级会计师
王柏兴,高级经济师
龚茵,注册会计师
王柏兴,高级经济师
何巧女,高级经济师
薛华,NONE
补建,NONE
王文生,NONE
韩桂茂,高级工程师
田俊彦,NONE
沈锦华,NONE
叶琼,高级工程师
叶琼,国务院特殊津贴
王永彬,高级工程师
张绍日,NONE
周志江,高级经济师
周志江,高级经济师
张彬贤,NONE
林毅,NONE
曹家富,高级政工师
曹家富,高级经济师
曹家富,省劳动模范
余艇,NONE
周方洁,NONE
季奎余,高级经济师
陆永,高级工程师
周文,高级工程师
周文,市劳动模范
金敬德,高级工程师
金敬德,国务院政府特殊津贴
金敬德,政府特殊津贴
刘年新,NONE
王莺妹,高级经济师
林国芳,NONE
宋伯康,NONE
宋琳,NONE
黄嘉棣,高级经济师
黄嘉棣,市劳动模范
郑和平,高级经济师
郑和平,全国劳动模范
郑思敏,NONE
王中胜,NONE
金敬德,高级工程师
金敬德,国务院政府特殊津贴
金敬德,政府特殊津贴
黄申力,NONE
陈建平,高级工程师
陈建平,省劳动模范
陈成辉,国务院特殊津贴
陈成辉,全国劳动模范
陈成辉,省劳动模范
何金明,NONE
张芝泉,高级工程师
张建浩,高级工程师
史航,高级工程师
宣明,NONE
贾平,NONE
杨志强,NONE
许开华,NONE
侯毅,NONE
杨建忠,高级经营师
杨建忠,全国劳动模范
朱善忠,NONE
沈云平,NONE
马中骏,NONE
任有法,高级经济师
廖木枝,NONE
陆仁军,高级经济师
陆仁军,市劳动模范
邰正彪,NONE
杨旭恩,NONE
朱春林,高级工程师
张新育,高级工程师
张文东,NONE
刘冀鲁,NONE
孙伟杰,NONE
朱晔,NONE
王嘉民,NONE
高赫男,NONE
王磊,NONE
陈曙光,NONE
李亿中,NONE
楚金甫,高级工程师
楚金甫,高级经济师
杨合岭,NONE
赵长水,NONE
郝晓晖,NONE
李韶军,NONE
张云升,高级工程师
张云升,全国劳动模范
刘志坚,高级经济师
刘迎建,高级工程师
张海燕,市劳动模范
朱国锭,NONE
陈勇,NONE
罗志中,NONE
王雪欣,NONE
王友林,高级工程师
王友林,高级经济师
王友林,市劳动模范
刘爱民,高级工程师
李建明,高级工程师
田昱,NONE
夏传武,NONE
吕旭幸,NONE
陈尧根,高级经济师
杨文良,高级工程师
王彦伶,NONE
张劲松,高级会计师
金红阳,高级经济师
陈俭,政府特殊津贴
彭小军,NONE
李超勇,NONE
赵余粮,NONE
李超勇,NONE
夏曙东,NONE
孙世尧,NONE
孙鲲鹏,NONE
丁欣欣,高级经济师
丁海富,高级工程师
丁海富,高级经营师
门洪强,高级经济师
丛强滋,国务院特殊津贴
高庆寿,高级工程师
高庆寿,高级工程师
黄泽兰,NONE
于荣强,高级工程师
刘国耀,高级工程师
沈耿亮,NONE
沈耿亮,NONE
李振平,NONE
刘文静,高级工程师
郭信平,NONE
袁永刚,NONE
邵根伙,NONE
肖池权,高级政工师
肖池权,高级经济师
肖池权,国务院政府特殊津贴
肖池权,政府特殊津贴
罗云,高级工程师
罗云,高级经济师
罗云,国务院政府特殊津贴
罗云,政府特殊津贴
罗云,全国劳动模范
林秀浩,NONE
程涛,NONE
王殿甫,高级工程师
许伟明,NONE
许雷宇,NONE
邵雨田,NONE
邵奕兴,NONE
张观福,高级工程师
于国权,高级经济师
赵继增,高级工程师
赵继增,国务院政府特殊津贴
赵继增,政府特殊津贴
孙宝卫,高级经济师
郑洁,高级工程师
孔祥军,高级经济师
薛庆龙,高级经济师
唐炳泉,高级经济师
唐炳泉,市劳动模范
黄奕豪,高级工程师
姜天武,NONE
蔡永太,高级工程师
蔡永太,国务院政府特殊津贴
蔡永太,政府特殊津贴
李锂,NONE
戴书华,NONE
陈钿隆,NONE
沈以华,政府特殊津贴
周群,高级工程师
刘建伟,NONE
陈合林,NONE
周国建,NONE
芮晓武,政府特殊津贴
吴劲风,高级工程师
刘延生,NONE
李世江,高级经济师
车成聚,NONE
沈琦,高级经济师
刁志中,NONE
周新基,高级经济师
周新基,注册会计师
刘令安,NONE
黄小平,高级经济师
黄立,高级工程师
黄立,政府特殊津贴
陈宗年,高级工程师
黄文辉,NONE
黄国英,NONE
周世平,NONE
陈汉康,高级经济师
吴光权,高级会计师
赖伟宣,高级会计师
刁伟程,高级工程师
冼燃,NONE
丁金铎,NONE
熊海涛,NONE
刘磅,高级工程师
刘革新,高级工程师
刘革新,全国劳动模范
李宗樵,高级工程师
姜伟,高级工程师
郑合明,NONE
高玉根,NONE
曹海峰,NONE
茅惠新,NONE
包文东,高级经济师
顾伟,NONE
蒋明,高级经济师
吴桂昌,高级工程师
刘毅,NONE
柯树泉,NONE
黄河清,高级经济师
郁霞秋,高级经济师
邱醒亚,NONE
朱吉满,NONE
吴建新,高级工程师
吴建新,高级经济师
王佳,NONE
阮加根,高级经济师
阮静波,NONE
吴开贤,NONE
刘江山,NONE
沈淦荣,高级经济师
仇建平,NONE
陈少忠,高级经济师
杨华,NONE
刘德群,NONE
薛德龙,高级经济师
王垚浩,高级工程师
何勇,NONE
钟玉,高级工程师
问泽鸿,NONE
问泽鑫,NONE
马孝武,高级工程师
徐仁华,NONE
徐敏,NONE
陈福成,NONE
陈福泉,NONE
郑铁江,高级经济师
蔡荣军,高级工程师
陈家兴,高级经济师
曹积生,NONE
朱新生,高级工程师
李良彬,高级工程师
方贵权,NONE
丁元伟,NONE
续文利,NONE
方幼玲,NONE
郑玉芝,NONE
杨海洲,NONE
蒋卫平,高级经济师
李小龙,NONE
王绍东,注册会计师
曲思秋,高级工程师
万连步,高级工程师
万连步,国务院特殊津贴
杨飞,高级经济师
吴长鸿,NONE
杨宁恩,高级经济师
胡宜东,NONE
鲁峰,NONE
王来春,NONE
夏春良,高级经济师
侯建芳,NONE
曹坚,NONE
孙庆炎,高级经济师
吴斌,高级经济师
张杰,NONE
黄志明,高级经济师
黄志明,全国劳动模范
杨君敏,NONE
叶远西,高级经营师
范志全,高级工程师
吴建,NONE
陈卫东,高级工程师
陈卫东,高级经济师
王桂波,NONE
陈玉剑,国务院特殊津贴
陈玉剑,省劳动模范
黄伟国,NONE
金鑫,NONE
孙金国,NONE
孙锋峰,NONE
谢建勇,NONE
张恩荣,NONE
沈小平,高级经济师
钱慧芳,高级经济师
王青运,NONE
李水荣,高级经济师
李水荣,省劳动模范
贺国英,NONE
林平涛,NONE
仲汉根,高级经济师
仲汉根,省劳动模范
郑戎,高级经济师
郑戎,省劳动模范
高欣,高级工程师
高欣,高级经济师
高欣,省劳动模范
张思夏,高级经济师
张华凯,高级工程师
张华凯,省劳动模范
陈沛云,高级工程师
宋七棣,高级工程师
张广慧,NONE
侯巍,NONE
王民,高级工程师
王民,省劳动模范
郭卓才,NONE
马鸿,NONE
沈建平,NONE
何宁,高级工程师
陈黎明,NONE
朱德宇,NONE
彭继泽,NONE
倪开禄,高级工程师
周斌全,NONE
任建华,NONE
任富佳,NONE
陈秀玉,高级经济师
胡津生,高级经济师
胡津生,市劳动模范
常世平,高级工程师
常世平,政府特殊津贴
邓颖忠,NONE
蔡小如,NONE
杨振华,高级经济师
陈东,NONE
施延军,NONE
沈介良,高级经济师
林祥加,NONE
王悦,NONE
刘程宇,NONE
吴建明,高级工程师
吴建明,高级经济师
王本善,NONE
李学峰,NONE
陈大魁,NONE
陈健,NONE
成固平,NONE
周永麟,NONE
赵笃学,省劳动模范
纪德法,高级工程师
纪德法,市劳动模范
李良光,高级工程师
李良光,国务院特殊津贴
朱文明,NONE
严俊旭,NONE
许敏田,高级经济师
吴学愚,NONE
吴南平,NONE
郭现生,高级经济师
孙耀志,国务院特殊津贴
孙耀志,全国劳动模范
刘国平,NONE
金国清,高级政工师
牟嘉云,高级工程师
周福海,NONE
商晓波,NONE
吴延炜,高级工程师
卢础其,NONE
叶远璋,高级工程师
何可玉,高级工程师
何可玉,高级政工师
史学海,NONE
韩玉辉,NONE
韩方如,高级经济师
胡敏,高级工程师
孙洁晓,NONE
陈俊海,NONE
祝恩福,NONE
王耀方,高级工程师
王耀方,高级经济师
王耀方,国务院特殊津贴
梁桂秋,NONE
朱宝松,高级经济师
史建伟,高级经济师
黄松,高级工程师
吴绪顺,NONE
吴卫东,NONE
李永东,NONE
陈先保,全国劳动模范
陈先保,省劳动模范
陈先保,市劳动模范
彭建虎,NONE
吉素琴,高级会计师
史万福,高级经济师
史万福,市劳动模范
高云颂,高级政工师
喻月明,高级经营师
钱志达,高级经济师
邱光和,高级经济师
陈玉忠,NONE
张益胜,高级工程师
陶一山,高级经济师
陶一山,国务院特殊津贴
陶一山,高级经济师
陶一山,国务院特殊津贴
刘晓东,NONE
陈建飞,NONE
王建军,NONE
陈建飞,NONE
谢宏,NONE
朱德宇,NONE
黄小强,NONE
王振泰,NONE
施卫东,NONE
江淦钧,NONE
张开元,NONE
虞兔良,NONE
虞兔良,NONE
林伟章,NONE
姜煜峰,高级经济师
黄天火,高级经济师
黄天火,省劳动模范
黄天火,市劳动模范
杨林,NONE
宋斌,高级工程师
高庆昌,高级经济师
高庆昌,市劳动模范
于秀媛,NONE
潘爱华,NONE
石聚彬,高级经济师
石聚彬,全国劳动模范
陈清州,NONE
黄伟波,NONE
黄伟鹏,NONE
吴培服,NONE
冯全宏,高级工程师
冯全宏,高级政工师
吴涵渠,高级工程师
高文班,NONE
韩旭,NONE
陈利祥,NONE
朱星河,高级工程师
朱星河,政府特殊津贴
朱星河,省劳动模范
顾瑜,高级经济师
吴子文,NONE
王传福,高级工程师
王传福,国务院特殊津贴
张恭运,高级工程师
张恭运,市劳动模范
张海林,NONE
杨迎春,NONE
方润刚,NONE
胡柏林,NONE
贾春琳,NONE
汪南东,NONE
许刚,NONE
许刚,NONE
王苗通,市劳动模范
吴以岭,NONE
程少博,高级经济师
姚文琛,NONE
刘桂雪,NONE
窦刚,NONE
周夏耘,高级经济师
周夏耘,省劳动模范
周夏耘,高级经济师
周夏耘,省劳动模范
王军民,NONE
王树华,NONE
张顺福,NONE
唐健,NONE
邹承慧,NONE
唐灼林,NONE
申东日,NONE
高学明,高级工程师
邹剑寒,NONE
吕强,高级经济师
何启强,NONE
鲁小均,NONE
鲁永,NONE
刘萍,NONE
吕仁高,高级经济师
李介平,NONE
俞建模,NONE
吕永祥,高级工程师
吕永祥,国务院特殊津贴
吕永祥,省劳动模范
吕兰,高级经济师
李刚,高级工程师
李刚,全国劳动模范
林金锡,NONE
陈根财,NONE
池宇峰,NONE
俞龙生,NONE
江斌,NONE
董新利,高级经济师
柳兵,NONE
郑渝力,高级工程师
周维刚,高级工程师
钱忠良,高级经济师
汪建军,NONE
黎仁超,高级工程师
汝继勇,NONE
胡智彪,NONE
何全波,高级经济师
陶建伟,NONE
王春生,NONE
韩涛,NONE
洪树鹏,高级工程师
方银军,高级工程师
李旭亮,NONE
陈永洪,NONE
林汝捷1,NONE
杨建新,省劳动模范
张建均,高级工程师
张建均,高级经济师
张建均,省劳动模范
卢震宇,NONE
王东辉,NONE
赵凤岐,高级工程师
贾朝民,高级经济师
李云鹏,NONE
胡士勇,高级经济师
李银会,NONE
戚建萍,高级经济师
章利全,NONE
闫伟,NONE
杨卫东,高级经济师
王斌,NONE
杨振,高级经济师
何亚民,NONE
胡卫林,NONE
王俊民,NONE
李志江,NONE
赵笃仁,高级工程师
林永飞,NONE
朱烨东,高级工程师
敖小强,高级工程师
陈禹,高级工程师
顾永德,NONE
陈克明,NONE
李璟瑜,NONE
涂善忠,NONE
尹兴满,NONE
黄文佳,NONE
徐咸大,NONE
杨永柱,高级工程师
杨永柱,国务院特殊津贴
蔡拾贰,NONE
赵国栋,NONE
陆企亭,高级工程师
姚其胜,高级工程师
罗桥胜,NONE
谢基柱,NONE
杜力,NONE
刘长杰,高级经济师
张维仰,NONE
刘建武,高级经济师
吴华春,高级经济师
由守谊,NONE
王世孝,NONE
李鹏志,NONE
夏志生,高级工程师
夏志生,市劳动模范
王润培,NONE
施少斌,高级工程师
王国熙,高级工程师
刘良文,NONE
高俊芳,高级经济师
高俊芳,高级会计师
肖奋,NONE
王跃荣,高级经济师
王跃荣,省劳动模范
王跃荣,市劳动模范
郑炳旭,高级工程师
陈乐伍,高级经济师
翁耀根,高级经济师
章启忠,NONE
池方燃,NONE
王东晓,NONE
康宝华,NONE
田明,NONE
许三军,高级工程师
王守兴,NONE
冯帆,NONE
杨小明,NONE
俞国平,高级经济师
王成栋,NONE
任永明,NONE
徐桂芬,高级经济师
徐桂芬,全国劳动模范
孙忠义,NONE
曹世如,高级经济师
邓喜军,高级工程师
赵小强,NONE
周举东,NONE
周云杰,NONE
滕用雄,高级经济师
张世权,高级经济师
郭建刚,NONE
任思龙,NONE
冯滨,NONE
程上楠,NONE
徐金富,NONE
陈礼豪,NONE
朱明虬,NONE
陈辉,NONE
秦英林,NONE
张弢,高级工程师
张弢,国务院政府特殊津贴
张弢,政府特殊津贴
曹永贵,NONE
尹洪卫,NONE
时沈祥,NONE
李勇,高级经济师
钟葱,NONE
陆挺,NONE
田畴,省劳动模范
蒋小荣,NONE
周明杰,NONE
林仙明,市劳动模范
宫明杰,市劳动模范
阮鸿献,NONE
许丹青,NONE
黄汉侨,NONE
黄舒婷,NONE
石碎标,NONE
郭英杰,NONE
黄宣,NONE
张华农,NONE
李明,NONE
李新生,NONE
王进军,NONE
何如,高级会计师
关彦斌,全国劳动模范
刘新国,高级工程师
张霖,注册会计师
苏日明,NONE
郑创发,NONE
潘先文,NONE
杨俊斌,高级经济师
孙清焕,NONE
王寿纯,市劳动模范
吴波,NONE
刘宜云,高级经济师
颜昌绪,高级工程师
樊献俄,NONE
刘梦龙,NONE
刘东良,NONE
陈会利,高级工程师
高兴江,高级经济师
高兴江,省劳动模范
詹谏醒,NONE
钱木水,NONE
吴锡盾,NONE
陈宗明,高级工程师
陈晓,NONE
陈军,NONE
林浩亮,NONE
吕兴平,NONE
朱堂福,NONE
肖行亦,NONE
高建成,高级工程师
石义民,NONE
王爱国,NONE
陈书智,NONE
张清海,全国劳动模范
胡小周,NONE
陶军,全国劳动模范
陶军,省劳动模范
柯尊洪,高级工程师
柯尊洪,市劳动模范
李从文,高级会计师
陈伟雄,NONE
李慧霞,高级工程师
李慧霞,国务院政府特殊津贴
李慧霞,政府特殊津贴
许汉祥,市劳动模范
吴明根,NONE
张恒,NONE
叶家豪,NONE
肖铿,NONE
邵兴祥,高级政工师
邵兴祥,高级经济师
邵兴祥,国务院特殊津贴
邵兴祥,省劳动模范
邵兴祥,市劳动模范
胡精沛,NONE
刘金柱,NONE
李炳兴,高级经济师
吴金祥,NONE
刘海云,NONE
罗远良,NONE
白宝鲲,NONE
吴中林,NONE
于德翔,高级工程师
王宁,NONE
孙建科,国务院特殊津贴
蒲忠杰,高级工程师
杨泽文,NONE
杨子善,NONE
盛发强,NONE
邱宇,NONE
任红军,高级工程师
刘楠,NONE
宋礼华,NONE
池燕明,NONE
顾庆伟,NONE
万峰,NONE
王雅军,NONE
刘金成,NONE
陈邦,NONE
王代雪,NONE
刘成彦,NONE
邓志刚,高级工程师
王跃林,高级工程师
王跃林,国务院特殊津贴
王辉,高级工程师
王辉,高级经济师
吴越,高级工程师
王栋,高级工程师
王栋,国务院政府特殊津贴
王栋,政府特殊津贴
王栋,省劳动模范
王新明,NONE
王新明,NONE
赵敏,高级工程师
王天然,国务院政府特殊津贴
王天然,政府特殊津贴
王天然,省劳动模范
王越超,NONE
于海斌,NONE
程小彦,NONE
姚小青,市劳动模范
王忠军,NONE
周旭辉,高级工程师
董昱坤,NONE
冯金生,NONE
孙利,NONE
邓冠华,NONE
包志方,NONE
金绍平,NONE
易峥,NONE
干勇,高级工程师
干勇,国务院政府特殊津贴
干勇,政府特殊津贴
才让,高级工程师
才让,政府特殊津贴
才让,全国劳动模范
余新,NONE
钟耳顺,NONE
覃九三,NONE
张志勇,高级经济师
刘宜善,NONE
李寅,高级工程师
章锋,高级经济师
邓国顺,高级工程师
邓国顺,国务院特殊津贴
邓国顺,政府特殊津贴
成晓华,高级工程师
石桂生,NONE
陈雁升,NONE
周勇,高级工程师
高小离,NONE
邢雁,高级工程师
陈友,NONE
刘锦成,高级经济师
王冠一,高级经济师
王耘,NONE
龚少晖,NONE
李瑞杰,NONE
朱双全,NONE
王飘扬,NONE
郭勇,NONE
罗祥波,NONE
杜成城,NONE
杜成城,NONE
赵文权,NONE
其实,NONE
费铮翔,NONE
陈添旭,NONE
冯毅,NONE
郭留希,高级工程师
申万秋,NONE
童保华,NONE
纪立军,NONE
王海光,NONE
赵坚,高级经济师
文剑平,高级工程师
刘伟,NONE
刘雷,NONE
张建良,NONE
蒋开喜,国务院政府特殊津贴
蒋开喜,政府特殊津贴
刘焱,高级工程师
吴强华,高级工程师
郭启寅,高级经济师
刘晋平,NONE
罗昭学,NONE
路楠,NONE
郑海涛,NONE
宋贺臣,NONE
孙毅,高级经济师
孟宪民,高级工程师
朱建民,NONE
窦剑文,NONE
陈向军,NONE
洪江游,NONE
张琴,高级经济师
李焕义,高级经济师
陈奇,NONE
蔡廷祥,NONE
开晓胜,高级经济师
季伟,高级经济师
何杰,NONE
林祯华,NONE
庄大建,高级工程师
庄大建,高级经济师
庄大建,国务院特殊津贴
李忠,省劳动模范
聂景华,高级经济师
古培坚,NONE
张曦,NONE
谭永良,高级工程师
刘双广,NONE
黄自伟,高级工程师
邬建斌,NONE
莫晓宇,NONE
邓电明,NONE
王维勇,NONE
孙建西,NONE
贾跃亭,NONE
王雨蓬,国务院特殊津贴
关晓春,高级工程师
汤得军,高级会计师
汤得军,注册会计师
唐超雄,高级会计师
徐义民,NONE
朱守琛,省劳动模范
卢忠奎,高级经济师
卢忠奎,市劳动模范
杨海江,NONE
方华生,NONE
梁富友,NONE
吴建龙,NONE
俞相明,NONE
傅宇晨,NONE
华勇,NONE
康学军,高级工程师
陈奇星,NONE
郭鸿宝,NONE
田家玉,市劳动模范
林海峰,市劳动模范
李守军,国务院特殊津贴
董树林,高级经济师
王传华,高级工程师
王文博,NONE
蒋仁生,NONE
李跃先,高级工程师
朱兴明,NONE
刘群,NONE
阎克伟,NONE
何启贤,高级工程师
赖建清,NONE
吴明厅,高级经济师
戴炎,省劳动模范
戴炎,市劳动模范
富国平,NONE
柳志成,NONE
刘祥,NONE
胡庆周,NONE
柯维龙,NONE
傅梅城,NONE
孙尚传,NONE
周德洪,NONE
彭浩,NONE
李玉国,高级工程师
卢庆国,NONE
罗汉章,NONE
程毅,NONE
赵友安,高级工程师
周宜,高级工程师
姚建华,NONE
李云春,NONE
叶运寿,NONE
黄巧灵,高级经济师
沈金浩,NONE
梁允超,NONE
王永辉,NONE
肖志鸿,省劳动模范
曾宪经,NONE
牛俊杰,NONE
李焕昌,高级工程师
王文举,高级工程师
贾红生,高级工程师
邱光,NONE
张波,NONE
王利品,NONE
吴道洪,NONE
孙庚文,高级工程师
李安平,高级经济师
李安平,全国劳动模范
周卫华,国务院政府特殊津贴
周卫华,政府特殊津贴
卢秀强,NONE
陈吉红,国务院特殊津贴
李漫铁,高级工程师
卢先锋,NONE
张国桉,NONE
刘召贵,国务院政府特殊津贴
刘召贵,政府特殊津贴
管连平,NONE
季刚,NONE
史一兵,政府特殊津贴
史一兵,全国劳动模范
吕泽伟,高级经济师
吴海宙,NONE
范建震,NONE
陈迪清,NONE
郑效东,NONE
王政福,高级工程师
王政福,高级经济师
郭景松,NONE
卢元健,NONE
戚大广,NONE
卢楚隆,NONE
钟百胜,NONE
廖定海,高级工程师
钟百胜,NONE
方海江,高级经济师
方海江,高级经济师
尤小平,省劳动模范
俞有强,高级经济师
徐子泉,NONE
崔健,NONE
司兴奎,高级工程师
刘正军,NONE
刘祥南,NONE
黄培劲,国务院特殊津贴
李月中,NONE
周锦明,NONE
吴贤良,NONE
徐爱平,NONE
汪天祥,NONE
汪天祥,NONE
李莉,高级经济师
杨国文,高级经济师
刘水,NONE
陈志江,高级工程师
陈志江,市劳动模范
曾少贵,高级经营师
王子平,NONE
丁剑平,高级工程师
柳长庆,省劳动模范
王健,NONE
叶华俊,NONE
周志文,NONE
张新访,NONE
张浩,NONE
王明旺,NONE
贾全臣,NONE
陈进,NONE
郭松森,NONE
齐广田,NONE
王振洪,NONE
韩建国,高级工程师
韩建国,国务院特殊津贴
林菁,NONE
赵东日,省劳动模范
胡德霖,高级工程师
刘祥华,高级工程师
谭荣生,NONE
姚和平,高级工程师
姚和平,注册会计师
姚和平,国务院特殊津贴
姚和平,省劳动模范
李国平,NONE
梁伟,NONE
梁萍,NONE
谭颂斌,NONE
黄明松,NONE
刘强,NONE
秘波海,高级经济师
秘波海,省劳动模范
吴国政,NONE
朱军红,NONE
侯若洪,NONE
邬品芳,高级经济师
李渝勤,NONE
史佩浩,NONE
詹立雄,NONE
林洺锋,NONE
赵叶青,NONE
邢翰学,高级工程师
黄元忠,NONE
王福祥,NONE
张磊,NONE
朱卫平,NONE
王军,高级经济师
沈黎明,高级经济师
龚伟斌,NONE
周建林,NONE
周仕斌,高级经济师
陈海斌,NONE
陆文雄,NONE
燕金元,高级工程师
金道明,高级经济师
杨维国,高级经济师
孙屹峥,NONE
洪爱金,NONE
王长田,NONE
黄昌华,NONE
周炜,高级工程师
周炜,高级经济师
翁占国,NONE
高树华,高级工程师
王先玉,NONE
曹克坚,NONE
夏汉关,高级工程师
夏汉关,高级经济师
夏汉关,国务院特殊津贴
费战波,NONE
张春霖,NONE
李占明,高级经济师
陈坤江,NONE
张强,高级经济师
张强,省劳动模范
张强,高级经济师
张强,省劳动模范
张忠,高级工程师
周立武,NONE
帅放文,NONE
龚永福,市劳动模范
卢建之,NONE
刘虎军,NONE
石旭刚,NONE
邵学,NONE
瞿建国,NONE
郝镇熙,NONE
曹仁贤,NONE
马焰,高级工程师
朱汉平,高级工程师
章锋,NONE
章文藻,NONE
颜华,NONE
陈柏林,NONE
陈柏林,NONE
郭庆,NONE
郭凡,NONE
姚小欣,NONE
马镇鑫,NONE
刘新斌,NONE
邹国宝,高级会计师
解浩然,NONE
陈晓,NONE
符冠华,高级工程师
张曦,NONE
周中,NONE
曹忻军,NONE
杨振华,NONE
王伟,NONE
沈广仟,NONE
付永全,NONE
陈润生,高级工程师
万卫方,高级经济师
郭洪生,NONE
徐建新,政府特殊津贴
胡光辉,NONE
邢炜,NONE
章海林,NONE
李军,NONE
柯宗庆,NONE
李少波,NONE
缪品章,高级工程师
吴艳,NONE
邓子长,NONE
周泽湘,NONE
邢其彬,NONE
付红玲,市劳动模范
王建新,高级经济师
潘建根,高级工程师
孙平范,NONE
王伟修,高级工程师
王伟修,国务院特殊津贴
王伟修,市劳动模范
高怀雪,NONE
童文伟,高级工程师
景晓军,高级工程师
张庆文,NONE
蒋炜,NONE
陈再宏,高级经济师
姚文彬,NONE
邱敏秀,国务院特殊津贴
丁孔贤,NONE
杜江涛,NONE
李文燕,NONE
钱胡寿,高级工程师
钱振宇,高级经济师
孙俊成,NONE
朱坤华,NONE
周福云,NONE
陈江涛,高级工程师
周建明,高级经济师
陈海伦,高级经济师
顾晓春,高级经济师
陈剑波,NONE
赵明,高级会计师
项翔,NONE
陈林森,国务院政府特殊津贴
陈林森,政府特殊津贴
陈作涛,NONE
魏恺言,NONE
李新民,高级工程师
李新民,国务院政府特殊津贴
李新民,政府特殊津贴
常厚春,高级工程师
常厚春,全国劳动模范
杨震华,高级经营师
沈健生,NONE
罗建文,NONE
周红卫,NONE
万国江,高级工程师
赵晓东,NONE
李洪国,NONE
樊立,NONE
朱红玉,NONE
孙祥祯,NONE
叶小平,NONE
王长春,NONE
杨斌,NONE
张京豫,NONE
范纪军,NONE
林皓,NONE
李平,NONE
刘士钢,高级工程师
王召明,高级工程师
龙昌明,NONE
胡赓熙,NONE
唐岳,省劳动模范
陈炽昌,NONE
丁敏华,NONE
邓亲华,NONE
居年丰,NONE
童之磊,NONE
江春华,NONE
陆文斌,NONE
刘光,NONE
孙景涛,NONE
沈继业,NONE
俞凌,NONE
张力新,高级工程师
温德乙,高级工程师
梁勤,高级经济师
梁勤,市劳动模范
孙志强,高级工程师
孙志强,全国劳动模范
孙志强,市劳动模范
张洪起,高级经济师
张洪起,市劳动模范
何思模,NONE
唐球,NONE
张齐春,NONE
高鸣,NONE
陈少美,NONE
耿殿根,NONE
刘迪,NONE
杨建平,NONE
黄煜,NONE
王仁宗,NONE
李炜,高级经济师
丁彦辉,NONE
裴振华,NONE
郭锡禄,高级工程师
徐炜,NONE
高鹏,注册会计师
林建伟,高级经济师
邹支农,NONE
邓家贵,高级经济师
邓家贵,省劳动模范
宋勇,NONE
贺增林,NONE
钱永耀,NONE
吴限,NONE
邵钦祥,高级经济师
高颀,NONE
石华山,NONE
王廷春,NONE
姜艳,高级工程师
邹左军,NONE
孔祥洲,高级工程师
张万镇,高级政工师
何亚民,NONE
荣继华,NONE
徐地华,高级工程师
周建灿,NONE
方亨志,高级经营师
陈刚,NONE
王德言,高级工程师
陈敬财,NONE
钟琼华,高级经济师
杨耀光,高级工程师
周亚辉,NONE
孙成文,NONE
侯友夫,NONE
施祥贵,高级经济师
施祥贵,省劳动模范
王双飞,国务院特殊津贴
纪法清,市劳动模范
卜范胜,高级工程师
倪明亮,NONE
吴宏亮,NONE
杨成,NONE
臧立国,NONE
钱晓春,高级工程师
钱晓春,高级经济师
梁学贤,高级工程师
冯鑫,NONE
谭建伟,高级经济师
曹勇,高级经济师
蒯一希,NONE
章有春,NONE
李国平,NONE
王志清,NONE
夏信德,NONE
邹炳德,高级工程师
邹炳德,高级经济师
何鸿云,NONE
陈金岳,NONE
姜卫东,NONE
伊廷雷,NONE
赵志宏,NONE
姜维利,NONE
滕方迁,高级工程师
张新明,NONE
陈祥楼,NONE
陈祥楼1,NONE
茅庆江,NONE
王立群,NONE
王燕清,NONE
葛航,高级经济师
尹正龙,高级工程师
彭义兴,高级工程师
彭义兴,市劳动模范
李开民,高级工程师
赵大鹏,NONE
杨云春,NONE
王维东,NONE
张建辉,NONE
朱志刚,NONE
赵积清,NONE
钱承林,NONE
张亮,NONE
唐勇,NONE
蔡耿锡,NONE
于伟,NONE
厉达,高级工程师
厉达,高级经济师
章建伟,NONE
周志群,NONE
张曙华,NONE
赵其春,高级会计师
江涛,NONE
朱业胜,高级工程师
李毅,高级工程师
曾万辉,NONE
刘军,NONE
陈涛,高级工程师
刘泽刚,NONE
高长虹,高级经济师
高长虹,市劳动模范
王继春,高级工程师
王继春,省劳动模范
赵彤宇,NONE
王中锋,高级经济师
李文美,NONE
吴海林,NONE
邱文渊,高级工程师
马骉,NONE
高月静,NONE
陈尔容,高级工程师
杨志峰,NONE
黄文宝,高级工程师
马晓峰,NONE
袁歆,NONE
赖春临,NONE
王迎燕,NONE
赵鸿飞,NONE
包建华,NONE
温鹏程,NONE
李琦,NONE
戴雅萍,高级工程师
戴雅萍,国务院政府特殊津贴
戴雅萍,政府特殊津贴
戴雅萍,全国劳动模范
林武辉,NONE
高光荣,NONE
汤丽君,NONE
刘甍,NONE
程宗玉,NONE
张广生,高级经济师
吉晓辉,高级经济师
吴百旺,NONE
冼伟雄,NONE
卢光霖,高级工程师
卢光霖,国务院政府特殊津贴
卢光霖,政府特殊津贴
张克俭,高级工程师
刘建强,高级政工师
刘本仁,高级工程师
邓崎琳,高级工程师
马国强,高级会计师
苗圩,高级工程师
徐平,高级工程师
朱福寿,NONE
欧阳洁,NONE
杨文生,高级工程师
洪敬南,NONE
刘晓光,高级经济师
王灏,高级经济师
杜春才,高级政工师
杜春才,高级经济师
俞吾炎,高级经济师
贾锐军,NONE
林东鲁,高级工程师
曹中魁,高级工程师
崔臣,高级工程师
周秉利,高级工程师
李小鹏,高级工程师
曹培玺,高级工程师
王水,高级工程师
周仁强,高级政工师
周仁强,高级经济师
刘海燕,高级工程师
翟鸿祥,高级政工师
吴建,高级政工师
吴建,高级经济师
经叔平,NONE
董文标,高级经济师
洪崎,NONE
钟兴昌,高级经济师
杜传志,NONE
陈戌源,高级经济师
陆海祜,高级政工师
陈戌源,高级经济师
谢企华,高级工程师
徐乐江,NONE
艾宝俊,高级会计师
徐乐江,NONE
何文波,高级工程师
陈德荣,高级工程师
宋春雷,高级会计师
关健,高级工程师
金雷,高级工程师
丁中智,高级经济师
周世平,高级工程师
王运丹,高级经济师
陈启祥,NONE
陈向阳,NONE
蔡漳平,高级工程师
邹仲琛,NONE
任浩,NONE
陈启祥,NONE
陶登奎,NONE
吴国潮,高级经济师
李克麟,高级经济师
李绍德,NONE
许立荣,高级工程师
贺恭,高级工程师
曹培玺,高级工程师
云公民,NONE
李庆奎,高级工程师
陈同海,高级经济师
苏树林,高级工程师
颜志卿,NONE
刘绍勇,NONE
司献民,NONE
王东明,高级经济师
张佑君,NONE
张佑君,NONE
梁稳根,高级经济师
梁稳根,全国劳动模范
唐建辉,高级经济师
吴庭锵,NONE
黄祥谈,高级工程师
贺长松,高级经济师
张世杰,NONE
祝向军,高级经济师
祝向军,高级经济师
肖跃文,高级工程师
秦晓,NONE
傅育宁,NONE
李建红,高级经济师
李建红,全国劳动模范
高峰倩,高级工程师
张淼,NONE
郭章鹏,NONE
崔学文,高级工程师
王斌,高级工程师
王军,高级会计师
王军,国务院特殊津贴
庞建,高级政工师
曲景文,高级工程师
郭殿满,高级工程师
蔡毅,高级工程师
余枫,高级工程师
孙云,高级工程师
孙云,国务院特殊津贴
孙云,全国劳动模范
李彬海,NONE
宋广菊,NONE
杨贤足,NONE
王建宙,高级工程师
常小兵,高级工程师
周孝成,NONE
何大元,NONE
李水荣,高级经济师
李水荣,省劳动模范
楼忠福,高级政工师
楼忠福,高级经济师
楼忠福,全国劳动模范
楼江跃,NONE
彭涛,高级会计师
彭涛,注册会计师
杨玉林,NONE
杜鹤鸣,NONE
楼明,高级经济师
楼明,市劳动模范
张汉文,NONE
宗伟民,NONE
万素娟,高级会计师
董全臣,NONE
钟虹光,NONE
蔡蕾,NONE
胡学凡,NONE
江山,NONE
程迎峰,高级经济师
许继伟,高级经济师
黄林沐,NONE
叶正军,NONE
许家驹,NONE
贺旋,NONE
陈刚,NONE
吴光明,NONE
吴多誉,NONE
韩本毅,NONE
张本智,NONE
谭星辉,高级工程师
师金泉,高级工程师
柳学宏,高级工程师
苏振明,NONE
朱以明,高级会计师
王龙雏,NONE
张水利,NONE
苗耕书,高级经济师
周中枢,NONE
姚子平,高级工程师
邱仁甫,高级工程师
傅建伟,高级工程师
傅建伟,国务院特殊津贴
于淑珉,NONE
刘洪新,NONE
常俊传,高级工程师
张嵩林,NONE
施洪祥,NONE
卫华诚,高级工程师
卫华诚,高级政工师
李福祚,NONE
王春城,NONE
陈信生,高级工程师
杨克中,高级工程师
吴福胜,高级工程师
吴福胜,政府特殊津贴
梁学忠,高级政工师
徐益民,高级会计师
徐益民,市劳动模范
路法尧,高级工程师
汤玉祥,高级工程师
汤玉祥,全国劳动模范
汤玉祥,省劳动模范
韩国龙,NONE
张野,NONE
杨继学,高级经济师
丁焰章,高级工程师
聂凯,高级工程师
谢宁,NONE
杨松贺,NONE
程志伟,高级工程师
王伟,NONE
贾粮钢,NONE
赵林中,高级政工师
赵林中,高级经济师
赵林中,国务院特殊津贴
赵林中,全国劳动模范
任捷,高级工程师
王熙晏,高级工程师
王熙晏,国务院特殊津贴
王熙晏,全国劳动模范
罗小勇,高级政工师
刘翔,NONE
楼吉威,NONE
陈金海,NONE
谭作钧,NONE
孙伟,高级工程师
周辉,NONE
高康,高级工程师
吕永杰,高级经济师
俞友涌,高级经济师
周海鸣,高级政工师
马勇健,NONE
康楚培,NONE
张国平,NONE
张国伟,NONE
童爱平,NONE
庄敏,NONE
郭庆人,高级经济师
余天池,NONE
吴彬,高级工程师
许振东,NONE
周燕军,NONE
李明春,NONE
王殿斌,NONE
郭志先,高级经营师
刘顺兴,NONE
刘树元,高级经济师
周立明,NONE
俞建午,高级经济师
李兴,高级经济师
周忠明,NONE
李兴,高级经济师
艾路明,NONE
王学海,NONE
吴一坚,NONE
魏家骏,高级工程师
欧阳洁,NONE
高大林,高级经济师
史建华,高级经济师
任学锋,高级工程师
杨川,高级经济师
徐蔚莉,NONE
宋克新,NONE
刘国真,NONE
刘平,NONE
杨志茂,NONE
朱凤廉,NONE
石志敏,NONE
岳志荣,NONE
李新萍,NONE
李建一,NONE
孙亚雷,NONE
高智明,NONE
赵欣,NONE
殷顺海,高级经济师
张生瑜,NONE
顾海鸥,高级工程师
梅群,NONE
高振坤,高级会计师
杨立康,全国劳动模范
杨立康,省劳动模范
田西平,NONE
赵兴龙,NONE
赵宁,NONE
冷敏述,NONE
吴达审,政府特殊津贴
高建民,NONE
李建,NONE
梁晓涛,NONE
赵刚,高级会计师
张新,高级工程师
张新,国务院政府特殊津贴
张新,政府特殊津贴
张新,全国劳动模范
艾克拉木.艾沙由夫,NONE
黄开华,NONE
曾清荣,NONE
王克勤,NONE
黎启基,NONE
段新连,NONE
程东胜,NONE
董琦,NONE
李国春,高级工程师
夏朝嘉,高级经济师
宋浩,NONE
冷天辉,NONE
张杰,高级工程师
董云雄,NONE
张勤,高级工程师
杨登瑞,高级政工师
黄卫峰,高级工程师
张耀辉,NONE
杨登瑞,高级政工师
董华,高级工程师
李如岗,NONE
张嘉庆,高级工程师
他盛华,高级工程师
张文学,高级经济师
李长盛,高级经济师
汪力成,全国劳动模范
汪力成,市劳动模范
刘德春,NONE
肖琪经,NONE
朱建忠,NONE
汤期庆,高级经济师
杨丹地,NONE
伍竹林,高级工程师
陆海民,国务院特殊津贴
陆海民,全国劳动模范
孙峰,NONE
刘群,NONE
荣泳霖,NONE
陆致成,NONE
周立业,NONE
费庆伦,高级工程师
费庆伦,省劳动模范
张廷安,NONE
周益明,NONE
陈继辉,NONE
张有才,高级政工师
尹友中,高级工程师
秦怀平,NONE
黄国英,高级经济师
刘天金,NONE
徐宗明,NONE
潘士颖,高级经济师
陈祥麟,高级经济师
胡茂元,高级工程师
胡茂元,高级经济师
陈虹,高级工程师
陈虹,高级经济师
顾云奎,高级工程师
顾云奎,省劳动模范
莫林弟,高级经济师
江津,NONE
罗日炎,高级经济师
杨闻孙,NONE
周长生,高级经济师
何宗仁,NONE
杨树军,高级政工师
赵路,NONE
张思冰,NONE
雷波,NONE
冉云,NONE
陈远,NONE
王为钢,NONE
乔木,高级工程师
崔臣,高级工程师
周秉利,高级工程师
孟志泉,高级工程师
潘琦,NONE
姚国平,NONE
唐勇,高级工程师
李勇,高级工程师
王国生,NONE
滕增寿,全国劳动模范
滕增寿,省劳动模范
滕增寿,市劳动模范
郑念鸿,高级会计师
杨作军,NONE
芦德宝,NONE
李丰华,NONE
刘绍勇,NONE
于和平,NONE
邹小剑,NONE
叶建桥,高级工程师
张昭云,高级经济师
陈显刚,NONE
杨忠,高级工程师
郭海荣,高级工程师
傅卓洋,NONE
芮晓武,政府特殊津贴
袁家军,NONE
李开民,高级工程师
张洪太,NONE
汤期庆,高级经济师
居亮,NONE
刘宁生,NONE
何志亮,高级经济师
胡承江,高级经济师
高康,高级经济师
胡承江,高级经济师
李国安,高级工程师
牛森营,高级经济师
杜工会,高级工程师
杜工会,国务院政府特殊津贴
杜工会,政府特殊津贴
孟中泽,高级工程师
王连海,高级工程师
郭矿生,高级会计师
刘小峰,高级工程师
张琉,高级工程师
朱雷,NONE
袁亚非,NONE
杨怀珍,NONE
贺贵元,高级经济师
郝跃洲,高级经济师
苏兰鑫,NONE
张伟,NONE
王占柱,NONE
郭敏杰,高级工程师
郑明理,NONE
罗金保,NONE
朱友文,NONE
吴云天,NONE
童云芳,高级经济师
李世中,高级工程师
汤民强,高级会计师
郑治文,NONE
梁宋模,高级经济师
肖立成,高级会计师
周星辉,NONE
谢文辉,NONE
刘绥芝,NONE
钱竞琪,高级经济师
李结祥,高级会计师
吴廷昌,高级会计师
白礼西,高级工程师
余红艺,NONE
徐立华,NONE
龙功才,高级工程师
何源森,NONE
胡柏初,高级会计师
吕道斌,高级经济师
张有才,高级政工师
华正兴,高级工程师
黄明贵,NONE
王克勤,NONE
黎启基,NONE
黄立平,国务院特殊津贴
何世虎,高级工程师
罗廷元,高级工程师
丁振国,注册会计师
喻中权,高级工程师
杜昌焘,高级工程师
杜昌焘,国务院政府特殊津贴
杜昌焘,政府特殊津贴
张建恒,高级工程师
王树林,高级工程师
宋黎定,NONE
滕方迁,NONE
杨真,NONE
杜晓玲,NONE
陈海淳,NONE
易仁涛,NONE
陈瑜,NONE
杨盛奎,NONE
翁荣金,高级经济师
张骏,NONE
张骏,NONE
康国明,NONE
陈亚平,高级工程师
陈亚平,政府特殊津贴
王勇,NONE
彭斯太,NONE
李余利,NONE
王成,NONE
黄家明,NONE
李国璋,高级经济师
袁志敏,市劳动模范
陈宗云,NONE
王兴国,NONE
雷刚,高级会计师
杨国荣,NONE
甘霖,高级工程师
周剑云,NONE
黄倞菲,NONE
黄伟,NONE
焦学义,NONE
王朝刚,NONE
徐斌,NONE
赵海,NONE
邓永祥,NONE
洪金益,NONE
罗俊,NONE
刘兴德,高级经济师
姜成颜,高级工程师
李长江,高级经济师
尚兴中,高级工程师
李艰,高级会计师
赵建鹏,NONE
何强,NONE
杨文军,NONE
赵勃,NONE
鲍涌波,高级经济师
王海滨,NONE
邵为军,NONE
王大为,NONE
杨家丰,NONE
周建能,高级工程师
杨家丰,NONE
谭作钧,NONE
胡问鸣,高级工程师
胡问鸣,高级工程师
董强,NONE
曲雁,NONE
姜文正,NONE
何承命,NONE
何承命,NONE
王宪榕,高级会计师
黄文洲,NONE
张勇峰,NONE
周山,高级工程师
周山,国务院政府特殊津贴
周山,政府特殊津贴
周山,省劳动模范
闫海清,高级工程师
赵力宾,NONE
黄代云,高级经济师
李建雄,NONE
刘郁文,NONE
徐春生,高级经济师
刘政,高级工程师
张志福,NONE
郭松峰,NONE
王振宣,高级政工师
郭忠文,高级政工师
王广西,NONE
王金余,高级工程师
王金余,国务院特殊津贴
徐培忠,高级工程师
魏纪中,NONE
王俊生,NONE
谢亚龙,NONE
刘军,NONE
马德海,高级经济师
赵川,NONE
李绍林,高级经济师
马云虎,高级经济师
刘奇,NONE
叶志翔,高级工程师
杜世源,NONE
胡仲明,NONE
倪道明,政府特殊津贴
刘开勇,高级工程师
封多佳,NONE
杨晓明,NONE
魏宝康,高级工程师
黄国英,高级经济师
黄金镖,高级经济师
张骏,NONE
刘京喜,国务院特殊津贴
李礼善,NONE
苑尔卓,高级经济师
张景华,NONE
王东明,高级工程师
肖家守,高级经济师
虞建明,NONE
安庆衡,高级工程师
徐和谊,高级工程师
徐和谊,市劳动模范
赵家祯,NONE
朱昌一,NONE
陈莉茜,高级工程师
王贤兵,高级工程师
岳普煜,高级工程师
岳普煜,高级工程师
王创民,高级工程师
徐征,高级工程师
陈启宇,NONE
张文义,NONE
方培琦,高级工程师
赵贵武,高级工程师
董浩然,高级工程师
乔金岭,高级经济师
乔秋生,高级工程师
王奎廷,高级政工师
张君起,NONE
李红旗,NONE
陈建成,高级经济师
陈嫣妮,NONE
李发增,高级政工师
闻掌华,高级经济师
朱祖华,高级工程师
曹江林,NONE
李如成,高级经济师
刘涛,NONE
连刚,高级工程师
邹文超,高级工程师
张宝林,高级政工师
张宝林,高级经济师
阎树忠,高级政工师
阎树忠,高级经济师
阎树忠,政府特殊津贴
阎树忠,省劳动模范
阎树忠,市劳动模范
徐维欣,高级工程师
王宏伟,高级工程师
王宏伟,高级经济师
岳守成,高级工程师
隋继广,高级工程师
蒋绍庆,NONE
纪晓文,NONE
万永兴,NONE
孙玉生,NONE
吕耀勋,NONE
李怀靖,NONE
李锦,NONE
詹祖盛,高级工程师
高汝森,高级工程师
刘兴功,高级工程师
王小鹏,高级工程师
刘海虹,高级工程师
叶明华,高级工程师
鲁君四,NONE
李怀清,全国劳动模范
郑献锋,高级经济师
刘向东,高级会计师
夏建统,NONE
张伟东,高级工程师
朱勇军,NONE
尹峻,NONE
赵经彻,高级工程师
王信,NONE
李位民,NONE
李希勇,NONE
柏广新,高级工程师
张宏伟,高级经济师
关国亮,高级会计师
关国亮,注册会计师
张宏伟,高级经济师
徐健,高级工程师
宋卫东,NONE
杨书昌,高级工程师
张晓喜,高级经济师
杨林,高级工程师
陈榕生,NONE
郭恒达,NONE
黄福生,NONE
翟金水,NONE
毛振家,NONE
王志良,NONE
张春新,NONE
余涤非,高级经济师
胡启毅,高级经济师
汪群斌,高级工程师
陈启宇,NONE
徐勇辉,高级经济师
曹斌,NONE
锁炳勋,全国劳动模范
锁炳勋,省劳动模范
宁中伟,省劳动模范
赵唯一,NONE
张翀宇,高级经济师
高延生,NONE
于明升,高级经济师
杨凤明,高级工程师
李运武,NONE
刘捷明,高级经济师
卞志航,高级工程师
敖宏,NONE
屠海令,高级工程师
屠海令,政府特殊津贴
周旗钢,高级工程师
张少明,高级工程师
张少明,国务院政府特殊津贴
张少明,政府特殊津贴
李留恩,NONE
杨锋,高级经济师
蔡志端,高级工程师
吴建元,高级会计师
邹丽华,NONE
林俊波,高级经济师
李维,NONE
高松,NONE
沈雯,高级经济师
陈达彬,高级工程师
石林,NONE
陈达彬,高级工程师
王廷江,全国劳动模范
田英智,NONE
于孝燕,NONE
连德团,NONE
方海良,NONE
翟祝平,高级工程师
赵振东,NONE
顾雏军,NONE
李学勤,NONE
魏洁,NONE
金长山,NONE
张树森,NONE
陈平,高级经济师
金彪,NONE
李春波,高级工程师
李春波,高级会计师
兰建文,高级工程师
黄四领,高级工程师
周子敬,NONE
于九洲,NONE
管爱国,高级经济师
肖正海,高级工程师
肖正海,高级经济师
谢力,高级工程师
谢力,政府特殊津贴
宋建波,NONE
宋建波,NONE
程仁策,NONE
陈丽芬,高级工程师
陈峰,高级经济师
陈峰,全国劳动模范
朱益民,NONE
李晓明,NONE
王英明,NONE
陈明,NONE
辛笛,NONE
赵庆新,NONE
李景亮,NONE
孙启玉,全国劳动模范
刘东,高级经济师
孙峰,NONE
孙玉峰,NONE
李明,高级会计师
尹鹏,NONE
赵西亮,NONE
李彦勇,NONE
陈海遂,NONE
薛仕成,NONE
李文棠,NONE
张锦珠,高级工程师
曹立明,NONE
夏士林,高级经济师
夏士林,全国劳动模范
吴梦根,高级经济师
沈德堂,高级工程师
张文骏,高级经济师
沈德堂,高级工程师
顾利荣,NONE
沈培今,NONE
李大学,国务院特殊津贴
李大学,全国劳动模范
李大学,省劳动模范
郑才友,NONE
周俊生,高级工程师
肖建国,高级经济师
周应华,NONE
姚伟彪,NONE
刘毓源,高级工程师
罗方辉,高级政工师
郭汉光,NONE
孟鸣飞,NONE
杨立,NONE
平海军,NONE
赵桂春,高级工程师
武洪才,高级工程师
谢华生,高级工程师
高益荣,高级工程师
张振勇,NONE
傅国定,高级经济师
傅国定,全国劳动模范
石祥麟,NONE
李桂莲,高级经济师
李桂莲,政府特殊津贴
李桂莲,全国劳动模范
李桂莲,高级经济师
李桂莲,政府特殊津贴
李桂莲,全国劳动模范
田根牛,高级政工师
田根牛,高级经营师
田家俊,NONE
王英杰,NONE
李同玉,NONE
黄国忠,NONE
王欣,NONE
李阳,NONE
吕士林,高级经济师
吕士林,全国劳动模范
孙勤勇,高级经济师
袁明观,NONE
盛军,NONE
颜广生,高级经济师
王晖,注册会计师
吴立东,高级会计师
卢卫伟,高级经济师
赵建国,NONE
杨庆,高级工程师
蔡哲夫,高级经济师
王森,高级工程师
陈升斌,高级政工师
应建仁,高级经济师
王晓云,高级工程师
张春昌,高级经济师
雷立,NONE
冯彪,NONE
王铨,国务院特殊津贴
王铨,省劳动模范
赵超,NONE
王劲松,NONE
许雷,高级工程师
刘猛,NONE
许雷,高级工程师
于志辉,NONE
丁澍,NONE
徐红,NONE
范晓远,NONE
王忠岩,NONE
魏钢,NONE
岑长篇,NONE
李飞,NONE
刘江海,NONE
黎主冠,NONE
周健民,NONE
徐浩,NONE
陈胜杰,NONE
黄启灶,NONE
于世光,NONE
段玉顺,NONE
张研,NONE
李禾,NONE
冯仑,NONE
许立,高级经济师
江泓毅,NONE
张玉琦,NONE
成卫文,NONE
成清波,NONE
徐才江,NONE
方项,NONE
庄峰,NONE
王忠信,NONE
张恺颙,高级工程师
高建成,高级工程师
高建成,高级工程师
梁英奇,高级经济师
马朝梅,高级工程师
钟春彬,高级工程师
单晓钟,高级经济师
单晓钟,省劳动模范
郭素强,高级经济师
夏淑萍,高级会计师
徐德健,NONE
李愈,NONE
刘德明,NONE
郭良,NONE
尹梅克,NONE
黄葆源,NONE
许淑清,NONE
容贤标,高级工程师
鲁良儒,省劳动模范
周瑞庭,高级工程师
张晓光,NONE
孙广信,NONE
肖玉新,NONE
杨铁军,高级经济师
孙风元,高级经济师
王力源,高级经济师
尚继强,高级经济师
宋东升,NONE
罗祖亮,高级经济师
罗订坤,NONE
刘毅,高级经济师
杨华,NONE
杨建民,高级会计师
张润钢,高级经济师
刘连琏,高级工程师
刘明贵,高级经济师
李明,NONE
叶列理,高级经济师
谢亮,高级会计师
兰亚平,NONE
朱弟雄,高级工程师
朱弟雄,国务院政府特殊津贴
朱弟雄,政府特殊津贴
孙勇,NONE
陈森洁,高级工程师
陈卫,NONE
周宝亮,NONE
陈树清,高级工程师
李建平,高级经济师
高汝森,高级工程师
任向前,NONE
马春华,注册会计师
杨松宇,NONE
晏国斌,高级经济师
蓝来富,NONE
佟永贵,高级工程师
刘龙华,国务院特殊津贴
徐贱云,高级工程师
陈代华,高级经济师
白骅,高级工程师
江自生,高级工程师
杨勇,NONE
白绍桐,高级工程师
王日文,高级工程师
江炳思,高级政工师
夏增与,高级工程师
吴绍明,高级经济师
黄铮,高级工程师
吴克海,高级工程师
张斌,NONE
张建卫,NONE
夏国洪,NONE
方向明,高级工程师
刘振南,NONE
于滨,国务院政府特殊津贴
于滨,政府特殊津贴
时旸,国务院特殊津贴
江玉森,全国劳动模范
何才彪,NONE
盛佩英,NONE
王强,注册会计师
张正龙,NONE
黄兴如,NONE
秦大乾,高级经济师
戴云达,NONE
管建忠,NONE
傅小安,省劳动模范
翦英海,NONE
高士庆,NONE
孙飘扬,国务院特殊津贴
王文彪,高级政工师
王文彪,高级经济师
王瑞丰,高级工程师
尹成国,高级经济师
尹成国,高级会计师
田继生,高级工程师
王祖康,高级经济师
汪阳,NONE
蔡鸿生,高级经济师
吕勇明,高级经济师
张延礼,NONE
梁从友,NONE
熊维明,高级经济师
黄继,高级工程师
孙万发,高级政工师
彭正志,高级政工师
胡晓军,高级经济师
祝义财,高级经济师
陈新生,高级会计师
吴晓国,NONE
余乾元,市劳动模范
邢亚东,高级会计师
狄重阳,NONE
邢亚东,高级会计师
杨培武,高级政工师
肖同友,高级工程师
肖同友,高级政工师
杨思明,高级工程师
杨思明,高级政工师
黄一新,高级工程师
王猛照,NONE
何中辉,高级工程师
刘正洪,高级工程师
葛培健,高级经济师
郭亚兵,高级工程师
熊维政,政府特殊津贴
熊维政,全国劳动模范
程剑军,高级工程师
董启彬,全国劳动模范
董启彬,省劳动模范
成俊,省劳动模范
徐志远,NONE
黄旭芒,高级工程师
杨青峰,高级经济师
张家林,高级工程师
鲁勇志,NONE
邓伟,高级工程师
张小红,高级工程师
常学群,高级经济师
任志军,高级工程师
曲飞,高级工程师
葛仁优,高级工程师
蒋祖辉,高级工程师
刘群,NONE
陈道荣,NONE
蒋本华,高级工程师
蒋本华,政府特殊津贴
胡佃平,NONE
初育国,NONE
刘建良,NONE
郭予丰,高级经济师
田勇,高级经济师
刘渭清,高级工程师
刘艺,高级工程师
吕宗林,高级经济师
吕宗林,政府特殊津贴
徐麟,NONE
许锡忠,NONE
王林祥,NONE
张奕龄,NONE
王臻,NONE
张成海,NONE
李建平,NONE
俞学锋,高级经济师
任建明,高级经济师
冯益民,高级工程师
陆晓宝,NONE
崔桂亮,高级经济师
胡云峰,高级经济师
杨启典,高级政工师
杨启典,高级经济师
赖晓杨,高级工程师
陈载华,高级政工师
覃卫国,高级工程师
黄省身,NONE
赵新庆,NONE
翁锡明,NONE
李广晖,高级会计师
李广晖,注册会计师
耿莉萍,高级工程师
李进巅,高级经济师
李进巅,全国劳动模范
李海阳,省劳动模范
叶有伟,高级经济师
叶有伟,全国劳动模范
叶有伟,省劳动模范
叶有伟,市劳动模范
张玉宏,NONE
张殿华,高级政工师
张殿华,高级经济师
辛笛,NONE
王奇,NONE
马鸿烈,高级经济师
虞海燕,高级工程师
王酒生,NONE
秦治庚,NONE
虞海燕,高级工程师
程子建,高级工程师
李建华,高级工程师
李建华,高级政工师
李建华,高级经济师
李建华,国务院政府特殊津贴
李建华,政府特殊津贴
李建华,全国劳动模范
李晓亮,NONE
丁建生,国务院特殊津贴
温昌伟,高级经济师
秦春楠,NONE
秦敏,NONE
张严德,全国劳动模范
刘永,市劳动模范
韩海林,NONE
魏光林,高级工程师
李永河,高级工程师
李润福,NONE
李小平,高级经济师
李学林,高级经济师
余涤非,高级经济师
陈章瑞,NONE
葛文耀,NONE
谢文坚,NONE
田民,高级会计师
田民,政府特殊津贴
吴方辉,高级工程师
吴方辉,国务院政府特殊津贴
吴方辉,政府特殊津贴
宋承志,高级工程师
关学诠,NONE
高宝玉,高级工程师
李和忠,NONE
陈学祥,高级工程师
王俊,高级工程师
钱万荣,高级工程师
徐立新,NONE
董顺兴,高级工程师
董顺兴,国务院特殊津贴
陈华森,全国劳动模范
曹希波,高级工程师
孙树声,NONE
李白贤,NONE
王瑞林,NONE
刘怀远,高级工程师
周纪昌,高级工程师
宋海良,高级工程师
王春鸣,高级工程师
吴延龙,高级经济师
张连选,高级工程师
张连选,高级经济师
张勇,高级工程师
张建台,高级工程师
熊光宇,高级工程师
谢育智,NONE
何向明,NONE
林耀棠,NONE
袁小波,NONE
李光宁,NONE
尼玛,NONE
扎西江措,NONE
多吉罗布,高级工程师
多吉罗布,国务院特殊津贴
潘霄燕,高级经济师
高兵华,NONE
王刚,高级工程师
李德禄,高级经济师
李德禄,高级会计师
詹原竞,高级工程师
郝非非,高级工程师
王志强,高级工程师
潘广通,高级经济师
潘建清,高级工程师
刘沧龙,高级经济师
杨骞,高级经济师
王国成,高级工程师
蔡志祥,NONE
杨荣明,高级经济师
杨荣明,全国劳动模范
李楚源,高级工程师
李楚源,高级经济师
李楚源,国务院政府特殊津贴
李楚源,政府特殊津贴
李楚源,全国劳动模范
张俊明,NONE
王振,高级工程师
张志超,高级经济师
孙明,NONE
李鹤鹏,高级工程师
李鹤鹏,高级工程师
丁宏祥,NONE
鲁群生,高级经济师
李蔚,NONE
冯东明,高级工程师
寇卫平,高级经济师
何冰,NONE
旦增,NONE
陈汛桥,NONE
黄建荣,NONE
付德新,高级政工师
陈俊豪,高级工程师
陈天麟,NONE
陈根伟,NONE
王文学,NONE
王新敏,NONE
熊瑞忠,高级经济师
童国华,高级工程师
穆传江,高级工程师
洛少宁,高级工程师
范红卫,NONE
石盛奎,高级经济师
白英,高级会计师
孙亮,高级会计师
孙亮,注册会计师
任武贤,高级工程师
任武贤,全国劳动模范
阮水龙,高级经济师
阮伟祥,NONE
郑超,高级工程师
郑超,政府特殊津贴
何琼,NONE
陈大江,NONE
葛行,NONE
王大和,NONE
马宗海,NONE
张学阳,高级工程师
李荣华,高级工程师
徐祥,高级工程师
徐祥,高级工程师
李禄安,NONE
张建华,NONE
王为民,高级工程师
王东红,NONE
施亮,NONE
沙敬禹,NONE
李兵,NONE
李远晨,高级政工师
李新海,高级经济师
汪天仁,高级工程师
李远晨,高级政工师
夏增文,高级经济师
畅丁杰,NONE
彭小海,NONE
李翠芳,NONE
罗志伟,NONE
何昌明,高级工程师
李贻煌,高级工程师
李保民,高级经济师
韩盛龙,高级工程师
程德保,高级经济师
杨柳,高级经济师
蒋国忠,高级工程师
蒋国忠,政府特殊津贴
肖文,高级工程师
曾智斌,NONE
于永利,NONE
王鹏,NONE
何为民,NONE
竺韵德,高级工程师
竺韵德,高级经济师
杨齐,NONE
竺晓东,NONE
姜志光,高级经济师
纪成友,NONE
高月飞,NONE
郭汉光,NONE
王维平,NONE
何国纯,NONE
梁君,高级会计师
李立,NONE
陈建威,高级经济师
许少才,NONE
蒋辉,NONE
翁振杰,NONE
崔坚,NONE
廖庆轩,高级经济师
卞平刚,NONE
卞刚红,NONE
卞平芳,NONE
付华廷,省劳动模范
管大源,高级经济师
吴全,NONE
李耀,NONE
卢广山,NONE
谢冠森,NONE
温显来,高级经济师
钟健华,NONE
周文,NONE
赵东亮,NONE
刘汉如,高级工程师
刘汉如,国务院政府特殊津贴
刘汉如,政府特殊津贴
刘汉如,全国劳动模范
沈伟良,市劳动模范
刘汉如,高级工程师
刘汉如,国务院政府特殊津贴
刘汉如,政府特殊津贴
刘汉如,全国劳动模范
赵东杰,NONE
潘刚升,NONE
张忠,NONE
刘希模,高级政工师
刘希模,高级经济师
潘利群,NONE
沈长全,NONE
杨根林,NONE
常青,NONE
冯孝庭,高级工程师
冯孝庭,政府特殊津贴
陈健,高级工程师
陈健,政府特殊津贴
刘林峰,NONE
陈宝通,高级会计师
古共伟,高级工程师
陈虹,NONE
杨宝立,高级经济师
李明鑫,高级工程师
张荣华,NONE
祁勇,NONE
杨天夫,NONE
朱保国,NONE
黄贤优,NONE
臧静涛,NONE
陶亚东,NONE
郝立华,高级工程师
张雪峰,NONE
张坚力,NONE
涂传岚,NONE
张文东,NONE
凌克,高级经济师
黄俊钦,NONE
林云,NONE
赵文芝,高级政工师
张国光,NONE
直军,高级会计师
蒙克勤,NONE
晏明,高级政工师
王春杰,NONE
吕小奎,高级经济师
吕小奎,高级经济师
周苏华,NONE
蔡建国,高级工程师
李大军,NONE
张泾生,NONE
王晓梅,高级工程师
朱希英,高级工程师
杨应亮,高级工程师
景济南,高级经济师
赵桂斌,高级经济师
杨锐,NONE
陈锦,高级工程师
郭勇义,NONE
杜文广,NONE
郑涛,高级政工师
胡泽松,高级工程师
陈鸿允,NONE
杨树坪,高级工程师
郑华,NONE
周炳军,高级工程师
张仕和,高级工程师
钟俊,高级工程师
陈晓颖,NONE
赵首先,高级经济师
肖文,高级经济师
薛滨,高级工程师
王清文,高级工程师
彭兴宇,高级会计师
彭兴宇,注册会计师
金玉军,高级工程师
徐绍芳,高级经济师
徐绍芳,市劳动模范
李良仕,高级经济师
林绍华,高级工程师
叶惠丽,高级工程师
陶晓华,高级经济师
周建平,高级经济师
周建平,省劳动模范
赵明远,高级经济师
杨华,NONE
周海江,NONE
周鸣江,NONE
周宏江,高级经济师
刘连红,NONE
陆建平,NONE
高旭光,NONE
张健,NONE
任向东,NONE
李延人,高级工程师
孟广宝,NONE
周易,NONE
张良,NONE
田富军,高级工程师
杜毅敏,高级工程师
贺治强,高级工程师
何振亚,NONE
闵涛,高级工程师
卜凡强,高级工程师
卜凡强,政府特殊津贴
肖世杰,高级工程师
奚国富,高级工程师
李安民,高级工程师
李安民,全国劳动模范
李猛,NONE
么志义,高级经济师
马连明,高级工程师
胡联奎,NONE
王维航,NONE
王维航,NONE
何樟兴,NONE
傅日高,NONE
金方平,NONE
金方平,NONE
陈广摄,NONE
周建雄,高级经济师
柳秀导,高级工程师
柳秀导,国务院政府特殊津贴
柳秀导,政府特殊津贴
左延安,NONE
安进,高级工程师
李国民,高级经济师
王世超,NONE
王东升,高级会计师
赵磊,高级工程师
李侠,高级会计师
刘让,NONE
朱宝泉,NONE
周斌,NONE
杨逢奇,高级经济师
周斌,NONE
闫作利,NONE
廉弘,NONE
夏协安,NONE
龚晓超,NONE
周伟兴,NONE
姚庆艳,NONE
李南高,省劳动模范
何勤,NONE
袁平东,NONE
汪思洋,NONE
吴铭爵,高级工程师
廖能成,高级工程师
廖能成,政府特殊津贴
覃永强,高级工程师
覃永强,市劳动模范
甘军,高级政工师
费云良,NONE
王春涛,NONE
程广辉,高级经济师
杨振峰,高级工程师
杨振峰,全国劳动模范
常怀春,高级工程师
魏家福,NONE
陈洪生,高级经济师
马泽华,高级经济师
许立荣,高级工程师
叶伟龙,高级经济师
万敏,NONE
孙家康,高级工程师
包宗业,高级经济师
张福平,高级经济师
常毅,高级经济师
柴连志,NONE
吴术,NONE
韩晓进,NONE
张如贵,NONE
林波,NONE
童来明,注册会计师
张强,注册会计师
陈济民,高级工程师
陈济民,高级经济师
戈德伟,高级经济师
李保平,高级工程师
才长伟,高级工程师
苏立航,高级工程师
何建文,NONE
冯忠铭,NONE
刘建顺,NONE
刘汉元,高级工程师
郑有全,高级经济师
郭传余,NONE
肖衡,NONE
张五一,高级工程师
钱俊,NONE
陈学东,高级工程师
陈学东,国务院特殊津贴
杜宣,NONE
赵剑,NONE
刘连营,NONE
邹鹏宏,高级会计师
杜淑明,NONE
王力民,NONE
李永进,高级工程师
王广林,高级工程师
王广林,高级经济师
尹自波,高级工程师
何福俊,NONE
李福昌,高级经济师
洪涛,高级工程师
张波,高级工程师
雷锦录,高级会计师
康军,NONE
韩晓更,高级经济师
韩东升,高级经济师
张劲峰,NONE
王萍,NONE
胡清熊,高级工程师
汪汉臣,高级工程师
邹武装,高级工程师
廖斌,NONE
宋亚立,NONE
曾鸿平,高级工程师
李东林,高级工程师
唐俊,NONE
汪云曙,高级政工师
陈向东,NONE
郑明坦,高级工程师
郑明坦,高级政工师
毛木金,高级工程师
熊一江,注册会计师
郑克一,NONE
李钢,NONE
王相阁,高级工程师
吴品标,NONE
于敏,NONE
郑艳民,高级经济师
修刚,高级经济师
朱胜英,NONE
刘进奎,NONE
杭金亮,高级政工师
田建国,NONE
曾雁鸣,NONE
孙继林,NONE
曾雁鸣,NONE
曾鉴,NONE
蒲太平,高级工程师
陈敏,NONE
任东川,NONE
杨铿,NONE
李鹏程,NONE
唐传勤,高级经济师
刘光兴,NONE
张文利,高级经济师
左斌,NONE
曹朝阳,高级工程师
曹朝阳,政府特殊津贴
王锋,高级工程师
王锋,政府特殊津贴
王锋,高级工程师
王锋,政府特殊津贴
白忻平,高级工程师
袁菊兴,高级工程师
黄化锋,NONE
陈嘉生,高级工程师
万冠清,高级会计师
王福军,高级经济师
蒋志坚,高级工程师
阮大平,高级经济师
阎洪生,高级经济师
阮大平,高级经济师
李雄,高级工程师
阎洪生,高级经济师
韩广岳,高级经济师
单银木,高级经济师
张世明,高级经济师
钟发平,NONE
朱飞锦,高级经济师
朱飞锦,省劳动模范
江端预,NONE
李喜增,高级工程师
缪志强,NONE
缪志强,NONE
陈孟礼,高级工程师
刘宝生,高级工程师
刘宝生,高级政工师
陈军华,NONE
林金本,高级经济师
张春光,NONE
贾林,高级工程师
许鹏,NONE
李军,NONE
王靖,NONE
周其钧,高级经济师
戚明珠,高级经济师
程晓曦,NONE
崔根良,高级政工师
崔根良,高级经济师
高安敏,NONE
钱建林,NONE
师春生,高级工程师
师春生,全国劳动模范
郝于田,高级经济师
刘永和,高级经济师
卢彦昌,高级工程师
卢彦昌,国务院政府特殊津贴
卢彦昌,政府特殊津贴
卢彦昌,全国劳动模范
杨凤翝,高级工程师
李立群,高级政工师
王福军,高级工程师
王福军,市劳动模范
宋鑫,高级工程师
孙兆学,高级工程师
宋鑫,高级工程师
姜标,NONE
宋晶,NONE
黄山,NONE
姜标,NONE
何昌明,高级工程师
张富强,NONE
何昌明,高级工程师
李赋屏,高级工程师
王冰,NONE
赖振元,高级工程师
赖振元,高级经济师
赖振元,省劳动模范
陈澄清,NONE
牛建国,高级工程师
李照智,高级工程师
张朝宏,高级工程师
严宏,高级工程师
严宏,省劳动模范
方朝阳,高级工程师
方朝阳,高级经济师
朱崇仁,NONE
董英,高级工程师
孙勇,NONE
江廷林,高级工程师
江廷林,国务院政府特殊津贴
江廷林,政府特殊津贴
童国华,高级工程师
卢勤,NONE
边程,高级经济师
林达贤,NONE
罗东江,NONE
潘正义,NONE
张增根,NONE
杜尧,高级工程师
潘旭东,NONE
时旸,国务院特殊津贴
伍青,NONE
吴启宏,高级工程师
吴启宏,高级工程师
王世才,高级工程师
王敬敏,NONE
赵时运,高级工程师
林起泰,NONE
黄曼民,NONE
张念民,NONE
洪和良,高级经济师
王伟林,NONE
林立新,高级工程师
李良龙,高级工程师
李良龙,国务院政府特殊津贴
李良龙,政府特殊津贴
谢飞,注册会计师
谭志红,高级工程师
何永祥,NONE
卿松,高级经济师
冯国胜,高级政工师
雷洪,NONE
刘建文,高级工程师
刘赟东,高级工程师
李其祥,高级政工师
傅民安,NONE
钟崇武,高级工程师
曹祖民,高级工程师
刘雨忠,高级工程师
李馥友,高级工程师
李馥友,高级经济师
高建军,高级工程师
高建军,国务院政府特殊津贴
高建军,政府特殊津贴
义宝厚,高级工程师
成锋,高级会计师
刘伟,高级工程师
赵磊,高级工程师
曹德法,高级政工师
曹德法,高级经济师
曹德法,全国劳动模范
符冬,高级工程师
符冬,高级经济师
胥大有,NONE
戈亚芳,高级经济师
付明仲,高级经济师
龚家申,NONE
李智明,NONE
刘勇,NONE
李智明,NONE
叶洋友,高级经济师
叶洋友,省劳动模范
叶林富,高级经济师
姚兴田,高级工程师
姚兴田,市劳动模范
蒋会成,省劳动模范
霍峰,NONE
李爱国,NONE
李同双,NONE
姬广怀,高级政工师
谢信跃,高级政工师
任银光,NONE
闫奎兴,高级工程师
何忠华,高级经济师
闫奎兴,高级工程师
费维武,NONE
奚国富,高级工程师
张建伟,高级工程师
马兴田,高级工程师
马兴田,全国劳动模范
袁仁国,高级经济师
黄明玖,NONE
黄言勇,NONE
陈保华,高级工程师
童建新,NONE
薛济萍,NONE
张文儒,高级经济师
张军,高级工程师
张军,全国劳动模范
迟耀勇,高级工程师
张晓军,NONE
许晓文,高级经济师
舒英钢,高级工程师
陶国平,高级经济师
翁景庆,高级会计师
唐志成,高级工程师
唐志成,高级工程师
王广钟,高级工程师
柴文,高级工程师
许晓鸣,NONE
朱其棕,高级会计师
杨国平,高级经济师
杨安国,NONE
郭前玉,NONE
封照波,NONE
刘敬路,NONE
孙利,NONE
段连文,NONE
崔之火,NONE
陈兴汉,高级工程师
陈兴汉,高级经济师
陈兴汉,省劳动模范
江劲松,市劳动模范
闫希军,国务院特殊津贴
闫凯境,NONE
唐敏,高级工程师
苏振明,NONE
杨军,高级工程师
程春平,高级工程师
程春平,国务院政府特殊津贴
程春平,政府特殊津贴
杨军,高级工程师
陈龙海,高级经济师
荀建华,高级经济师
荀建华,省劳动模范
王世全,高级经济师
潘利斌,NONE
邓守信,高级经济师
陈国和,NONE
崔照宏,NONE
王成耀,高级政工师
武宪章,高级经济师
何伟,高级工程师
马晓宏,高级会计师
王哲生,高级经济师
王哲生,省劳动模范
赵国柱,NONE
刘军,高级经济师
杜钟灵,高级经济师
范喜哲,高级工程师
杜建华,高级会计师
郭海,高级工程师
赵建泽,高级会计师
张万青,高级政工师
张万青,高级经济师
张万青,省劳动模范
时民,高级政工师
时民,高级经济师
陈玉民,NONE
王立君,NONE
陈潮,高级经济师
杨海,高级工程师
胡伟,高级经济师
陈维铉,高级工程师
刘同高,高级工程师
刘同高,国务院政府特殊津贴
刘同高,政府特殊津贴
刘同高,全国劳动模范
刘同高,省劳动模范
黄长庚,高级工程师
黄长庚,国务院政府特殊津贴
黄长庚,政府特殊津贴
黄长庚,省劳动模范
丁强,高级政工师
丁强,高级经济师
董其宏,高级工程师
边海青,高级经济师
薛桓,高级工程师
陈宗海,国务院特殊津贴
王亚非,全国劳动模范
王亚非,省劳动模范
王民,NONE
孙东兴,高级政工师
孙东兴,高级经济师
关长文,NONE
茆令文,高级工程师
茆令文,国务院政府特殊津贴
茆令文,政府特殊津贴
李勤夫,NONE
陈文理,NONE
郭亚军,NONE
何玉良,NONE
何京云,NONE
顾国平,NONE
肖伟,高级工程师
肖伟,国务院特殊津贴
余大全,高级经济师
李欣雨,高级工程师
张新广,高级工程师
刘彦龙,省劳动模范
张剑武,高级工程师
张剑武,政府特殊津贴
孙彦广,高级工程师
张平,高级经济师
葛黎明,高级经济师
张铭金,NONE
孔德双,NONE
周万幸,NONE
曾福生,高级经济师
曾福生,国务院特殊津贴
胡尔广,高级工程师
陈鸿增,高级工程师
罗韶颖,NONE
贾浚,NONE
向志鹏,高级会计师
王洪运,高级工程师
王洪运,高级经济师
王洪运,国务院政府特殊津贴
王洪运,政府特殊津贴
王洪运,全国劳动模范
曹龙祥,NONE
王德贤,高级经济师
夏林,NONE
吴明武,高级经济师
吴明武,高级经济师
叶继革,NONE
许德来,NONE
叶继革,NONE
许德来,NONE
史济春,高级工程师
王子亮,高级工程师
李涛,高级经济师
黄大成,NONE
彭政纲,NONE
彭政纲,NONE
刘曙峰,NONE
郭华强,NONE
陈国平,NONE
胡季强,高级工程师
胡季强,政府特殊津贴
程汉川,高级经济师
程汉川,国务院特殊津贴
程汉川,全国劳动模范
李秉骥,NONE
胡建飞,NONE
李秉骥,NONE
王启林,高级工程师
孙新华,高级经济师
孔祥喜,高级工程师
张宝春,高级工程师
许鲁平,高级经济师
许鲁平,省劳动模范
赵哲夫,高级工程师
孔德永,NONE
王世根,市劳动模范
李晓,NONE
刘海峡,高级工程师
陆海军,高级经济师
朱炎,NONE
吴贞予,NONE
高巨谦,NONE
孙振华,高级工程师
鞠建宏,NONE
孙振华,高级工程师
肖世猛,高级工程师
陈建成,高级经济师
陈永苗,NONE
王建乔,高级工程师
赵峡,高级工程师
沈东新,高级会计师
李延江,NONE
王金华,国务院政府特殊津贴
王金华,政府特殊津贴
何德祥,NONE
周守为,高级工程师
刘健,高级工程师
王新潮,高级经济师
王新潮,全国劳动模范
郭文叁,高级工程师
朱永强,NONE
王刚,高级工程师
王刚,国务院特殊津贴
王刚,省劳动模范
赵毅新,高级经济师
王文京,NONE
杨启昭,高级经济师
杨启昭,省劳动模范
杨宝生,NONE
陆致成,NONE
黄代放,高级经济师
陈福胜,高级经济师
陈福胜,国务院特殊津贴
曾凡沛,高级经济师
赵伟,NONE
张光臣,NONE
刘达,NONE
张志新,NONE
叶湘武,NONE
窦啟玲,NONE
张洪恩,省劳动模范
马路平,NONE
贺怀钦,NONE
崔红松,高级会计师
王伟,高级经济师
季诚建,高级工程师
王佳芬,高级经济师
王佳芬,市劳动模范
赵柏礼,高级工程师
赵柏礼,高级经营师
庄国蔚,NONE
张崇建,NONE
孙勇才,NONE
姜夏,高级经济师
奚河滨,高级工程师
奚河滨,国务院政府特殊津贴
奚河滨,政府特殊津贴
王道明,高级经济师
刘长友,NONE
汤贤富,NONE
易怀泉,NONE
李民,NONE
赵伟平,NONE
李民,NONE
李桂荣,高级会计师
李桂荣,注册会计师
金志国,高级经济师
孙明波,国务院特殊津贴
方中华,NONE
易梅,NONE
刘欲晓,NONE
顾培柱,高级经济师
傅新华,高级工程师
王强,NONE
黄峰,高级工程师
刘家雄,高级经济师
黄金刚,NONE
唐相道,高级经济师
秦少秋,NONE
陈铁铭,高级经济师
张文卿,高级经济师
郑元湖,NONE
李培忠,高级经济师
夏斯成,NONE
丁明年,NONE
周群,高级经营师
郭海祥,高级工程师
郑树昌,NONE
徐林宝,高级经济师
肖宏振,NONE
阮人旦,NONE
王文杰,NONE
张玉良,高级经济师
王鸿锷,高级政工师
张杰,高级工程师
曹水和,NONE
杨修福,高级工程师
肖义南,NONE
李保卫,NONE
史佩欣,NONE
雷升逵,高级会计师
张弘,NONE
何国华,NONE
祁玉民,高级工程师
张文卿,高级经济师
李培忠,高级经济师
叶富才,高级经济师
吴邦兴,NONE
刘效军,NONE
周秀华,高级政工师
杨国平,高级经济师
胡书刚,高级经济师
石力华,高级经济师
卡先加,NONE
张芝庭,高级经济师
赵新先,政府特殊津贴
赵新先,全国劳动模范
崔军,NONE
许宝星,高级工程师
王延涛,NONE
彭龙,NONE
李杰,NONE
王红梅,NONE
蔡少斌,高级工程师
王铁锋,NONE
陶林,NONE
涂明海,高级经济师
程健,NONE
涂建敏,高级会计师
吴顺宝,高级政工师
吴顺宝,高级经济师
葛俊杰,高级会计师
李克让,NONE
谈逸,NONE
李建华,NONE
王连景,NONE
程鹏,NONE
孔令泉,NONE
李保荣,NONE
刘军,NONE
徐荣一,高级工程师
周波,高级工程师
王强,NONE
刘训峰,高级工程师
李军,高级经济师
黄岱列,高级政工师
黄岱列,高级经济师
顾惠龙,高级经济师
俞友涌,高级经济师
沈建芳,高级工程师
沈建芳,国务院特殊津贴
沈建芳,高级工程师
沈建芳,国务院特殊津贴
叶立润,NONE
佘宝庆,高级经济师
徐伟梧,高级经济师
蒋耀,高级工程师
毛辰,NONE
陈靖,NONE
毛辰,NONE
汤富祥,NONE
钱明,NONE
范宪,高级工程师
刘训峰,高级工程师
王生洪,NONE
张陆洋,NONE
席时平,NONE
安秀清,高级经济师
江锡洲,NONE
顾振奋,高级经济师
徐若海,NONE
吴永强,高级经济师
杨博,NONE
张斌,NONE
文德芳,高级会计师
施德容,NONE
章曦,高级经济师
章曦,注册会计师
邱平,高级政工师
秦云,高级工程师
朱匡宇,高级经济师
朱勇,高级工程师
马立行,高级经济师
高海浩,NONE
唐海根,NONE
黄政,高级经营师
张宗宝,NONE
鲍崇宪,NONE
鲍玉洁,NONE
朱建舟,高级工程师
杨国平,高级经济师
周云鹤,高级经济师
魏建华,NONE
金健,NONE
徐忠伟,高级经济师
王成明,NONE
陈光平,NONE
陈光平,NONE
张坚白,高级经济师
马坚泓,高级工程师
王强,NONE
裘新,NONE
黎瑞刚,NONE
王建军,NONE
吴明烈,NONE
王政,NONE
王伟旭,注册会计师
程齐鸣,NONE
杨小明,NONE
俞标,高级经济师
张素心,高级工程师
黄国平,NONE
南新生,NONE
倪翼丰,高级会计师
穆浩平,高级会计师
鲍康荣,NONE
元建兴,高级经济师
王玮,高级工程师
李建红,高级经济师
李建红,全国劳动模范
程光,高级经济师
程光,高级会计师
朱旭东,高级工程师
杨祥海,高级经济师
吴家骅,高级经济师
仇伟国,NONE
吴建雄,高级工程师
陈铭珊,NONE
顾青,NONE
徐风,高级经济师
范永进,高级经济师
刘虎廷,NONE
廖政权,高级政工师
李培佩,NONE
李德福,NONE
韩旭东,NONE
陈照,省劳动模范
何平,NONE
王勇,NONE
李德福,NONE
陈玉华,高级经济师
周立武,高级经济师
刘新民,NONE
舒榕斌,高级经济师
章关明,NONE
舒榕斌,高级经济师
刘宏,NONE
芮友仁,高级工程师
芮友仁,政府特殊津贴
刘强,NONE
孔庆伟,高级经济师
蒋耀,高级工程师
安红军,NONE
沈懋兴,NONE
杨原平,NONE
邵晓明,NONE
唐岷,NONE
顾有根,NONE
邵礼群,高级经济师
黄峰,高级工程师
蔡小庆,高级工程师
李遵义,NONE
邓景顺,高级工程师
韩飞,NONE
刘鸿雁,NONE
肖勇,高级经济师
仰融,NONE
吴小安,NONE
王世平,NONE
祁玉民,高级工程师
郁建福,高级经济师
樊志强,NONE
邵礼群,高级经济师
黄峰,高级工程师
涂国身,NONE
程秉海,高级经济师
吴平,NONE
叶凯,NONE
徐晓亮,NONE
张勇鹤,高级工程师
丁公才,NONE
陆云良,NONE
张杰,高级工程师
麦校勋,NONE
任昌建,NONE
胡巍,NONE
余蒂妮,NONE
许佳明,NONE
许振东,NONE
徐祗祥,NONE
贾放,NONE
贾洪浩,高级经济师
李冀中,NONE
鲍玉桐,高级工程师
赵炳弟,高级工程师
卜世成,高级政工师
杨文良,高级工程师
王岩,NONE
王宗光,NONE
许晓鸣,NONE
朱其棕,高级会计师
钱天东,NONE
刘玉文,NONE
张同恩,高级经济师
孙冬琳,高级经济师
洪任初,高级经济师
李仲秋,NONE
康慧军,高级经济师
杨小明,NONE
李晋昭,NONE
刘存周,高级经济师
郝伟哲,NONE
张利君,NONE
谢蔚,高级工程师
章东凡,高级经济师
柳政,NONE
俞向前,高级经济师
张逸屏,高级经济师
陈吉庆,高级经济师
石松,高级经济师
李标,高级工程师
李标,国务院政府特殊津贴
李标,政府特殊津贴
左洪波,国务院政府特殊津贴
左洪波,政府特殊津贴
李文海,高级工程师
荆朝晖,NONE
吴惠明,高级经济师
顾斌,NONE
张晓耕,高级经济师
杜自弘,高级经济师
蒋晓萌,高级工程师
蒋晓萌,国务院特殊津贴
钱永涛,NONE
章鹏飞,NONE
范建国,NONE
宋晓明,NONE
胡新笠,NONE
贺顺明,NONE
赵锐勇,NONE
夏义宝,NONE
郭京平,NONE
陈宽金,高级经济师
黄顺福,高级工程师
高淳,NONE
朱胜杰,NONE
徐林宝,高级经济师
朱胜杰,NONE
蔡顺明,高级工程师
刘世才,高级经济师
陈辰康,高级经济师
应土歌,NONE
陈鹏飞,NONE
杜尧,高级工程师
敖刚,NONE
蔡昌庆,NONE
古松,NONE
陈建龙,NONE
范晓岚,高级经济师
范晓岚,省劳动模范
杨佰祥,NONE
杨学品,NONE
陈国强,高级经济师
夏杰,NONE
周卫中,NONE
鲍康荣,NONE
蔚宏久,NONE
曹宏斌,NONE
徐千,NONE
刘波,高级工程师
游文庆,NONE
张海生,NONE
许伟文,NONE
戚围岳,NONE
李三宁,NONE
王恒,NONE
杨怀珍,NONE
沈国军,NONE
邱中伟,NONE
赵庆,NONE
杨海飞,NONE
王灏,高级经济师
王琪,高级会计师
田振清,高级工程师
周孟尝,NONE
郑暑平,高级政工师
胡国良,高级工程师
李柱石,高级工程师
陈景奇,高级政工师
余宝山,高级工程师
韩广德,高级工程师
林小雄,高级工程师
凌玉章,高级经济师
叶天捷,NONE
郭清泉,高级会计师
谷涛,NONE
廉小强,高级工程师
黄莼,高级经济师
刘黎临,高级工程师
袁建华,NONE
徐建刚,NONE
陆益平,高级工程师
戎光道,高级工程师
王治卿,高级工程师
倪志华,高级工程师
张文卿,高级经济师
邹宁,NONE
杨绵绵,NONE
梁海山,高级工程师
张维加,NONE
张毅恒,NONE
张宗权,NONE
起明,NONE
薛科,NONE
蒋孟衡,高级工程师
刘平,NONE
张文,NONE
黄彬,NONE
刘平,NONE
裴西平,高级经济师
闫文泉,高级工程师
郁葱,NONE
黄胜,NONE
张忠,NONE
陈明魁,NONE
李非列,NONE
毕德才,NONE
彭瑞涛,NONE
朱红志,NONE
牛钢,高级经济师
雷黎光,NONE
陈国邦,高级经济师
柯法诚,NONE
林建星,NONE
陈友忠,NONE
鲜言,NONE
韩啸,NONE
曹和平,高级经济师
曹和平,国务院特殊津贴
曹和平,全国劳动模范
杨仁发,高级经济师
王为,NONE
王利民,NONE
魏占志,高级工程师
吕红献,高级政工师
吕红献,高级经济师
余国华,高级工程师
刘波,高级会计师
连刚,高级工程师
孟祥杰,NONE
赵利,NONE
刘波,NONE
王剑峰,NONE
张大成,NONE
李家顺,高级工程师
李家顺,政府特殊津贴
李家顺,全国劳动模范
薛维军,NONE
隗罡,NONE
林秀成,高级经济师
陈继达,高级经济师
王挺革,高级经济师
何洪达,NONE
刘贵亭,高级工程师
刘贵亭,高级工程师
王刚,高级工程师
王则瑞,NONE
顾惠忠,NONE
孟祥泰,NONE
蔡世杰,NONE
骆志松,NONE
贾涛,NONE
马金泉,NONE
王西民,高级工程师
邢道钦,高级工程师
邢道钦,政府特殊津贴
李淼,高级工程师
郭盟权,高级工程师
章祖法,NONE
应国强,NONE
庄国蔚,NONE
叶观年,NONE
庄国蔚,NONE
洪明德,高级政工师
闻淼,NONE
张智刚,NONE
吴建平,高级政工师
尚德鑫,NONE
李延江,NONE
王伟炎,高级工程师
吴培国,高级工程师
姚雄杰,NONE
陈东,NONE
姚彬捷,NONE
姜振飞,NONE
陈东,NONE
陈民群,高级经济师
黄永干,NONE
李家淼,高级经济师
周耀平,NONE
陶昀,高级经济师
尚凤和,NONE
王俊卿,NONE
王启民,高级工程师
田世光,高级工程师
程国勋,NONE
李中钦,NONE
吴金坤,NONE
刘兴堂,高级会计师
刘兴堂,注册会计师
宣守招,NONE
李小平,NONE
赵磊,NONE
李德芳,全国劳动模范
曹田平,高级工程师
曹田平,高级经济师
陈海燕,NONE
王恩德,NONE
于汝民,NONE
田长松,高级经济师
郑庆跃,高级经济师
卢伟,NONE
刘积仁,NONE
张书用,NONE
秦宏伟,高级工程师
于长敏,NONE
赵文旗,NONE
杨皓,高级经济师
杨皓,省劳动模范
脱利成,高级经济师
李新华,高级工程师
李万佰,高级经济师
刘威东,高级政工师
梁俍,NONE
周振德,高级工程师
王社平,高级工程师
祁泽民,高级工程师
赫孟合,高级工程师
李绍斌,高级工程师
教光印,高级工程师
刘秀玲,高级政工师
刘秀玲,高级经济师
于学忠,NONE
刘毅,高级经济师
傅跃红,高级经济师
白小易,NONE
王宏祥,NONE
庄立峰,NONE
李剑秋,高级政工师
李剑秋,高级经济师
张跃龙,NONE
牛敏,NONE
陈伟,高级工程师
凡剑,NONE
郑宝森,高级经济师
路书军,高级工程师
陈飞虎,NONE
程念高,高级工程师
任书辉,高级工程师
孙德利,高级工程师
冯久田,高级工程师
张涛,高级工程师
陈树常,NONE
张毅,高级工程师
张毅,政府特殊津贴
刘伟,高级工程师
龚小力,高级经济师
龚小力,市劳动模范
肖诗新,高级经济师
刘伟力,高级经济师
何谦,NONE
方中华,NONE
冉茂平,高级会计师
周伯勤,NONE
余丽,NONE
韦俊民,NONE
王晓光,政府特殊津贴
刘卫东,政府特殊津贴
陈云,NONE
张静静,NONE
程世平,NONE
杨晓斌,NONE
杨维彬,NONE
叶龙,高级工程师
陈炎,NONE
臧家顺,NONE
张兴华,高级工程师
张建华,NONE
于源金,高级经济师
徐东波,NONE
张建华,NONE
张兴华,高级工程师
吴友明,高级经济师
纪向群,高级工程师
纪向群,高级经济师
徐明,NONE
孔丽,高级经济师
何贵品,高级工程师
郑弘波,NONE
夏令和,NONE
范余祯,高级政工师
范余祯,高级经济师
张宏,NONE
杜永忠,NONE
张宏,NONE
尚书志,高级经济师
薛佩珍,高级工程师
潘得国,高级政工师
曲剑午,高级工程师
郭文仓,高级工程师
金晓林,高级政工师
洪任初,高级经济师
胡茂元,高级工程师
胡茂元,高级经济师
陈虹,高级工程师
陈虹,高级经济师
徐建一,高级工程师
滕铁骑,高级工程师
金毅,NONE
刘道明,NONE
时钢,NONE
肖新才,高级经济师
任志强,NONE
孙秋艳,高级经济师
李维建,高级工程师
刘顺达,高级工程师
王琳,高级经济师
邹嘉华,高级工程师
邹嘉华,高级经济师
居少宏,高级经济师
祁英杰,NONE
高建荣,NONE
宋勤华,高级工程师
胡宗贵,高级工程师
尤廉,NONE
吴青龙,NONE
刘秉强,高级工程师
代威,NONE
华韡,NONE
朱铧,高级政工师
陈伟恕,NONE
马成樑,高级经济师
陆申,高级经济师
夏汉忠,高级经济师
欧阳旭,NONE
钟虹光,NONE
廖礼村,NONE
董全臣,NONE
易敏之,NONE
钟虹光,NONE
宋兴庭,高级经济师
贾鸿祥,NONE
李维艰,NONE
李小龙,NONE
黄玕,NONE
郭可,NONE
刘小勇,NONE
周丽萍,NONE
史进兵,NONE
马军,NONE
李大明,高级工程师
王文胜,NONE
俞敏亮,NONE
何福龙,高级经济师
孙丕恕,NONE
王柏华,NONE
王茂昌,高级会计师
王茂昌,注册会计师
王柏华,NONE
杨林峰,NONE
卢继延,NONE
钱锋,高级工程师
倪学明,NONE
吉群力,NONE
陆俊德,NONE
王建辉,NONE
孙永平,NONE
潘启胜,NONE
胡毅力,NONE
王志强,高级经济师
林守信,高级政工师
孙小钢,NONE
王跃仁,NONE
林端,NONE
姜亮,NONE
孙军亮,高级经济师
谭瑞松,高级工程师
王军,高级会计师
王军,国务院特殊津贴
田学应,NONE
李晓义,高级工程师
刘汉生,高级经济师
张德进,高级工程师
张德进,高级工程师
刘建新,NONE
吕建国,NONE
周国勋,NONE
单昶,高级工程师
苏振明,NONE
刘烈宏,高级工程师
倪剑云,高级工程师
李晓春,NONE
李建军,NONE
谭卫东,NONE
赵桂斌,高级经济师
孟祥凯,NONE
胡晓峰,高级经济师
胡晓峰,全国劳动模范
孙锦庆,NONE
李世杰,高级经济师
陈伟东,NONE
徐诚惠,NONE
徐成义,NONE
赵景璋,NONE
谭荣德,NONE
钱仁高,NONE
郑锦浩,高级会计师
江涤清,高级工程师
杨守峰,高级工程师
杨雄,NONE
昝圣达,高级经济师
昝圣达,全国劳动模范
陈义,高级经济师
郭家学,省劳动模范
张斌,NONE
董金江,高级经济师
孙勇,NONE
熊先儒,高级经济师
王德银,NONE
朱贤麟,高级经济师
朱贤麟,市劳动模范
张宪华,高级经济师
张宪华,市劳动模范
张祖忠,高级工程师
李安建,高级经济师
赖伟德,高级会计师
施继兴,NONE
郑国民,高级工程师
张泽熙,高级工程师
孙树刚,高级经济师
姜学荣,高级经济师
姜学荣,高级会计师
宋向阳,省劳动模范
黄万珍,NONE
蔡仁山,高级经济师
马雍全,高级经济师
聂如旋,高级经济师
杨肇基,高级工程师
杨肇基,高级经济师
黄建勇,高级经济师
郭明,NONE
常小刚,NONE
刘建中,高级工程师
王启瑞,高级工程师
孙凤娟,NONE
关永进,NONE
朱文臣,NONE
施嘉良,高级工程师
熊小星,NONE
刘彤,NONE
谢伯韬,NONE
李忠兴,NONE
李功臣,NONE
陈道江,高级会计师
李世杰,高级经济师
崔剑波,高级会计师
刘歧鸣,高级经济师
莫森,NONE
李玮,高级会计师
魏佑山,高级工程师
刘相学,高级会计师
王学德,高级政工师
刘卫国,高级工程师
徐鸣凤,高级经济师
徐鸣凤,全国劳动模范
蒙进暹,NONE
曲奎,NONE
洪水坤,高级经济师
韩铁林,高级经济师
章建辉,高级工程师
章建辉,国务院政府特殊津贴
章建辉,政府特殊津贴
刘从德,高级工程师
高祥友,高级工程师
郭琴,NONE
茹关筠,NONE
金良顺,高级工程师
金良顺,高级政工师
沈小军,高级经济师
翁桂珍,NONE
王少武,高级经济师
王琪,高级工程师
徐京付,NONE
朱炎,NONE
赵家友,NONE
夏蜀,高级经济师
刘文章,高级工程师
杨授诚,高级政工师
张鸿鸣,高级工程师
田心和,NONE
易从,NONE
叶效良,NONE
徐品云,NONE
唐勇,NONE
周大兵,高级工程师
朱永芃,高级工程师
陈飞虎,NONE
马炎,高级经济师
高云跃,NONE
沈水荣,高级经济师
陈纯,NONE
史烈,NONE
夏刚,NONE
徐炳祥,NONE
管雄文,NONE
褚敏,NONE
陈明东,高级会计师
刘栋来,高级工程师
王盛珍,NONE
姜肃敌,高级经济师
阮强,高级工程师
郭锴,NONE
陈木森,高级经济师
徐永模,NONE
黄建民,高级政工师
黄建民,高级经济师
李建寅,NONE
郑盛端,高级工程师
姜丰顺,NONE
林德金,NONE
霍丽君,高级工程师
杨宇,高级工程师
王玉锁,NONE
王群英,高级工程师
杨学平,NONE
胡友林,高级经济师
陈云华,高级经济师
王连春,NONE
高扬仁,高级经济师
高明辉,NONE
王兴,NONE
曾昭秦,NONE
顾建国,高级工程师
苏鉴钢,NONE
丁毅,高级工程师
郭双威,高级经济师
李秋喜,高级政工师
谭忠豹,高级政工师
谭忠豹,高级经济师
宋春迎,高级工程师
宋春迎,高级经济师
季松青,NONE
张兆锋,高级工程师
马源,高级工程师
马源,国务院特殊津贴
王良,高级工程师
张宏伟,高级经济师
常幸,NONE
张千兵,高级工程师
王社平,高级工程师
杨海静,高级会计师
胡崇杏,高级政工师
周自力,高级经济师
童民强,高级经济师
王昆东,高级经济师
陈玲,高级经济师
郭清泉,高级会计师
许振明,高级工程师
曲玉春,NONE
张春景,NONE
王少钦,NONE
龙长生,NONE
郭永明,NONE
黄飞,NONE
马婷婷,NONE
姚志贤,高级政工师
马惠熊,NONE
顾觉新,高级经济师
陈荣,NONE
陈闪,NONE
朱伯安,高级经济师
龙万里,NONE
贺涛,高级经济师
林益彬,高级经济师
赵健,高级经济师
姜先赋,高级政工师
陈彬,高级工程师
王志强,NONE
杨磊,NONE
张焰,高级工程师
张立津,NONE
回金普,高级政工师
刘明,高级经济师
陈伟宝,NONE
吕勇明,高级经济师
贺涛,高级经济师
秦青林,高级经济师
陈圣,NONE
杨传华,NONE
华洲,高级经济师
哈九如,高级经济师
陈剑峰,NONE
裘新,NONE
赵效定,高级政工师
张黎明,NONE
戴柳,高级经济师
王强,高级经济师
王宗南,高级经济师
吕勇明,高级经济师
黄真诚,高级经济师
马新生,高级工程师
马新生,高级经济师
陈晓宏,高级经济师
叶永明,NONE
曾永江,NONE
易江,NONE
张崃,NONE
王福琴,NONE
高宏彪,NONE
丁鸿利,NONE
姜林奎,NONE
刘占滨,NONE
张利君,NONE
赵万兴,NONE
楼炯友,NONE
孙建华,NONE
潘昵琥,高级工程师
代志军,高级经济师
吕晓明,高级政工师
晏兆祥,国务院特殊津贴
凌承进,高级经济师
殷卓人,NONE
赵刚,高级经济师
盛小洪,高级经济师
徐震午,高级政工师
陆琨,NONE
费立夫,高级会计师
宋孝鋆,NONE
钱耀忠,高级会计师
张焰,高级工程师
俞光耀,高级工程师
夏毓灼,高级工程师
王成明,NONE
徐建国,高级经济师
陈鸿,高级经济师
费钧德,高级经济师
费屹立,NONE
庄国蔚,NONE
徐麟,NONE
曹晓风,高级会计师
徐凡,NONE
王开国,高级经济师
黄富贵,NONE
黄跃,高级经济师
龚祥荣,NONE
许骍,NONE
倪润峰,高级工程师
倪润峰,政府特殊津贴
赵勇,高级工程师
陈龙兴,高级政工师
陈龙兴,高级经济师
肖国普,高级经济师
蓝青松,NONE
倪永刚,高级经济师
倪永刚,市劳动模范
张敏,高级工程师
黄永昌,NONE
董云雄,NONE
廖德荣,高级经济师
曾晓宁,高级经济师
张华龙,NONE
王斌,NONE
徐乐江,NONE
王文海,高级工程师
赵周礼,高级工程师
蒋为民,高级工程师
王力,高级工程师
王建云,NONE
钱刚,NONE
丁洁民,NONE
丁权,高级工程师
王敬武,NONE
诸一军,高级经济师
乔昌志,高级政工师
刘悉承,NONE
周永清,高级工程师
肖宗义,高级经营师
徐伟,高级经济师
莫子敏,高级经济师
徐子瑛,NONE
曹俊,高级经济师
袁国华,NONE
孙德炜,高级工程师
游小明,高级工程师
严镇博,高级经济师
徐文彬,高级政工师
俞锋,NONE
于志领,高级工程师
于志领,高级政工师
高崇,高级工程师
张振勤,高级工程师
雷文锋,高级经济师
雷文锋,高级经济师
张厚,高级工程师
史铁桥,高级工程师
陈亮,高级工程师
尚云龙,高级工程师
张鸿志,高级工程师
姜鸿,高级经济师
许承业,高级经济师
徐群,高级工程师
殷兴良,NONE
唐刚斗,NONE
谢良贵,NONE
全春来,高级工程师
全春来,政府特殊津贴
敖刚,NONE
全春来,高级工程师
全春来,政府特殊津贴
范士良,高级经济师
王建国,高级经济师
王建国,省劳动模范
邓天洲,高级工程师
王琪,高级会计师
杨士勤,NONE
孙世强,NONE
龚东升,高级经济师
徐峻,NONE
李福仁,NONE
王仁泉,高级经济师
张文生,高级经济师
刘希举,高级经济师
张文生,高级经济师
汤庆顺,高级经济师
郑万河,高级经济师
刘冰,高级政工师
刘冰,高级经济师
朱武安,高级经济师
王国华,NONE
庞连东,高级经济师
赵国荣,NONE
张培武,高级经济师
蒋自力,高级工程师
胡传忠,高级工程师
王军,NONE
周和平,NONE
王禄征,NONE
张宗平,高级工程师
严介和,高级经济师
严介和,省劳动模范
陈照东,高级会计师
凌卫国,NONE
王建华,NONE
赵波,NONE
乌若思,高级工程师
吕慧,高级工程师
吴景龙,高级工程师
邢继军,高级经济师
智大勇,NONE
冯晓江,高级工程师
冯晓江,国务院政府特殊津贴
冯晓江,政府特殊津贴
冯晓江,全国劳动模范
智大勇,NONE
董伟平,高级经济师
陈夏鑫,NONE
徐刚,NONE
陈夏鑫,NONE
陈顺华,高级经济师
陈夏鑫,NONE
黄增麟,高级工程师
黄增麟,政府特殊津贴
钟自荣,NONE
李成,高级工程师
罗宁,高级工程师
莫仕文,NONE
李一奎,高级工程师
李一奎,国务院特殊津贴
李一奎,全国劳动模范
杨钦欢,全国劳动模范
杨锋源,NONE
杨钦欢,全国劳动模范
汪汝俊,NONE
温增勇,高级政工师
武琪,NONE
蒋锡培,高级经济师
王宝清,NONE
蒋锡培,高级经济师
吴小敏,高级经济师
郭则理,高级经济师
陈顺棻,NONE
王炎元,NONE
王玲玲,NONE
王玲玲,NONE
傅兴堂,NONE
徐正宁,高级工程师
钱衡格,高级经济师
卢立勇,高级工程师
焦方正,高级工程师
冯梳胜,NONE
谢力健,NONE
熊炜,NONE
何盛秋,NONE
郭现东,高级工程师
庞培德,NONE
孟庆山,NONE
马白玉,NONE
张文辉,NONE
刘玉军,NONE
斯泽夫,高级工程师
朱元巢,高级工程师
斯泽夫,高级工程师
郭晓寰,高级工程师
刘宝瑛,NONE
朱雷波,高级工程师
高天宝,高级会计师
宋建明,高级工程师
马立云,高级工程师
张冲,高级工程师
何世斌,高级经济师
靖波,高级经济师
龚兵,高级经济师
陈永强,高级政工师
刘波,高级会计师
洪耕,高级工程师
李华光,高级政工师
李华光,高级经济师
厉建中,NONE
王宗银,NONE
刘眉玄,NONE
孙旭军,NONE
曹建春,NONE
宋尚龙,高级工程师
宋尚龙,高级经济师
耿佃杰,高级经济师
张庆宽,高级工程师
王继文,NONE
黄建军,高级工程师
齐银山,高级工程师
柴琇,NONE
吴远之,NONE
刘志波,NONE
郑永刚,高级经济师
代明华,NONE
庄巍,NONE
宋胜广,NONE
杨丙洲,高级经济师
申英明,NONE
王国亮,NONE
李明春,NONE
郭满金,NONE
卜繁森,高级工程师
冯士栋,高级工程师
胡刚,高级工程师
郑俊怀,高级经济师
潘刚,NONE
张英千,高级工程师
刘杰,高级工程师
刘杰,高级经济师
李建华,NONE
孙健,高级经济师
张新,高级工程师
张新,国务院政府特殊津贴
张新,政府特殊津贴
张新,全国劳动模范
周发亮,高级经济师
沈光宇,高级经济师
钟书高,NONE
丁明国,高级工程师
黄振山,高级经济师
黄振山,全国劳动模范
殷友田,NONE
韩旭升,高级工程师
张涛,高级工程师
岳慧欣,高级工程师
林玲,NONE
刘波,NONE
张子礼,高级经济师
赵廷阁,高级经济师
蒋贤云,NONE
刘宏强,NONE
李亚,NONE
赵立华,NONE
吉大为,高级工程师
冷清桂,NONE
石予友,NONE
姚建辉,NONE
周镇科,NONE
肖振友,高级经济师
肖振友,省劳动模范
刘少敏,高级经济师
乔世波,NONE
于旭波,NONE
马福安,NONE
庞为,NONE
陈明德,NONE
陈嘉陵,高级会计师
张若生,高级工程师
潘胜燊,NONE
钱人杰,高级工程师
戴海波,NONE
陈剑波,NONE
刘小龙,高级工程师
丁磊,高级工程师
陈干锦,NONE
黎文范,高级经济师
王大雄,高级会计师
黄小文,高级工程师
密春雷,NONE
王倜傥,NONE
陈斌,NONE
李福乾,高级经济师
李福乾,全国劳动模范
张继升,NONE
冯伟忠,NONE
王俊洲,NONE
何阳青,NONE
陆佑楣,高级工程师
李永安,高级经济师
李永安,政府特殊津贴
曹广晶,高级工程师
曹广晶,政府特殊津贴
曹广晶,高级工程师
曹广晶,政府特殊津贴
卢纯,NONE
李华清,高级经济师
潘鑫军,高级经济师
顾汉德,高级经济师
李俊杰,全国劳动模范
李俊杰,省劳动模范
林风华,国务院政府特殊津贴
林风华,政府特殊津贴
林风华,省劳动模范
李枝芳,高级工程师
傅少武,高级工程师
曹修运,高级工程师
刘学义,高级工程师
周立成,高级工程师
郝建,高级工程师
王祥,高级经济师
吴佳林,NONE
童来明,注册会计师
黄欣,NONE
李福成,NONE
李高生,NONE
杨延良,高级政工师
杨延良,全国劳动模范
杨振兴,NONE
杨延智,NONE
金海军,NONE
郑鹏远,NONE
陈学军,高级工程师
缪文民,高级工程师
李金泉,高级工程师
白晓光,高级工程师
邓中华,高级政工师
付国,NONE
司国晨,高级工程师
司国晨,国务院政府特殊津贴
司国晨,政府特殊津贴
刘志江,高级工程师
刘志江,国务院政府特殊津贴
刘志江,政府特殊津贴
王伟,高级工程师
王伟,国务院政府特殊津贴
王伟,政府特殊津贴
宋寿顺,高级工程师
朱宜存,高级工程师
汪永茂,高级工程师
蔡兆林,NONE
谢绍颖,高级工程师
龚乃勤,高级工程师
邓西清,NONE
徐伟强,高级经济师
孙振华,高级经济师
杨泽元,NONE
张跃文,NONE
邱卫,高级经济师
鲍俊华,高级工程师
赵江华,NONE
汪诚,NONE
何勤,NONE
刘勤强,高级工程师
刘勤强,高级经济师
刘勤强,市劳动模范
刘绍喜,NONE
罗庆红,高级工程师
罗庆红,高级经济师
孙传尧,NONE
蒋开喜,国务院政府特殊津贴
蒋开喜,政府特殊津贴
陈树扬,NONE
蒋金华,NONE
唐国海,NONE
丁凯,高级经济师
王凌云,NONE
余伟业,NONE
顾剑波,高级工程师
季学智,高级工程师
仇旭东,NONE
金友华,NONE
高峰,高级经济师
高峰,政府特殊津贴
高峰,全国劳动模范
杨宏军,高级工程师
于金周,高级工程师
张海龙,NONE
张治海,高级经济师
张治海,高级经济师
刘双珉,高级经济师
刘双珉,全国劳动模范
刘双珉,省劳动模范
刘锋杰,NONE
朱重庆,高级经济师
朱重庆,全国劳动模范
朱重庆,省劳动模范
杨龙江,NONE
王治邦,高级工程师
万沛中,NONE
杨龙江,NONE
郑勇康,NONE
赵美光,高级经济师
刘宝林,高级经济师
吕晓兆,NONE
吴曼青,高级工程师
陈信平,高级工程师
陈信平,国务院政府特殊津贴
陈信平,政府特殊津贴
黄忠渠,NONE
赵跃,高级经济师
黄忠渠,NONE
陈平,高级经济师
冯崇武,省劳动模范
李克毅,高级经济师
杨斌,高级工程师
李克毅,高级经济师
杨育鉴,高级工程师
裴华,高级经济师
张文学,高级工程师
刘宝林,高级经济师
宫少林,高级经济师
孙文仲,NONE
李泽民,高级工程师
吴永平,高级工程师
张有喜,高级工程师
廖志刚,高级工程师
施沛润,NONE
李永松,高级工程师
罗福勤,高级工程师
董林,高级工程师
邓强,高级工程师
夏彤,高级工程师
朱建派,高级工程师
刘大卫,NONE
武汛,高级政工师
杨绍清,高级工程师
赵春雷,高级工程师
李建伟,高级经济师
李茜,注册会计师
白力群,高级工程师
李春宏,高级会计师
林复,高级会计师
徐长江,NONE
焦云,省劳动模范
李振国,NONE
钟宝申,高级工程师
李保平,NONE
李书升,NONE
李令红,高级经济师
徐华江,NONE
宋越舜,NONE
刘建军,NONE
王正华,高级经济师
王正华,市劳动模范
唐永清,高级经济师
唐永清,省劳动模范
赵剡水,高级工程师
杜玉岱,高级工程师
郭海棠,高级工程师
陈必亭,NONE
张喜武,NONE
张玉卓,NONE
龚曙光,NONE
王大庆,NONE
郑亚南,NONE
汪立平,高级经济师
耿养谋,高级工程师
吴生富,高级工程师
唐勇,NONE
唐勇,高级工程师
周黎明,NONE
李家祥,NONE
孔栋,高级经济师
王昌顺,NONE
蔡剑江,NONE
丁尔民,高级经济师
陈念慈,NONE
金克宁,高级工程师
陆红星,高级工程师
王一新,高级经济师
林进挺,NONE
刘大卫,NONE
王绪昭,NONE
张伟峰,高级工程师
谢识才,高级经济师
包德元,高级经济师
欧大江,NONE
李真,NONE
王振华,高级工程师
武秀峰,高级经济师
李祖伟,高级工程师
王世安,NONE
高建平,高级经济师
毛小兵,高级工程师
汪海涛,高级经济师
张永利,高级工程师
闫冰竹,国务院特殊津贴
茅建荣,高级政工师
茅建荣,高级经济师
张雅林,高级工程师
李国瑞,高级工程师
孟凤朝,高级工程师
孟凤朝,国务院政府特殊津贴
孟凤朝,政府特殊津贴
孙熠嵩,高级工程师
陈江旭,高级经济师
魏庆华,高级经济师
张亚军,高级经济师
龚国贤,高级经济师
于少波,高级工程师
杨德红,NONE
杜江涛,NONE
黄辉,高级工程师
包士金,高级经济师
陆永华,高级经济师
华炜,高级经济师
杨照乾,高级会计师
孙青松,高级工程师
陈士良,高级工程师
张房有,NONE
庞庆华,NONE
项俊波,NONE
蒋超良,高级经济师
刘士余,NONE
刘国本,高级经济师
金志峰,高级工程师
马明哲,NONE
蒋超良,高级经济师
胡怀邦,NONE
牛锡明,高级经济师
吴俊光,NONE
何玉华,高级经济师
徐啸明,高级工程师
李文新,高级工程师
武勇,高级工程师
康典,NONE
万峰,高级经济师
万峰,国务院政府特殊津贴
万峰,政府特殊津贴
黄东海,高级经济师
印建安,高级工程师
印建安,国务院特殊津贴
印建安,高级工程师
印建安,国务院特殊津贴
兰荣,高级经济师
石大华,高级经济师
李长进,高级工程师
姜建清,NONE
张跃,高级工程师
韩增义,高级工程师
张长虹,NONE
吴永敏,高级经济师
吴永敏,注册会计师
范力,高级经济师
韩俊良,高级工程师
尉文渊,NONE
王原,高级工程师
肖群,NONE
郑坚江,高级经济师
郑坚江,全国劳动模范
金建顺,高级经济师
贺江川,高级经济师
贺江川,高级经济师
钱文龙,高级经济师
肖亚庆,高级工程师
熊维平,国务院政府特殊津贴
熊维平,政府特殊津贴
葛红林,高级工程师
余德辉,NONE
高国富,高级经济师
钱琎,NONE
吕明方,高级经济师
周杰,NONE
楼定波,高级经济师
任沁新,高级工程师
任沁新,高级会计师
严怀忠,高级经济师
侯松容,NONE
刘本仁,高级工程师
经天亮,高级工程师
经天亮,国务院政府特殊津贴
经天亮,政府特殊津贴
国文清,高级工程师
国文清,高级政工师
杨超,高级经济师
袁力,高级经济师
魏建军,NONE
俞其兵,NONE
葛文耀,高级工程师
姚正藩,高级经济师
陈建生,高级工程师
杨建国,高级工程师
刘银志,高级工程师
孙文杰,高级工程师
孙文杰,国务院政府特殊津贴
孙文杰,政府特殊津贴
孙文杰,全国劳动模范
易军,高级工程师
易军,全国劳动模范
官庆,高级工程师
范集湘,高级经济师
马宗林,高级工程师
晏志勇,高级工程师
马廷义,NONE
马廷义,NONE
张忠正,NONE
吴万善,高级经济师
任润厚,高级工程师
任润厚,国务院政府特殊津贴
任润厚,政府特殊津贴
李晋平,高级工程师
范建刚,高级经济师
焦承尧,高级工程师
刘三省,高级经济师
沙鸣,高级经济师
李学成,高级经济师
徐建国,高级经济师
黄迪南,高级工程师
赵小刚,高级工程师
郑昌泓,高级工程师
崔殿国,高级工程师
崔殿国,高级工程师
尹明善,NONE
唐双宁,高级经济师
唐双宁,政府特殊津贴
袁长清,高级经济师
郭新双,NONE
徐文卫,NONE
张延丰,高级工程师
周晓萍,NONE
周纪昌,高级工程师
刘起涛,高级工程师
刘起涛,国务院政府特殊津贴
刘起涛,政府特殊津贴
倪志敏,NONE
曹杰,市劳动模范
刘健,高级工程师
唐双宁,高级经济师
唐双宁,政府特殊津贴
蒋洁敏,高级经济师
周吉平,高级工程师
李绍德,NONE
张国发,NONE
傅育宁,NONE
李建红,高级经济师
李建红,全国劳动模范
李晓鹏,高级经济师
苏新刚,高级工程师
南存辉,高级经济师
孙宏,高级经济师
惠凯,NONE
刘载望,NONE
盖志新,NONE
王为民,高级工程师
陶安祥,高级经济师
经天亮,高级工程师
经天亮,国务院政府特殊津贴
经天亮,政府特殊津贴
王安,高级工程师
王安,国务院政府特殊津贴
王安,政府特殊津贴
李延江,NONE
陈景河,高级工程师
陈景河,国务院特殊津贴
王桂科,高级经济师
雷杰,NONE
何其聪,注册会计师
冯焕培,NONE
张长友,NONE
刘谊,高级工程师
刘谊,高级经济师
陈培,高级经济师
魏家福,NONE
马泽华,高级经济师
万敏,NONE
陈海燕,NONE
张建康,NONE
谭铁鹰,NONE
王胜杰,高级工程师
张轩松,NONE
郭树清,NONE
王洪章,高级经济师
王洪章,注册会计师
马宝平,高级工程师
张继祥,高级工程师
宋宁,NONE
任晓常,高级工程师
任晓常,国务院特殊津贴
贾砚林,高级工程师
贾砚林,高级会计师
陈国平,高级工程师
钱智民,高级工程师
钱智民,国务院政府特殊津贴
钱智民,政府特殊津贴
肖钢,NONE
田国立,NONE
李长印,高级工程师
胡问鸣,高级工程师
翟若愚,高级工程师
刘顺达,高级工程师
陈进行,高级工程师
蒋卫平,高级政工师
蒋卫平,高级经济师
姜德义,高级工程师
崔建国,NONE
孔丹,高级经济师
田国立,NONE
常振明,高级经济师
任慧英,NONE
李家巍,NONE
杨建军,NONE
马利,NONE
王一彪,NONE
王振滔,高级经济师
徐增增,NONE
王蔚,NONE
徐涛明,NONE
陈阿裕,高级经济师
靳坤,NONE
高献国,NONE
严建文,NONE
石华辉,NONE
冯正功,高级工程师
冯正功,国务院政府特殊津贴
冯正功,政府特殊津贴
冯正功,省劳动模范
冯正功,市劳动模范
明图章,高级工程师
李国杰,NONE
魏中浩,高级经济师
张德华,高级政工师
张德华,高级经济师
曹文洁,NONE
陈振华,NONE
郑建军,高级工程师
郭天明,NONE
伍超群,NONE
崔志强,NONE
朱斌,NONE
金跃跃,NONE
贺正刚,NONE
陈邦锐,NONE
郑良才,NONE
杨龙,NONE
侯长森,NONE
向晓波,高级工程师
向晓波,全国劳动模范
向晓波,市劳动模范
吴朋,高级工程师
刘辉,NONE
金元贵,高级工程师
金元贵,国务院特殊津贴
钱金波,NONE
黄保忠,NONE
汪大维,NONE
张丽君,NONE
张奇,高级工程师
张奇,市劳动模范
张逢春,注册会计师
张震,NONE
蒋学真,高级经济师
黎福超,高级工程师
黎福超,市劳动模范
刘建君,高级工程师
陈继壮,NONE
陈德康,NONE
张金明,高级工程师
许旭东,高级经济师
倪永培,高级经济师
舒畅,NONE
李慧慧,NONE
刘振东,NONE
康健,NONE
林道藩,NONE
庞康,高级经济师
伏运景,高级政工师
伏运景,高级经济师
胡丹锋,NONE
杜应流,高级经济师
杜应流,全国劳动模范
丁宏广,NONE
吕世平,高级工程师
吕世平,市劳动模范
谢冰,NONE
李广元,高级经济师
骆亚君,NONE
李广胜,NONE
许树根,NONE
倪祖根,NONE
徐新建,高级经济师
朱朝阳,NONE
周素明,全国劳动模范
付铁,注册会计师
徐雄,NONE
吴锭辉,NONE
郭光华,全国劳动模范
郭光华,省劳动模范
花轩德,NONE
李欣,NONE
王致勤,NONE
卢凤仙,市劳动模范
胡锦生,NONE
林天福,NONE
张茂义,NONE
张许科,国务院特殊津贴
张许科,省劳动模范
方同华,NONE
项光明,高级经营师
李卫国,市劳动模范
徐进,NONE
罗衍记,NONE
黄金祥,NONE
张加勇,NONE
郭茂,NONE
夏崇耀,高级经济师
金卫东,NONE
金卫东,NONE
丁毅,高级经济师
田玉波,高级工程师
孙庆炎,高级经济师
吴志雄,NONE
陶灵萍,高级经济师
蔡明通,高级工程师
张桂丰,高级工程师
陈士斌,高级工程师
陈士斌,高级经济师
陈士斌,省劳动模范
唐国宏,NONE
王保庆,NONE
张宏保,省劳动模范
叶利明,高级经济师
张海明,NONE
段佩璋,NONE
余亦坤,NONE
高勇,注册会计师
回全福,高级工程师
钱高法,NONE
章沈强,NONE
朱梅珍,NONE
陈雪华,高级经济师
陈雪华,市劳动模范
舒志高,高级工程师
林建华,高级工程师
夏国新,NONE
赵瑞海,NONE
顾益明,高级工程师
顾益明,高级经济师
蔡镇城,NONE
胡明森,NONE
吴学群,NONE
王玉锁,NONE
谢子龙,省劳动模范
王均金,NONE
沈建华,NONE
沈汉标,NONE
陈湖文,NONE
吕婕,NONE
金国培,高级工程师
周志刚,省劳动模范
徐缓,高级工程师
高毅,NONE
顾清泉,高级工程师
顾清泉,高级经济师
谢铁桥,高级工程师
王先成,高级工程师
王建裕,高级经济师
艾立华,NONE
段玉贤,高级工程师
段玉贤,高级经济师
吴文君,高级工程师
李朝春,NONE
陈德松,NONE
王义平,NONE
张庆华,NONE
吉西平,NONE
