S0001,阿姆斯特丹商学院
S0002,曼彻斯特大学
S0003,安徽教育学院
S0004,安徽工商管理学院
S0005,彼得堡工程科学院
S0006,中南矿业学院
S0007,青岛远洋船员学院
S0008,上海交大
S0009,南京航空学院
S0010,纽约理工大学
S0011,汉诺威大学
S0012,新疆广播电视大学
S0013,中共河南省委党校
S0014,河南广播电视大学
S0015,河北工学院
S0016,台湾大同工学院
S0017,世界生产率科学院
S0018,国际东西方大学
S0019,亚利桑那州立大学
S0020,亚利桑那大学
S0021,圣彼得堡大学
S0022,东北林学院
S0023,黑龙江省社会科学院
S0024,鞍山钢铁学院
S0025,山东经济学院
S0026,中国矿业学院
S0027,南京邮电学院
S0028,南京航空学院
S0029,杭州大学
S0030,澳门科技大学
S0031,西南师范大学
S0032,上海工业大学
S0033,上海社会科学院
S0034,中欧工商学院
S0035,上海国家会计学院
S0036,南洋理工大学
S0037,中国纺织大学
S0038,上海工业大学
S0039,香港城市大学
S0040,北京钢铁学院
S0041,山东煤炭技术学院
S0042,广西农学院
S0043,武汉化工学院
S0044,云南工业大学
S0045,北弗吉尼亚大学
S0046,阿姆斯特丹大学
S0047,北京市机械工业局职工大学
S0048,中国科学院研究生院
S0049,江西工业大学
S0050,郑州工业大学
S0051,江西冶金学院
S0052,中南矿冶学院
S0053,赫尔大学
S0054,天津财经学院
S0055,焦作矿业学院
S0056,南京化工学院
S0057,东北工学院
S0058,南昆大学
S0059,北京煤炭管理干部学院
S0060,纽约PACE大学
S0061,北京机械学院
S0062,广州外国语学院
S0063,中央政法管理干部学院
S0064,纽约保险学院
S0065,北京工业学院
S0066,第三世界科学院
S0067,格拉斯哥大学
S0068,马堡大学
S0069,西南财大
S0070,长沙第一师范学院
S0071,河南财经学院
S0072,铁道部干部管理学院
S0073,广东省广播电视大学
S0074,北京语言学院
S0075,洛阳工学院
S0076,世界生产力科学院
S0077,武汉工业大学
S0078,山东省妇女干部学院
S0079,南京市业余工业大学
S0080,湖北财经学院
S0081,北京行政学院
S0082,湖南财经学院
S0083,杭州商学院
S0084,辽宁财经学院
S0085,阜新矿业学院
S0086,西安矿业学院
S0087,安徽建材学院
S0088,上海建材学院
S0089,斯德哥尔摩大学
S0090,旧金山大学
S0091,北京师范学院
S0092,装甲兵工程学院
S0093,纽约州立大学
S0094,南京政治学院
S0095,山西煤炭管理干部学院
S0096,MIDDLESEX大学
S0097,香港中文大学
S0098,普渡大学
S0099,工业经济专业大学
S0100,哈佛大学
S0101,巴黎第十大学
S0102,中南工业大学
S0103,长沙铁道学院
S0104,吉林财贸学院
S0105,陕西财经学院
S0106,芝加哥大学
S0107,中国民航学院
S0108,南安普顿大学
S0109,南伊利诺伊大学
S0110,中国科技大学
S0111,京都大学
S0112,北海道大学
S0113,江苏工学院
S0114,鸡西矿业学院
S0115,阿尔伯塔大学
S0116,巴伐利亚旅游学院
S0117,伊利诺伊斯大学
S0118,湖南省经济管理学院
S0119,西安冶金建筑学院
S0120,巴基斯坦国际大学
S0121,内蒙古财经学院
S0122,中欧工商管理学院
S0123,华北水利电力学院
S0124,山西矿业学院
S0125,太原工业大学
S0126,北京轻工业学院
S0127,华东石油学院
S0128,上海机械学院
S0129,里尔第三大学
S0130,卢本巴希大学
S0131,中欧商学院
S0132,天津纺织工学院
S0133,吉林省直属机关业余大学
S0134,罗斯福大学
S0135,大连工学院
S0136,香港大学
S0137,伯明翰大学
S0138,抚顺石油学院
S0139,华盛顿大学
S0140,华南热带作物学院
S0141,郑州航空工业学院
S0142,中南财经大学
S0143,北京农业工程大学
S0144,鲁顿大学
S0145,新南威尔士大学
S0146,奥斯丁德克萨斯大学
S0147,哈佛商学院
S0148,北方交通大学
S0149,北京石油学院
S0150,吉林工业大学
S0151,华东纺织工学院
S0152,浙江丝绸工学院
S0153,兰州铁道学院
S0154,北京外语学院
S0155,莫斯科航空学院
S0156,北京航空学院
S0157,中欧国际工商学院
S0158,布鲁诺尔大学
S0159,威尔士大学
S0160,长江商学院
S0161,伦敦城市大学
S0162,江西财经学院
S0163,中央党校
S0164,马斯特里特赫国际管理学院
S0165,伊林工学院
S0166,杜伦大学
S0167,西北电讯工程学院
S0168,洛桑饭店管理学院
S0169,北京国际政治学院
S0170,中央财经金融学院
S0171,中央财政金融学院
S0172,武汉水利电力学院
S0173,东伦敦大学
S0174,巴尔的摩大学
S0175,山西财经学院
S0176,武汉职工大学
S0177,武汉城建学院
S0178,西安西北建筑工程学院
S0179,昆明工学院
S0180,太原机械学院
S0181,华东工学院
S0182,布法罗大学
S0183,吉林工学院
S0184,密西根州立大学
S0185,中国科学院计算所
S0186,西安公路学院
S0187,格林威治大学
S0188,白求恩医科大学
S0189,武汉交通科技大学
S0190,北京化工学院
S0191,加州大学圣地亚哥分校
S0192,加州大学
S0193,四平师范学院
S0194,西安公安干部学院
S0195,香港理工大学
S0196,河北财贸金融学院
S0197,蚌埠市职工大学
S0198,湖南农学院
S0199,西德曼海姆大学
S0200,北京地质学院
S0201,中欧国际工商管理学院
S0202,深圳教育学院
S0203,纽卡素(NEWCASTLE)大学
S0204,西安外国语学院
S0205,西雅图城市大学
S0206,南京工学院
S0207,北京经济学院
S0208,江西大学
S0209,哈尔滨科技大学
S0210,山东财政学院
S0211,大庆石油学院
S0212,安徽省地质职工大学
S0213,广东省财贸管理干部学院
S0214,广州外贸学院
S0215,香港公开大学
S0216,牛津大学
S0217,中国社会科学院
S0218,密西根大学
S0219,北京矿业学院
S0220,无锡轻工业学院
S0221,华东政法学院
S0222,湖南医科大学
S0223,第三军医大学
S0224,东北电力学院
S0225,莱特州立大学
S0226,山东工业大学
S0227,华中理工大学
S0228,青海师范大学
S0229,大连海运学院
S0230,北京大学
S0231,北大
S0232,中国人民大学
S0233,清华大学
S0234,北京交通大学
S0235,北京科技大学
S0236,中国石油大学
S0237,北京邮电大学
S0238,华北电力大学
S0239,北京化工大学
S0240,中国农业大学
S0241,北京林业大学
S0242,北京中医药大学
S0243,北京师范大学
S0244,北京外国语大学
S0245,北京语言大学
S0246,对外经济贸易大学
S0247,中央财经大学
S0248,中国政法大学
S0249,中央民族大学
S0250,中国人民公安大学
S0251,北京协和医学院
S0252,北京体育大学
S0253,北京理工大学
S0254,北京航空航天大学
S0255,北京信息科技大学
S0256,北京工商大学
S0257,北京联合大学
S0258,北京工业大学
S0259,北方工业大学
S0260,首都医科大学
S0261,首都师范大学
S0262,首都经济贸易大学
S0263,中国传媒大学
S0264,国际关系学院
S0265,中央戏剧学院
S0266,中央美术学院
S0267,中央音乐学院
S0268,北京电子科技学院
S0269,外交学院
S0270,中国劳动关系学院
S0271,中国青年政治学院
S0272,中华女子学院
S0273,北京服装学院
S0274,北京建筑工程学院
S0275,北京印刷学院
S0276,首钢工学院
S0277,北京石油化工学院
S0278,北京农学院
S0279,首都体育学院
S0280,北京第二外国语学院
S0281,北京物资学院
S0282,北京警察学院
S0283,中国音乐学院
S0284,中国戏曲学院
S0285,北京电影学院
S0286,北京舞蹈学院
S0287,北京城市学院
S0288,北京青年政治学院
S0289,北京交通运输职业学院
S0290,北京信息职业技术学院
S0291,北京科技经营管理学院
S0292,北京电子科技职业学院
S0293,北京工业职业技术学院
S0294,北京科技职业学院
S0295,北京戏曲艺术职业学院
S0296,北京农业职业学院
S0297,北京汇佳职业学院
S0298,北京财贸职业学院
S0299,北京经济技术职业学院
S0300,北京北大方正软件职业技术学院
S0301,北京交通职业技术学院
S0302,北京培黎职业学院
S0303,北京吉利大学
S0304,北京经济管理职业学院
S0305,北京卫生职业学院
S0306,北京政法职业学院
S0307,北京体育职业学院
S0308,北京社会管理职业学院
S0309,北京新圆明职业学院
S0310,北京现代职业技术学院
S0311,北京京北职业技术学院
S0312,北京经贸职业学院
S0313,北京劳动保障职业学院
S0314,南开大学
S0315,天津大学
S0316,中国民航大学
S0317,天津工业大学
S0318,天津科技大学
S0319,天津理工大学
S0320,天津医科大学
S0321,天津中医药大学
S0322,天津师范大学
S0323,天津职业技术师范大学
S0324,天津外国语大学
S0325,天津财经大学
S0326,天津商业大学
S0327,天津天狮学院
S0328,天津城市建设学院
S0329,天津农学院
S0330,天津体育学院
S0331,天津美术学院
S0332,天津音乐学院
S0333,天津医学高等专科学校
S0334,天津工程职业技术学院
S0335,天津机电职业技术学院
S0336,天津现代职业技术学院
S0337,天津公安警官职业学院
S0338,天津轻工职业技术学院
S0339,天津市职业大学
S0340,天津渤海职业技术学院
S0341,天津滨海职业学院
S0342,天津电子信息职业技术学院
S0343,天津石油职业技术学院
S0344,天津交通职业学院
S0345,天津中德职业技术学院
S0346,天津城市职业学院
S0347,天津冶金职业技术学院
S0348,天津商务职业学院
S0349,天津城市建设管理职业技术学院
S0350,天津生物工程职业技术学院
S0351,天津艺术职业学院
S0352,天津国土资源和房屋职业学院
S0353,天津海运职业学院
S0354,天津青年职业学院
S0355,天津广播影视职业学院
S0356,天津铁道职业技术学院
S0357,天津开发区职业技术学院
S0358,天津工艺美术职业学院
S0359,河北大学
S0360,河北工业大学
S0361,燕山大学
S0362,河北联合大学
S0363,河北科技大学
S0364,石家庄铁道大学
S0365,河北工程大学
S0366,河北农业大学
S0367,河北医科大学
S0368,河北师范大学
S0369,河北经贸大学
S0370,中国人民武装警察部队学院
S0371,中央司法警官学院
S0372,防灾科技学院
S0373,华北科技学院
S0374,北华航天工业学院
S0375,河北建筑工程学院
S0376,石家庄经济学院
S0377,河北科技学院
S0378,承德医学院
S0379,唐山师范学院
S0380,廊坊师范学院
S0381,沧州师范学院
S0382,河北民族师范学院
S0383,邢台学院
S0384,河北科技师范学院
S0385,河北外国语学院
S0386,河北金融学院
S0387,河北体育学院
S0388,河北传媒学院
S0389,河北美术学院
S0390,邯郸学院
S0391,衡水学院
S0392,石家庄学院
S0393,保定学院
S0394,唐山学院
S0395,河北北方学院
S0396,承德石油高等专科学校
S0397,河北工程技术高等专科学校
S0398,石家庄人民医学高等专科学校
S0399,邢台医学高等专科学校
S0400,石家庄医学高等专科学校
S0401,沧州医学高等专科学校
S0402,石家庄幼儿师范高等专科学校
S0403,承德护理职业学院
S0404,河北化工医药职业技术学院
S0405,邯郸职业技术学院
S0406,张家口职业技术学院
S0407,沧州职业技术学院
S0408,保定职业技术学院
S0409,石家庄铁路职业技术学院
S0410,河北能源职业技术学院
S0411,石家庄职业技术学院
S0412,邢台职业技术学院
S0413,河北工业职业技术学院
S0414,石家庄科技职业学院
S0415,河北劳动关系职业学院
S0416,唐山职业技术学院
S0417,渤海石油职业学院
S0418,石家庄科技工程职业学院
S0419,石家庄邮电职业技术学院
S0420,河北司法警官职业学院
S0421,冀中职业学院
S0422,石家庄工商职业学院
S0423,石家庄经济职业学院
S0424,石家庄城市职业学院
S0425,石家庄工程职业学院
S0426,河北省艺术职业学院
S0427,河北旅游职业学院
S0428,河北女子职业技术学院
S0429,廊坊职业技术学院
S0430,保定电力职业技术学院
S0431,河北机电职业技术学院
S0432,石家庄科技信息职业学院
S0433,河北公安警察职业学院
S0434,石家庄外国语职业学院
S0435,河北建材职业技术学院
S0436,河北政法职业学院
S0437,河北石油职业技术学院
S0438,唐山工业职业技术学院
S0439,衡水职业技术学院
S0440,秦皇岛职业技术学院
S0441,唐山科技职业技术学院
S0442,泊头职业学院
S0443,河北轨道运输职业技术学院
S0444,宣化科技职业学院
S0445,廊坊东方职业技术学院
S0446,廊坊卫生职业学院
S0447,河北软件职业技术学院
S0448,石家庄理工职业学院
S0449,石家庄信息工程职业学院
S0450,河北交通职业技术学院
S0451,石家庄财经职业学院
S0452,河北外国语职业学院
S0453,廊坊燕京职业技术学院
S0454,山西大学
S0455,太原理工大学
S0456,中北大学
S0457,太原科技大学
S0458,山西农业大学
S0459,山西医科大学
S0460,山西师范大学
S0461,山西大同大学
S0462,山西财经大学
S0463,太原工业学院
S0464,山西中医学院
S0465,长治医学院
S0466,吕梁学院
S0467,忻州师范学院
S0468,太原师范学院
S0469,运城学院
S0470,长治学院
S0471,晋中学院
S0472,山西工商学院
S0473,太原电力高等专科学校
S0474,运城幼儿师范高等专科学校
S0475,晋中师范高等专科学校
S0476,阳泉师范高等专科学校
S0477,山西省财政税务专科学校
S0478,山西警官高等专科学校
S0479,太原大学
S0480,山西药科职业学院
S0481,山西兴华职业学院
S0482,山西建筑职业技术学院
S0483,山西轻工职业技术学院
S0484,山西工程职业技术学院
S0485,运城职业技术学院
S0486,山西老区职业技术学院
S0487,大同煤炭职业技术学院
S0488,山西交通职业技术学院
S0489,山西艺术职业学院
S0490,长治职业技术学院
S0491,晋城职业技术学院
S0492,山西电力职业技术学院
S0493,山西体育职业学院
S0494,山西警官职业学院
S0495,山西国际商务职业学院
S0496,山西华澳商贸职业学院
S0497,山西机电职业技术学院
S0498,山西戏剧职业学院
S0499,山西财贸职业技术学院
S0500,山西林业职业技术学院
S0501,山西水利职业技术学院
S0502,阳泉职业技术学院
S0503,晋中职业技术学院
S0504,运城护理职业学院
S0505,忻州职业技术学院
S0506,山西金融职业学院
S0507,临汾职业技术学院
S0508,山西职业技术学院
S0509,太原城市职业技术学院
S0510,山西运城农业职业技术学院
S0511,山西青年职业学院
S0512,山西经贸职业学院
S0513,山西同文职业技术学院
S0514,山西信息职业技术学院
S0515,山西管理职业学院
S0516,山西旅游职业学院
S0517,潞安职业技术学院
S0518,太原旅游职业学院
S0519,朔州职业技术学院
S0520,山西煤炭职业技术学院
S0521,内蒙古大学
S0522,内蒙古科技大学
S0523,内蒙古民族大学
S0524,内蒙古工业大学
S0525,内蒙古农业大学
S0526,内蒙古医科大学
S0527,内蒙古师范大学
S0528,内蒙古财经大学
S0529,河套学院
S0530,赤峰学院
S0531,集宁师范学院
S0532,呼伦贝尔学院
S0533,呼和浩特民族学院
S0534,乌兰察布医学高等专科学校
S0535,满洲里俄语职业学院
S0536,包头职业技术学院
S0537,内蒙古建筑职业技术学院
S0538,内蒙古机电职业技术学院
S0539,乌海职业技术学院
S0540,呼和浩特职业学院
S0541,内蒙古交通职业技术学院
S0542,阿拉善职业技术学院
S0543,赤峰工业职业技术学院
S0544,内蒙古能源职业学院
S0545,乌兰察布职业学院
S0546,内蒙古电子信息职业技术学院
S0547,通辽职业学院
S0548,内蒙古化工职业学院
S0549,内蒙古商贸职业学院
S0550,包头铁道职业技术学院
S0551,包头钢铁职业技术学院
S0552,内蒙古美术职业学院
S0553,科尔沁艺术职业学院
S0554,包头轻工职业技术学院
S0555,锡林郭勒职业学院
S0556,兴安职业技术学院
S0557,内蒙古警察职业学院
S0558,内蒙古体育职业学院
S0559,内蒙古经贸外语职业学院
S0560,赤峰职业技术学院
S0561,内蒙古北方职业技术学院
S0562,鄂尔多斯职业学院
S0563,内蒙古科技职业学院
S0564,内蒙古丰州职业学院
S0565,呼伦贝尔职业技术学院
S0566,内蒙古工业职业学院
S0567,大连理工大学
S0568,东北大学
S0569,大连海事大学
S0570,辽宁大学
S0571,大连大学
S0572,沈阳大学
S0573,沈阳理工大学
S0574,辽宁工程技术大学
S0575,沈阳工业大学
S0576,沈阳建筑大学
S0577,辽宁石油化工大学
S0578,大连交通大学
S0579,沈阳化工大学
S0580,辽宁科技大学
S0581,大连工业大学
S0582,辽宁工业大学
S0583,沈阳航空航天大学
S0584,沈阳农业大学
S0585,大连海洋大学
S0586,中国医科大学
S0587,大连医科大学
S0588,辽宁中医药大学
S0589,沈阳药科大学
S0590,辽宁师范大学
S0591,沈阳师范大学
S0592,渤海大学
S0593,东北财经大学
S0594,大连民族学院
S0595,中国刑事警察学院
S0596,沈阳工程学院
S0597,辽宁科技学院
S0598,大连东软信息学院
S0599,大连科技学院
S0600,辽宁医学院
S0601,沈阳医学院
S0602,辽宁何氏医学院
S0603,鞍山师范学院
S0604,大连外国语学院
S0605,辽宁财贸学院
S0606,沈阳体育学院
S0607,鲁迅美术学院
S0608,沈阳音乐学院
S0609,大连艺术学院
S0610,辽东学院
S0611,辽宁对外经贸学院
S0612,辽宁交通高等专科学校
S0613,朝阳师范高等专科学校
S0614,抚顺师范高等专科学校
S0615,铁岭师范高等专科学校
S0616,锦州师范高等专科学校
S0617,辽宁税务高等专科学校
S0618,辽宁警官高等专科学校
S0619,阜新高等专科学校
S0620,辽宁城市建设职业技术学院
S0621,辽宁冶金职业技术学院
S0622,辽宁工程职业学院
S0623,铁岭卫生职业学院
S0624,辽宁卫生职业技术学院
S0625,抚顺职业技术学院
S0626,辽阳职业技术学院
S0627,大连职业技术学院
S0628,渤海船舶职业学院
S0629,盘锦职业技术学院
S0630,大连商务职业学院
S0631,辽宁农业职业技术学院
S0632,营口职业技术学院
S0633,沈阳职业技术学院
S0634,辽宁金融职业学院
S0635,辽河石油职业技术学院
S0636,辽宁装备制造职业技术学院
S0637,辽宁现代服务职业技术学院
S0638,辽宁政法职业学院
S0639,沈阳北软信息职业技术学院
S0640,辽宁体育运动职业技术学院
S0641,辽宁职业学院
S0642,大连装备制造职业技术学院
S0643,沈阳航空职业技术学院
S0644,辽宁地质工程职业学院
S0645,辽宁铁道职业技术学院
S0646,辽宁建筑职业技术学院
S0647,大连枫叶职业技术学院
S0648,辽宁商贸职业学院
S0649,大连翻译职业学院
S0650,辽宁理工职业学院
S0651,大连软件职业学院
S0652,辽宁美术职业学院
S0653,大连航运职业技术学院
S0654,辽宁林业职业技术学院
S0655,辽宁经济职业技术学院
S0656,辽宁信息职业技术学院
S0657,辽宁广告职业学院
S0658,大连汽车职业技术学院
S0659,辽宁机电职业技术学院
S0660,辽宁石化职业技术学院
S0661,吉林大学
S0662,东北师范大学
S0663,延边大学
S0664,北华大学
S0665,长春大学
S0666,长春理工大学
S0667,长春工业大学
S0668,吉林农业大学
S0669,长春中医药大学
S0670,吉林师范大学
S0671,吉林财经大学
S0672,东北电力大学
S0673,长春工程学院
S0674,吉林建筑工程学院
S0675,吉林化工学院
S0676,长春建筑学院
S0677,吉林农业科技学院
S0678,吉林医药学院
S0679,通化师范学院
S0680,白城师范学院
S0681,吉林工程技术师范学院
S0682,长春师范学院
S0683,吉林华桥外国语学院
S0684,吉林工商学院
S0685,吉林警察学院
S0686,吉林体育学院
S0687,吉林艺术学院
S0688,吉林动画学院
S0689,长春汽车工业高等专科学校
S0690,长春医学高等专科学校
S0691,白城医学高等专科学校
S0692,长春金融高等专科学校
S0693,吉林科技职业技术学院
S0694,四平职业大学
S0695,辽源职业技术学院
S0696,长春东方职业学院
S0697,吉林交通职业技术学院
S0698,吉林铁道职业技术学院
S0699,吉林司法警官职业学院
S0700,白城职业技术学院
S0701,吉林工业职业技术学院
S0702,吉林电子信息职业技术学院
S0703,长白山职业技术学院
S0704,松原职业技术学院
S0705,长春信息技术职业学院
S0706,延边职业技术学院
S0707,长春职业技术学院
S0708,吉林农业工程职业技术学院
S0709,东北林业大学
S0710,哈尔滨工业大学
S0711,哈尔滨工程大学
S0712,黑龙江大学
S0713,佳木斯大学
S0714,齐齐哈尔大学
S0715,哈尔滨理工大学
S0716,东北石油大学
S0717,东北农业大学
S0718,黑龙江八一农垦大学
S0719,哈尔滨医科大学
S0720,黑龙江中医药大学
S0721,哈尔滨师范大学
S0722,哈尔滨商业大学
S0723,哈尔滨学院
S0724,黑龙江工程学院
S0725,齐齐哈尔工程学院
S0726,黑龙江科技学院
S0727,哈尔滨远东理工学院
S0728,哈尔滨石油学院
S0729,齐齐哈尔医学院
S0730,牡丹江医学院
S0731,牡丹江师范学院
S0732,大庆师范学院
S0733,黑龙江外国语学院
S0734,哈尔滨金融学院
S0735,哈尔滨德强商务学院
S0736,哈尔滨体育学院
S0737,黑龙江东方学院
S0738,绥化学院
S0739,哈尔滨剑桥学院
S0740,哈尔滨广厦学院
S0741,黑河学院
S0742,哈尔滨华德学院
S0743,黑龙江护理高等专科学校
S0744,大庆医学高等专科学校
S0745,齐齐哈尔高等师范专科学校
S0746,黑龙江幼儿师范高等专科学校
S0747,鹤岗师范高等专科学校
S0748,鸡西大学
S0749,黑龙江司法警官职业学院
S0750,黑龙江建筑职业技术学院
S0751,牡丹江大学
S0752,伊春职业学院
S0753,黑龙江农垦职业学院
S0754,黑龙江农业职业技术学院
S0755,黑龙江林业职业技术学院
S0756,黑龙江农业工程职业学院
S0757,大庆职业学院
S0758,黑龙江农业经济职业学院
S0759,黑龙江旅游职业技术学院
S0760,大兴安岭职业学院
S0761,黑龙江职业学院
S0762,哈尔滨现代公共关系职业学院
S0763,黑龙江三江美术职业学院
S0764,黑龙江煤炭职业技术学院
S0765,黑龙江信息技术职业学院
S0766,黑龙江生态工程职业学院
S0767,七台河职业学院
S0768,黑龙江艺术职业学院
S0769,哈尔滨华夏计算机职业技术学院
S0770,黑龙江生物科技职业学院
S0771,黑龙江公安警官职业学院
S0772,黑龙江农垦科技职业学院
S0773,黑龙江商业职业学院
S0774,哈尔滨科学技术职业学院
S0775,黑龙江民族职业学院
S0776,哈尔滨铁道职业技术学院
S0777,黑龙江粮食职业学院
S0778,哈尔滨江南职业技术学院
S0779,哈尔滨应用职业技术学院
S0780,黑龙江交通职业技术学院
S0781,佳木斯职业学院
S0782,齐齐哈尔理工职业学院
S0783,哈尔滨工程技术职业学院
S0784,哈尔滨职业技术学院
S0785,哈尔滨电力职业技术学院
S0786,复旦大学
S0787,同济大学
S0788,上海交通大学
S0789,华东理工大学
S0790,东华大学
S0791,华东师范大学
S0792,上海外国语大学
S0793,上海财经大学
S0794,上海大学
S0795,上海理工大学
S0796,上海海事大学
S0797,上海工程技术大学
S0798,上海海洋大学
S0799,上海中医药大学
S0800,上海师范大学
S0801,华东政法大学
S0802,上海海关学院
S0803,上海建桥学院
S0804,上海政法学院
S0805,上海电机学院
S0806,上海第二工业大学
S0807,上海电力学院
S0808,上海应用技术学院
S0809,上海对外贸易学院
S0810,上海立信会计学院
S0811,上海金融学院
S0812,上海商学院
S0813,上海体育学院
S0814,上海音乐学院
S0815,上海戏剧学院
S0816,上海杉达学院
S0817,上海出版印刷高等专科学校
S0818,上海医疗器械高等专科学校
S0819,上海医药高等专科学校
S0820,上海旅游高等专科学校
S0821,上海公安高等专科学校
S0822,上海民航职业技术学院
S0823,上海电影艺术职业学院
S0824,上海健康职业技术学院
S0825,上海东海职业技术学院
S0826,上海新侨职业技术学院
S0827,上海工会管理职业学院
S0828,上海工艺美术职业学院
S0829,上海震旦职业学院
S0830,上海立达职业技术学院
S0831,上海中华职业技术学院
S0832,上海兴韦信息技术职业学院
S0833,上海邦德职业技术学院
S0834,上海农林职业技术学院
S0835,上海思博职业技术学院
S0836,上海欧华职业技术学院
S0837,上海民远职业技术学院
S0838,上海交通职业技术学院
S0839,上海建峰职业技术学院
S0840,上海城市管理职业技术学院
S0841,上海体育职业学院
S0842,上海电子信息职业技术学院
S0843,上海行健职业学院
S0844,上海济光职业技术学院
S0845,上海工商外国语职业学院
S0846,上海海事职业技术学院
S0847,上海科学技术职业学院
S0848,上海中侨职业技术学院
S0849,南京大学
S0850,东南大学
S0851,中国矿业大学
S0852,河海大学
S0853,江南大学
S0854,南京农业大学
S0855,中国药科大学
S0856,南京理工大学
S0857,南京航空航天大学
S0858,苏州大学
S0859,扬州大学
S0860,江苏大学
S0861,江苏科技大学
S0862,南京邮电大学
S0863,南京工业大学
S0864,常州大学
S0865,南京林业大学
S0866,南京医科大学
S0867,南京中医药大学
S0868,南京师范大学
S0869,江苏师范大学
S0870,南京财经大学
S0871,南通大学
S0872,西交利物浦大学
S0873,南京森林警察学院
S0874,南京信息工程大学
S0875,金陵科技学院
S0876,徐州工程学院
S0877,盐城工学院
S0878,淮阴工学院
S0879,常州工学院
S0880,南京工程学院
S0881,淮海工学院
S0882,徐州医学院
S0883,盐城师范学院
S0884,南京晓庄学院
S0885,苏州科技学院
S0886,江苏技术师范学院
S0887,淮阴师范学院
S0888,南京审计学院
S0889,江苏警官学院
S0890,南京体育学院
S0891,南京艺术学院
S0892,常熟理工学院
S0893,三江学院
S0894,无锡太湖学院
S0895,连云港师范高等专科学校
S0896,泰州师范高等专科学校
S0897,徐州幼儿师范高等专科学校
S0898,镇江市高等专科学校
S0899,江苏畜牧兽医职业技术学院
S0900,无锡职业技术学院
S0901,南通纺织职业技术学院
S0902,苏州工艺美术职业技术学院
S0903,南京工业职业技术学院
S0904,无锡商业职业技术学院
S0905,泰州职业技术学院
S0906,南通职业大学
S0907,连云港职业技术学院
S0908,民办明达职业技术学院
S0909,苏州职业大学
S0910,江苏城市职业学院
S0911,沙洲职业工学院
S0912,扬州市职业大学
S0913,江苏建筑职业技术学院
S0914,南通航运职业技术学院
S0915,宿迁职业技术学院
S0916,江苏信息职业技术学院
S0917,江苏农林职业技术学院
S0918,江苏食品职业技术学院
S0919,徐州工业职业技术学院
S0920,常州机电职业技术学院
S0921,常州轻工职业技术学院
S0922,南京旅游职业学院
S0923,常州工程职业技术学院
S0924,南京信息职业技术学院
S0925,苏州高博软件技术职业学院
S0926,盐城卫生职业技术学院
S0927,苏州工业职业技术学院
S0928,江阴职业技术学院
S0929,南京城市职业学院
S0930,徐州生物工程职业技术学院
S0931,苏州信息职业技术学院
S0932,南京机电职业技术学院
S0933,江苏建康职业学院
S0934,苏州卫生职业技术学院
S0935,江苏海事职业技术学院
S0936,苏州经贸职业技术学院
S0937,江苏经贸职业技术学院
S0938,南京特殊教育职业技术学院
S0939,扬州环境资源职业技术学院
S0940,金肯职业技术学院
S0941,应天职业技术学院
S0942,南京化工职业技术学院
S0943,炎黄职业技术学院
S0944,苏州农业职业技术学院
S0945,无锡工艺职业技术学院
S0946,常州纺织服装职业技术学院
S0947,紫琅职业技术学院
S0948,常州信息职业技术学院
S0949,健雄职业技术学院
S0950,江苏财经职业技术学院
S0951,盐城纺织职业技术学院
S0952,扬州工业职业技术学院
S0953,江海职业技术学院
S0954,南京铁道职业技术学院
S0955,九州职业技术学院
S0956,江苏联合职业技术学院
S0957,金山职业技术学院
S0958,无锡科技职业学院
S0959,硅湖职业技术学院
S0960,无锡城市职业技术学院
S0961,苏州托普信息职业技术学院
S0962,正德职业技术学院
S0963,江南影视艺术职业学院
S0964,南通农业职业技术学院
S0965,苏州工业园区职业技术学院
S0966,太湖创意职业技术学院
S0967,淮安信息职业技术学院
S0968,无锡南洋职业技术学院
S0969,钟山职业技术学院
S0970,南京交通职业技术学院
S0971,建东职业技术学院
S0972,南京视觉艺术职业学院
S0973,昆山登云科技职业学院
S0974,苏州港大思培科技职业学院
S0975,宿迁泽达职业技术学院
S0976,苏州工业园区服务外包职业学院
S0977,浙江大学
S0978,宁波大学
S0979,浙江工业大学
S0980,杭州电子科技大学
S0981,浙江理工大学
S0982,浙江农林大学
S0983,浙江中医药大学
S0984,浙江师范大学
S0985,杭州师范大学
S0986,浙江工商大学
S0987,宁波诺丁汉大学
S0988,温州大学
S0989,公安海警学院
S0990,宁波大红鹰学院
S0991,浙江越秀外国语学院
S0992,宁波工程学院
S0993,中国计量学院
S0994,嘉兴学院
S0995,浙江科技学院
S0996,浙江海洋学院
S0997,温州医学院
S0998,绍兴文理学院
S0999,台州学院
S1000,湖州师范学院
S1001,浙江传媒学院
S1002,浙江外国语学院
S1003,浙江财经学院
S1004,浙江警察学院
S1005,中国美术学院
S1006,丽水学院
S1007,浙江树人学院
S1008,浙江万里学院
S1009,衢州学院
S1010,浙江水利水电专科学校
S1011,浙江医药高等专科学校
S1012,浙江医学高等专科学校
S1013,宁波职业技术学院
S1014,金华职业技术学院
S1015,浙江交通职业技术学院
S1016,温州职业技术学院
S1017,台州职业技术学院
S1018,浙江旅游职业学院
S1019,宁波城市职业技术学院
S1020,浙江工商职业技术学院
S1021,浙江经济职业技术学院
S1022,浙江机电职业技术学院
S1023,杭州万向职业技术学院
S1024,浙江商业职业技术学院
S1025,浙江汽车职业技术学院
S1026,浙江横店影视职业学院
S1027,浙江警官职业学院
S1028,嘉兴南洋职业技术学院
S1029,浙江工业职业技术学院
S1030,杭州科技职业技术学院
S1031,浙江建设职业技术学院
S1032,浙江经贸职业技术学院
S1033,浙江育英职业技术学院
S1034,温州科技职业学院
S1035,浙江长征职业技术学院
S1036,绍兴职业技术学院
S1037,杭州职业技术学院
S1038,浙江纺织服装职业技术学院
S1039,台州科技职业学院
S1040,浙江邮电职业技术学院
S1041,浙江同济科技职业学院
S1042,浙江广厦建设职业技术学院
S1043,浙江体育职业技术学院
S1044,宁波卫生职业技术学院
S1045,浙江工贸职业技术学院
S1046,浙江国际海运职业技术学院
S1047,嘉兴职业技术学院
S1048,湖州职业技术学院
S1049,衢州职业技术学院
S1050,丽水职业技术学院
S1051,浙江金融职业学院
S1052,义乌工商职业技术学院
S1053,浙江东方职业技术学院
S1054,浙江艺术职业学院
S1055,浙江农业商贸职业学院
S1056,浙江电力职业技术学院
S1057,合肥工业大学
S1058,中国科学技术大学
S1059,安徽大学
S1060,安徽理工大学
S1061,安徽工业大学
S1062,安徽工程大学
S1063,安徽农业大学
S1064,安徽医科大学
S1065,安徽师范大学
S1066,淮北师范大学
S1067,安徽财经大学
S1068,安徽三联学院
S1069,安徽建筑工业学院
S1070,安徽文达信息工程学院
S1071,安徽中医学院
S1072,皖南医学院
S1073,蚌埠医学院
S1074,淮南师范学院
S1075,安徽科技学院
S1076,阜阳师范学院
S1077,安庆师范学院
S1078,合肥师范学院
S1079,安徽外国语学院
S1080,滁州学院
S1081,池州学院
S1082,皖西学院
S1083,宿州学院
S1084,黄山学院
S1085,巢湖学院
S1086,蚌埠学院
S1087,铜陵学院
S1088,安徽新华学院
S1089,合肥学院
S1090,安徽医学高等专科学校
S1091,安徽中医药高等专科学校
S1092,安庆医药高等专科学校
S1093,合肥幼儿师范高等专科学校
S1094,亳州师范高等专科学校
S1095,桐城师范高等专科学校
S1096,马鞍山师范高等专科学校
S1097,安徽汽车职业技术学院
S1098,皖西卫生职业学院
S1099,安徽职业技术学院
S1100,芜湖职业技术学院
S1101,安徽水利水电职业技术学院
S1102,淮北职业技术学院
S1103,安徽警官职业学院
S1104,安徽商贸职业技术学院
S1105,淮南职业技术学院
S1106,淮南联合大学
S1107,民办万博科技职业学院
S1108,铜陵职业技术学院
S1109,安徽财贸职业学院
S1110,安徽国际商务职业学院
S1111,马鞍山职业技术学院
S1112,安徽人口职业学院
S1113,安徽新闻出版职业技术学院
S1114,安徽城市管理职业学院
S1115,安徽林业职业技术学院
S1116,徽商职业学院
S1117,滁州职业技术学院
S1118,民办安徽旅游职业学院
S1119,安徽邮电职业技术学院
S1120,安庆职业技术学院
S1121,安徽广播影视职业技术学院
S1122,安徽涉外经济职业学院
S1123,安徽公安职业学院
S1124,安徽审计职业学院
S1125,宣城职业技术学院
S1126,亳州职业技术学院
S1127,安徽中澳科技职业学院
S1128,安徽工业职业技术学院
S1129,安徽机电职业技术学院
S1130,安徽绿海商务职业学院
S1131,合肥共达职业技术学院
S1132,合肥科技职业学院
S1133,蚌埠经济技术职业学院
S1134,合肥职业技术学院
S1135,阜阳科技职业学院
S1136,池州职业技术学院
S1137,安徽矿业职业技术学院
S1138,安徽黄梅戏艺术职业学院
S1139,六安职业技术学院
S1140,民办合肥滨湖职业技术学院
S1141,合肥通用职业技术学院
S1142,安徽体育运动职业技术学院
S1143,安徽粮食工程职业学院
S1144,合肥信息技术职业学院
S1145,安徽艺术职业学院
S1146,民办合肥经济技术职业学院
S1147,安徽国防科技职业学院
S1148,安徽工商职业学院
S1149,宿州职业技术学院
S1150,安徽冶金科技职业学院
S1151,阜阳职业技术学院
S1152,安徽工业经济职业技术学院
S1153,安徽电子信息职业技术学院
S1154,安徽交通职业技术学院
S1155,安徽电气工程职业技术学院
S1156,安徽工贸职业技术学院
S1157,安徽长江职业学院
S1158,安徽扬子职业技术学院
S1159,安徽现代信息工程职业学院
S1160,民办合肥财经职业学院
S1161,芜湖信息技术职业学院
S1162,黄山职业技术学院
S1163,滁州城市职业学院
S1164,厦门大学
S1165,华侨大学
S1166,福建农林大学
S1167,集美大学
S1168,福州大学
S1169,仰恩大学
S1170,福建医科大学
S1171,福建中医药大学
S1172,福建师范大学
S1173,厦门理工学院
S1174,闽南理工学院
S1175,福建工程学院
S1176,宁德师范学院
S1177,泉州师范学院
S1178,漳州师范学院
S1179,福州外语外贸学院
S1180,福建警察学院
S1181,闽江学院
S1182,三明学院
S1183,龙岩学院
S1184,莆田学院
S1185,武夷学院
S1186,福建江夏学院
S1187,厦门医学高等专科学校
S1188,泉州医学高等专科学校
S1189,福建幼儿师范高等专科学校
S1190,泉州幼儿师范高等专科学校
S1191,福建商业高等专科学校
S1192,福州英华职业学院
S1193,福建船政交通职业学院
S1194,厦门华厦职业学院
S1195,泉州纺织服装职业学院
S1196,漳州职业技术学院
S1197,黎明职业大学
S1198,福建华南女子职业学院
S1199,闽西职业技术学院
S1200,福州黎明职业技术学院
S1201,厦门东海职业技术学院
S1202,漳州卫生职业学院
S1203,福州职业技术学院
S1204,福州海峡职业技术学院
S1205,泉州理工职业学院
S1206,福建警官职业学院
S1207,闽北职业技术学院
S1208,泉州华光摄影艺术职业学院
S1209,福建林业职业技术学院
S1210,泉州经贸职业技术学院
S1211,福建卫生职业技术学院
S1212,厦门华天涉外职业技术学院
S1213,漳州理工职业学院
S1214,厦门兴才职业技术学院
S1215,泉州信息职业技术学院
S1216,湄洲湾职业技术学院
S1217,福州软件职业技术学院
S1218,福州科技职业技术学院
S1219,福建艺术职业学院
S1220,福建生物工程职业技术学院
S1221,德化陶瓷职业技术学院
S1222,福建体育职业技术学院
S1223,宁德职业技术学院
S1224,厦门软件职业技术学院
S1225,三明职业技术学院
S1226,福建对外经济贸易职业技术学院
S1227,厦门海洋职业技术学院
S1228,福建农业职业技术学院
S1229,福建信息职业技术学院
S1230,厦门演艺职业学院
S1231,武夷山职业学院
S1232,福建电力职业技术学院
S1233,漳州科技职业学院
S1234,厦门城市职业学院
S1235,厦门南洋职业学院
S1236,漳州城市职业学院
S1237,福建水利电力职业技术学院
S1238,泉州轻工职业学院
S1239,泉州泰山航海职业学院
S1240,厦门安防科技职业学院
S1241,南昌大学
S1242,江西理工大学
S1243,华东交通大学
S1244,东华理工大学
S1245,南昌航空大学
S1246,江西农业大学
S1247,江西师范大学
S1248,江西科技师范大学
S1249,江西财经大学
S1250,井冈山大学
S1251,景德镇陶瓷学院
S1252,南昌工程学院
S1253,南昌理工学院
S1254,南昌工学院
S1255,江西中医学院
S1256,赣南医学院
S1257,上饶师范学院
S1258,赣南师范学院
S1259,江西警察学院
S1260,江西服装学院
S1261,九江学院
S1262,江西科技学院
S1263,新余学院
S1264,宜春学院
S1265,江西中医药高等专科学校
S1266,南昌师范高等专科学校
S1267,景德镇高等专科学校
S1268,萍乡高等专科学校
S1269,江西护理职业技术学院
S1270,九江职业技术学院
S1271,江西工业职业技术学院
S1272,九江职业大学
S1273,江西泰豪动漫职业学院
S1274,江西先锋软件职业技术学院
S1275,江西工业贸易职业技术学院
S1276,江西枫林涉外经贸职业学院
S1277,江西司法警官职业学院
S1278,江西城市职业学院
S1279,江西太阳能科技职业学院
S1280,江西生物科技职业学院
S1281,江西电力职业技术学院
S1282,江西外语外贸职业学院
S1283,宜春职业技术学院
S1284,江西旅游商贸职业学院
S1285,抚州职业技术学院
S1286,江西青年职业学院
S1287,江西工程职业学院
S1288,江西建设职业技术学院
S1289,江西管理职业学院
S1290,江西农业工程职业学院
S1291,江西航空职业技术学院
S1292,江西经济管理职业学院
S1293,上饶职业技术学院
S1294,江西应用工程职业学院
S1295,江西制造职业技术学院
S1296,景德镇陶瓷职业技术学院
S1297,鹰潭职业技术学院
S1298,江西应用技术职业学院
S1299,江西渝州科技职业学院
S1300,共青科技职业学院
S1301,江西冶金职业技术学院
S1302,江西机电职业技术学院
S1303,江西新闻出版职业技术学院
S1304,江西现代职业技术学院
S1305,江西艺术职业学院
S1306,赣西科技职业学院
S1307,江西科技职业学院
S1308,江西交通职业技术学院
S1309,南昌职业学院
S1310,江西工业工程职业技术学院
S1311,江西工商职业技术学院
S1312,江西信息应用职业技术学院
S1313,江西环境工程职业学院
S1314,江西陶瓷工艺美术职业技术学院
S1315,江西财经职业学院
S1316,山东大学
S1317,中国海洋大学
S1318,青岛大学
S1319,山东科技大学
S1320,山东理工大学
S1321,烟台大学
S1322,聊城大学
S1323,青岛科技大学
S1324,青岛理工大学
S1325,济南大学
S1326,山东建筑大学
S1327,山东农业大学
S1328,青岛农业大学
S1329,山东中医药大学
S1330,山东师范大学
S1331,曲阜师范大学
S1332,临沂大学
S1333,山东财经大学
S1334,鲁东大学
S1335,山东万杰医学院
S1336,潍坊科技学院
S1337,山东英才学院
S1338,山东轻工业学院
S1339,潍坊学院
S1340,山东交通学院
S1341,青岛工学院
S1342,潍坊医学院
S1343,泰山医学院
S1344,滨州医学院
S1345,济宁医学院
S1346,德州学院
S1347,齐鲁师范学院
S1348,山东工商学院
S1349,山东警察学院
S1350,山东青年政治学院
S1351,山东政法学院
S1352,山东体育学院
S1353,山东艺术学院
S1354,山东工艺美术学院
S1355,泰山学院
S1356,枣庄学院
S1357,烟台南山学院
S1358,青岛滨海学院
S1359,济宁学院
S1360,菏泽学院
S1361,滨州学院
S1362,山东女子学院
S1363,山东协和学院
S1364,青岛黄海学院
S1365,山东电力高等专科学校
S1366,菏泽医学专科学校
S1367,山东医学高等专科学校
S1368,山东中医药高等专科学校
S1369,淄博师范高等专科学校
S1370,济南幼儿师范高等专科学校
S1371,山东畜牧兽医职业学院
S1372,山东商业职业技术学院
S1373,日照职业技术学院
S1374,曲阜远东职业技术学院
S1375,青岛职业技术学院
S1376,济宁职业技术学院
S1377,山东劳动职业技术学院
S1378,聊城职业技术学院
S1379,莱芜职业技术学院
S1380,威海职业学院
S1381,滨州职业学院
S1382,山东杏林科技职业学院
S1383,山东工业职业学院
S1384,山东胜利职业学院
S1385,山东华宇职业技术学院
S1386,山东商务职业学院
S1387,枣庄科技职业学院
S1388,山东水利职业学院
S1389,山东力明科技职业学院
S1390,东营职业学院
S1391,潍坊职业学院
S1392,山东职业学院
S1393,德州职业技术学院
S1394,青岛飞洋职业技术学院
S1395,青岛港湾职业技术学院
S1396,潍坊护理职业学院
S1397,潍坊工商职业学院
S1398,山东凯文科技职业学院
S1399,烟台汽车工程职业学院
S1400,山东城市建设职业学院
S1401,山东大王职业学院
S1402,烟台职业学院
S1403,山东海事职业学院
S1404,山东科技职业学院
S1405,泰山护理职业学院
S1406,山东圣翰财贸职业学院
S1407,青岛酒店管理职业技术学院
S1408,山东服装职业学院
S1409,枣庄职业学院
S1410,山东外国语职业学院
S1411,潍坊工程职业学院
S1412,济南工程职业技术学院
S1413,青岛求实职业技术学院
S1414,青岛恒星职业技术学院
S1415,山东传媒职业学院
S1416,济南职业学院
S1417,德州科技职业学院
S1418,泰山职业技术学院
S1419,济南护理职业学院
S1420,淄博职业学院
S1421,山东电子职业技术学院
S1422,山东现代职业学院
S1423,山东药品食品职业学院
S1424,菏泽家政职业学院
S1425,山东旅游职业学院
S1426,临沂职业学院
S1427,山东信息职业技术学院
S1428,山东理工职业学院
S1429,山东铝业职业学院
S1430,山东经贸职业学院
S1431,山东司法警官职业学院
S1432,烟台工程职业技术学院
S1433,山东丝绸纺织职业学院
S1434,山东外贸职业学院
S1435,山东化工职业学院
S1436,山东交通职业学院
S1437,山东外事翻译职业学院
S1438,青岛远洋船员职业学院
S1439,山东文化产业职业学院
S1440,郑州大学
S1441,河南大学
S1442,河南科技大学
S1443,河南理工大学
S1444,河南工业大学
S1445,河南农业大学
S1446,河南师范大学
S1447,河南财经政法大学
S1448,郑州华信学院
S1449,郑州科技学院
S1450,华北水利水电学院
S1451,郑州轻工业学院
S1452,中原工学院
S1453,郑州航空工业管理学院
S1454,河南城建学院
S1455,安阳工学院
S1456,南阳理工学院
S1457,黄河科技学院
S1458,河南工程学院
S1459,商丘工学院
S1460,洛阳理工学院
S1461,河南中医学院
S1462,新乡医学院
S1463,信阳师范学院
S1464,周口师范学院
S1465,商丘师范学院
S1466,安阳师范学院
S1467,南阳师范学院
S1468,洛阳师范学院
S1469,郑州师范学院
S1470,郑州升达经贸管理学院
S1471,郑州成功财经学院
S1472,河南警察学院
S1473,河南科技学院
S1474,新乡学院
S1475,平顶山学院
S1476,黄淮学院
S1477,许昌学院
S1478,商丘学院
S1479,铁道警官高等专科学校
S1480,郑州电力高等专科学校
S1481,河南机电高等专科学校
S1482,郑州牧业工程高等专科学校
S1483,信阳农业高等专科学校
S1484,南阳医学高等专科学校
S1485,商丘医学高等专科学校
S1486,漯河医学高等专科学校
S1487,郑州澍青医学高等专科学校
S1488,安阳幼儿师范高等专科学校
S1489,郑州幼儿师范高等专科学校
S1490,焦作师范高等专科学校
S1491,河南财政税务高等专科学校
S1492,河南商业高等专科学校
S1493,焦作工贸职业学院
S1494,河南化工职业学院
S1495,郑州理工职业学院
S1496,郑州信息工程职业学院
S1497,河南艺术职业学院
S1498,开封文化艺术职业学院
S1499,三门峡职业技术学院
S1500,郑州铁路职业技术学院
S1501,黄河水利职业技术学院
S1502,漯河职业技术学院
S1503,开封大学
S1504,河南职业技术学院
S1505,中州大学
S1506,焦作大学
S1507,许昌职业技术学院
S1508,郑州信息科技职业学院
S1509,郑州经贸职业学院
S1510,河南工业职业技术学院
S1511,河南司法警官职业学院
S1512,周口职业技术学院
S1513,鹤壁职业技术学院
S1514,平顶山工业职业技术学院
S1515,商丘职业技术学院
S1516,濮阳职业技术学院
S1517,嵩山少林武术职业学院
S1518,许昌电气职业学院
S1519,河南护理职业学院
S1520,河南机电职业学院
S1521,郑州电力职业技术学院
S1522,安阳职业技术学院
S1523,信阳涉外职业技术学院
S1524,郑州电子信息职业技术学院
S1525,洛阳职业技术学院
S1526,郑州工业安全职业学院
S1527,永城职业学院
S1528,郑州旅游职业学院
S1529,郑州职业技术学院
S1530,信阳职业技术学院
S1531,郑州商贸旅游职业学院
S1532,新乡职业技术学院
S1533,驻马店职业技术学院
S1534,河南经贸职业学院
S1535,河南交通职业技术学院
S1536,河南农业职业学院
S1537,南阳职业学院
S1538,济源职业技术学院
S1539,周口科技职业学院
S1540,河南推拿职业学院
S1541,郑州城市职业学院
S1542,河南检察职业学院
S1543,河南工业贸易职业学院
S1544,郑州黄河护理职业学院
S1545,河南质量工程职业学院
S1546,漯河食品职业学院
S1547,郑州交通职业学院
S1548,河南建筑职业技术学院
S1549,鹤壁汽车工程职业学院
S1550,许昌陶瓷职业学院
S1551,长垣烹饪职业技术学院
S1552,武汉大学
S1553,中南财经政法大学
S1554,华中科技大学
S1555,武汉理工大学
S1556,中国地质大学
S1557,华中农业大学
S1558,华中师范大学
S1559,中南民族大学
S1560,湖北大学
S1561,长江大学
S1562,江汉大学
S1563,三峡大学
S1564,武汉科技大学
S1565,湖北工业大学
S1566,武汉工程大学
S1567,武汉纺织大学
S1568,湖北中医药大学
S1569,荆楚理工学院
S1570,武汉工业学院
S1571,湖北汽车工业学院
S1572,武昌工学院
S1573,武昌理工学院
S1574,湖北医药学院
S1575,湖北师范学院
S1576,黄冈师范学院
S1577,湖北工程学院
S1578,湖北第二师范学院
S1579,湖北经济学院
S1580,武汉长江工商学院
S1581,湖北警官学院
S1582,武汉体育学院
S1583,湖北美术学院
S1584,武汉音乐学院
S1585,湖北民族学院
S1586,湖北科技学院
S1587,湖北理工学院
S1588,湖北文理学院
S1589,武汉生物工程学院
S1590,汉口学院
S1591,武汉东湖学院
S1592,湖北中医药高等专科学校
S1593,郧阳师范高等专科学校
S1594,武汉工贸职业学院
S1595,鄂州职业大学
S1596,荆州理工职业学院
S1597,武汉商业服务学院
S1598,恩施职业技术学院
S1599,襄阳职业技术学院
S1600,湖北职业技术学院
S1601,十堰职业技术学院
S1602,长江职业学院
S1603,武汉职业技术学院
S1604,武汉船舶职业技术学院
S1605,黄冈职业技术学院
S1606,武汉信息传播职业技术学院
S1607,湖北财税职业学院
S1608,武汉城市职业学院
S1609,湖北国土资源职业学院
S1610,咸宁职业技术学院
S1611,鄂东职业技术学院
S1612,黄冈科技职业学院
S1613,湖北艺术职业学院
S1614,三峡旅游职业技术学院
S1615,江汉艺术职业学院
S1616,湖北生态工程职业技术学院
S1617,长江工程职业技术学院
S1618,湖北生物科技职业学院
S1619,天门职业学院
S1620,随州职业技术学院
S1621,武汉警官职业学院
S1622,湖北开放职业学院
S1623,武汉科技职业学院
S1624,武汉交通职业学院
S1625,武汉商贸职业学院
S1626,武汉外语外事职业学院
S1627,湖北水利水电职业技术学院
S1628,湖北城市建设职业技术学院
S1629,武昌职业学院
S1630,湖北三峡职业技术学院
S1631,武汉民政职业学院
S1632,湖北体育职业学院
S1633,襄阳汽车职业技术学院
S1634,武汉航海职业技术学院
S1635,三峡电力职业学院
S1636,武汉铁路职业技术学院
S1637,湖北科技职业学院
S1638,湖北青年职业学院
S1639,黄石职业技术学院
S1640,武汉工业职业技术学院
S1641,武汉电力职业技术学院
S1642,仙桃职业学院
S1643,武汉工程职业技术学院
S1644,荆州职业技术学院
S1645,武汉软件工程职业学院
S1646,湖北轻工职业技术学院
S1647,湖北交通职业技术学院
S1648,中南大学
S1649,湖南大学
S1650,湘潭大学
S1651,湖南科技大学
S1652,吉首大学
S1653,长沙理工大学
S1654,南华大学
S1655,湖南工业大学
S1656,湖南农业大学
S1657,湖南中医药大学
S1658,湖南师范大学
S1659,长沙学院
S1660,湖南第一师范学院
S1661,湖南工学院
S1662,湖南理工学院
S1663,湖南城市学院
S1664,湖南工程学院
S1665,中南林业科技大学
S1666,长沙医学院
S1667,衡阳师范学院
S1668,湘南学院
S1669,湖南涉外经济学院
S1670,湖南财政经济学院
S1671,湖南商学院
S1672,湖南警察学院
S1673,湖南女子学院
S1674,湖南科技学院
S1675,湖南人文科技学院
S1676,湖南文理学院
S1677,邵阳学院
S1678,怀化学院
S1679,怀化医学高等专科学校
S1680,邵阳医学高等专科学校
S1681,益阳医学高等专科学校
S1682,湖南中医药高等专科学校
S1683,株洲师范高等专科学校
S1684,长沙师范学校
S1685,湖南税务高等专科学校
S1686,长沙航空职业技术学院
S1687,湖南冶金职业技术学院
S1688,湖南信息职业技术学院
S1689,湖南大众传媒职业技术学院
S1690,湖南工业职业技术学院
S1691,湖南环境生物职业技术学院
S1692,湖南铁道职业技术学院
S1693,长沙民政职业技术学院
S1694,永州职业技术学院
S1695,湖南外国语职业学院
S1696,湖南电子科技职业学院
S1697,湖南都市职业学院
S1698,湖南科技经贸职业学院
S1699,湖南软件职业学院
S1700,湖南信息科学职业学院
S1701,湘西民族职业技术学院
S1702,衡阳财经工业职业技术学院
S1703,益阳职业技术学院
S1704,湖南同德职业学院
S1705,湖南体育职业学院
S1706,湖南艺术职业学院
S1707,湖南司法警官职业学院
S1708,湖南工程职业技术学院
S1709,湖南工艺美术职业学院
S1710,湖南电气职业技术学院
S1711,湖南民族职业学院
S1712,湖南外贸职业学院
S1713,邵阳职业技术学院
S1714,湖南吉利汽车职业技术学院
S1715,湖南水利水电职业技术学院
S1716,长沙商贸旅游职业技术学院
S1717,湖南科技工业职业技术学院
S1718,湖南有色金属职业技术学院
S1719,湖南食品药品职业学院
S1720,长沙卫生职业学院
S1721,湖南网络工程职业学院
S1722,长沙环境保护职业技术学院
S1723,张家界航空工业职业技术学院
S1724,长沙电力职业技术学院
S1725,株洲职业技术学院
S1726,湖南石油化工职业技术学院
S1727,湖南城建职业技术学院
S1728,湖南化工职业技术学院
S1729,潇湘职业学院
S1730,长沙职业技术学院
S1731,怀化职业技术学院
S1732,岳阳职业技术学院
S1733,常德职业技术学院
S1734,湖南交通职业技术学院
S1735,娄底职业技术学院
S1736,湖南理工职业技术学院
S1737,长沙通信职业技术学院
S1738,湖南九嶷职业技术学院
S1739,湘潭职业技术学院
S1740,湖南商务职业技术学院
S1741,郴州职业技术学院
S1742,湖南生物机电职业技术学院
S1743,保险职业学院
S1744,湖南科技职业学院
S1745,湖南现代物流职业技术学院
S1746,湖南安全技术职业学院
S1747,湖南高速铁路职业技术学院
S1748,湖南机电职业技术学院
S1749,湖南铁路科技职业技术学院
S1750,湖南三一工业职业技术学院
S1751,长沙南方职业学院
S1752,湖南高尔夫旅游职业学院
S1753,湖南工商职业学院
S1754,中山大学
S1755,华南理工大学
S1756,暨南大学
S1757,汕头大学
S1758,深圳大学
S1759,五邑大学
S1760,广东工业大学
S1761,南方科技大学
S1762,华南农业大学
S1763,广东海洋大学
S1764,广州中医药大学
S1765,南方医科大学
S1766,华南师范大学
S1767,广东外语外贸大学
S1768,广州大学
S1769,北京师范大学-香港浸会大学联合国际学院
S1770,广东石油化工学院
S1771,肇庆学院
S1772,东莞理工学院
S1773,广东科技学院
S1774,仲恺农业工程学院
S1775,广东医学院
S1776,广州医学院
S1777,广东药学院
S1778,韶关学院
S1779,湛江师范学院
S1780,嘉应学院
S1781,韩山师范学院
S1782,惠州学院
S1783,广东第二师范学院
S1784,广东商学院
S1785,广东金融学院
S1786,广东警官学院
S1787,广州体育学院
S1788,广州美术学院
S1789,星海音乐学院
S1790,广东技术师范学院
S1791,广东培正学院
S1792,佛山科学技术学院
S1793,广东白云学院
S1794,广州航海高等专科学校
S1795,肇庆医学高等专科学校
S1796,私立华联学院
S1797,民办南华工商学院
S1798,广州民航职业技术学院
S1799,广东食品药品职业学院
S1800,广东松山职业技术学院
S1801,深圳职业技术学院
S1802,潮汕职业技术学院
S1803,顺德职业技术学院
S1804,广东新安职业技术学院
S1805,广东农工商职业技术学院
S1806,广东交通职业技术学院
S1807,广东水利电力职业技术学院
S1808,广东轻工职业技术学院
S1809,佛山职业技术学院
S1810,广州珠江职业技术学院
S1811,广州现代信息工程职业技术学院
S1812,广东亚视演艺职业学院
S1813,清远职业技术学院
S1814,汕头职业技术学院
S1815,广东邮电职业技术学院
S1816,揭阳职业技术学院
S1817,广州南洋理工职业学院
S1818,广州科技职业技术学院
S1819,广东科贸职业学院
S1820,深圳信息职业技术学院
S1821,中山职业技术学院
S1822,广东司法警官职业学院
S1823,广州松田职业学院
S1824,广东省外语艺术职业学院
S1825,广东文理职业学院
S1826,广州番禺职业技术学院
S1827,广州铁路职业技术学院
S1828,广州华南商贸职业学院
S1829,广州华立科技职业学院
S1830,广州城市职业学院
S1831,广东工程职业技术学院
S1832,广州科技贸易职业学院
S1833,肇庆工商职业技术学院
S1834,广东体育职业技术学院
S1835,广东行政职业学院
S1836,广东文艺职业学院
S1837,广州体育职业技术学院
S1838,广东科学技术职业学院
S1839,中山火炬职业技术学院
S1840,江门职业技术学院
S1841,茂名职业技术学院
S1842,广州工程技术职业学院
S1843,广州涉外经济职业技术学院
S1844,惠州经济职业技术学院
S1845,广州城建职业学院
S1846,肇庆科技职业技术学院
S1847,珠海艺术职业学院
S1848,南海东软信息技术职业学院
S1849,广州康大职业技术学院
S1850,广州工商职业技术学院
S1851,广东青年职业学院
S1852,广州东华职业学院
S1853,广东创新科技职业学院
S1854,广东工贸职业技术学院
S1855,珠海城市职业技术学院
S1856,汕尾职业技术学院
S1857,广东财经职业学院
S1858,广东职业技术学院
S1859,罗定职业技术学院
S1860,河源职业技术学院
S1861,广东岭南职业技术学院
S1862,广东女子职业技术学院
S1863,广东建设职业技术学院
S1864,广东机电职业技术学院
S1865,广东理工职业学院
S1866,惠州卫生职业技术学院
S1867,阳江职业技术学院
S1868,广东舞蹈戏剧职业学院
S1869,广东南方职业学院
S1870,广州华商职业学院
S1871,广州华夏职业学院
S1872,广东环境保护工程职业学院
S1873,东莞职业技术学院
S1874,广西大学
S1875,桂林电子科技大学
S1876,桂林理工大学
S1877,广西医科大学
S1878,广西中医药大学
S1879,广西师范大学
S1880,广西民族大学
S1881,桂林航天工业学院
S1882,广西工学院
S1883,桂林医学院
S1884,右江民族医学院
S1885,广西师范学院
S1886,广西民族师范学院
S1887,河池学院
S1888,玉林师范学院
S1889,广西外国语学院
S1890,广西财经学院
S1891,广西艺术学院
S1892,百色学院
S1893,贺州学院
S1894,钦州学院
S1895,梧州学院
S1896,柳州医学高等专科学校
S1897,柳州师范高等专科学校
S1898,桂林师范高等专科学校
S1899,广西幼儿师范高等专科学校
S1900,桂林旅游高等专科学校
S1901,广西警官高等专科学校
S1902,广西体育高等专科学校
S1903,广西科技职业学院
S1904,广西卫生职业技术学院
S1905,广西机电职业技术学院
S1906,广西职业技术学院
S1907,柳州职业技术学院
S1908,南宁职业技术学院
S1909,广西国际商务职业技术学院
S1910,广西经贸职业技术学院
S1911,北海职业学院
S1912,北海艺术设计职业学院
S1913,广西现代职业技术学院
S1914,桂林山水职业学院
S1915,广西演艺职业学院
S1916,广西工业职业技术学院
S1917,广西电力职业技术学院
S1918,广西经济职业学院
S1919,广西生态工程职业技术学院
S1920,贵港职业学院
S1921,广西城市职业学院
S1922,广西工商职业技术学院
S1923,百色职业学院
S1924,广西农业职业技术学院
S1925,广西工程职业学院
S1926,柳州铁道职业技术学院
S1927,广西理工职业技术学院
S1928,梧州职业学院
S1929,广西英华国际职业学院
S1930,广西建设职业技术学院
S1931,广西水利电力职业技术学院
S1932,广西交通职业技术学院
S1933,柳州城市职业学院
S1934,邕江大学
S1935,海南大学
S1936,海南师范大学
S1937,海口经济学院
S1938,海南医学院
S1939,琼州学院
S1940,三亚学院
S1941,琼台师范高等专科学校
S1942,海南职业技术学院
S1943,三亚城市职业学院
S1944,海南科技职业学院
S1945,三亚航空旅游职业学院
S1946,海南软件职业技术学院
S1947,海南经贸职业技术学院
S1948,海南工商职业学院
S1949,三亚理工职业学院
S1950,海南政法职业学院
S1951,海南外国语职业学院
S1952,重庆大学
S1953,西南大学
S1954,重庆交通大学
S1955,重庆邮电大学
S1956,重庆理工大学
S1957,重庆医科大学
S1958,重庆师范大学
S1959,重庆工商大学
S1960,西南政法大学
S1961,重庆科技学院
S1962,长江师范学院
S1963,重庆第二师范学院
S1964,四川外语学院
S1965,重庆警察学院
S1966,四川美术学院
S1967,重庆三峡学院
S1968,重庆文理学院
S1969,重庆电力高等专科学校
S1970,重庆三峡医药高等专科学校
S1971,重庆医药高等专科学校
S1972,重庆化工职业学院
S1973,重庆工业职业技术学院
S1974,重庆正大软件职业技术学院
S1975,重庆城市管理职业学院
S1976,重庆公共运输职业学院
S1977,重庆安全技术职业学院
S1978,重庆三峡职业学院
S1979,重庆工贸职业技术学院
S1980,重庆民生职业技术学院
S1981,重庆轻工职业学院
S1982,重庆机电职业技术学院
S1983,重庆电信职业学院
S1984,重庆电子工程职业学院
S1985,重庆城市职业学院
S1986,重庆水利电力职业技术学院
S1987,重庆商务职业学院
S1988,重庆电讯职业学院
S1989,重庆能源职业学院
S1990,重庆传媒职业学院
S1991,重庆工商职业学院
S1992,重庆经贸职业学院
S1993,重庆建筑工程职业学院
S1994,重庆青年职业技术学院
S1995,重庆财经职业学院
S1996,重庆科创职业学院
S1997,重庆房地产职业学院
S1998,重庆海联职业技术学院
S1999,重庆信息技术职业学院
S2000,重庆航天职业技术学院
S2001,重庆工程职业技术学院
S2002,重庆艺术工程职业学院
S2003,重庆旅游职业学院
S2004,重庆交通职业学院
S2005,四川大学
S2006,西南交通大学
S2007,电子科技大学
S2008,西南财经大学
S2009,西南民族大学
S2010,成都理工大学
S2011,西华大学
S2012,西南科技大学
S2013,四川农业大学
S2014,成都中医药大学
S2015,四川师范大学
S2016,西华师范大学
S2017,中国民用航空飞行学院
S2018,西南石油大学
S2019,成都工业学院
S2020,成都信息工程学院
S2021,四川理工学院
S2022,成都东软学院
S2023,泸州医学院
S2024,川北医学院
S2025,成都医学院
S2026,乐山师范学院
S2027,内江师范学院
S2028,四川文理学院
S2029,成都师范学院
S2030,四川警察学院
S2031,成都体育学院
S2032,四川音乐学院
S2033,四川民族学院
S2034,绵阳师范学院
S2035,攀枝花学院
S2036,成都学院
S2037,宜宾学院
S2038,西昌学院
S2039,成都纺织高等专科学校
S2040,四川烹饪高等专科学校
S2041,四川中医药高等专科学校
S2042,阿坝师范高等专科学校
S2043,川北幼儿师范高等专科学校
S2044,四川幼儿师范高等专科学校
S2045,民办四川天一学院
S2046,成都航空职业技术学院
S2047,四川商务职业学院
S2048,四川卫生康复职业学院
S2049,四川三河职业学院
S2050,四川电影电视职业学院
S2051,四川城市职业学院
S2052,四川汽车职业技术学院
S2053,成都农业科技职业学院
S2054,四川科技职业学院
S2055,宜宾职业技术学院
S2056,四川文化产业职业学院
S2057,四川华新现代职业学院
S2058,四川长江职业学院
S2059,四川司法警官职业学院
S2060,四川警安职业学院
S2061,四川信息职业技术学院
S2062,广安职业技术学院
S2063,四川现代职业学院
S2064,四川艺术职业学院
S2065,内江职业技术学院
S2066,成都职业技术学院
S2067,南充职业技术学院
S2068,四川水利职业技术学院
S2069,四川化工职业技术学院
S2070,四川航天职业技术学院
S2071,四川邮电职业技术学院
S2072,四川国际标榜职业学院
S2073,乐山职业技术学院
S2074,四川管理职业学院
S2075,四川财经职业学院
S2076,四川文化传媒职业学院
S2077,泸州职业技术学院
S2078,眉山职业技术学院
S2079,四川职业技术学院
S2080,四川托普信息技术职业学院
S2081,成都艺术职业学院
S2082,雅安职业技术学院
S2083,四川建筑职业技术学院
S2084,四川机电职业技术学院
S2085,四川交通职业技术学院
S2086,达州职业技术学院
S2087,四川工商职业技术学院
S2088,绵阳职业技术学院
S2089,四川电力职业技术学院
S2090,四川工程职业技术学院
S2091,贵州大学
S2092,贵州师范大学
S2093,贵州财经大学
S2094,贵州民族大学
S2095,贵阳医学院
S2096,遵义医学院
S2097,贵阳中医学院
S2098,毕节学院
S2099,遵义师范学院
S2100,黔南民族师范学院
S2101,六盘水师范学院
S2102,兴义民族师范学院
S2103,贵州师范学院
S2104,安顺学院
S2105,贵阳学院
S2106,凯里学院
S2107,铜仁学院
S2108,黔南民族医学高等专科学校
S2109,遵义医药高等专科学校
S2110,贵州商业高等专科学校
S2111,贵州航天职业技术学院
S2112,贵州电子信息职业技术学院
S2113,贵州交通职业技术学院
S2114,贵州警官职业学院
S2115,遵义职业技术学院
S2116,贵阳护理职业学院
S2117,贵州工业职业技术学院
S2118,贵州盛华职业学院
S2119,黔东南民族职业技术学院
S2120,安顺职业技术学院
S2121,贵州职业技术学院
S2122,毕节职业技术学院
S2123,贵州电力职业技术学院
S2124,贵州工商职业学院
S2125,黔南民族职业技术学院
S2126,铜仁职业技术学院
S2127,贵州亚泰职业学院
S2128,贵州轻工职业技术学院
S2129,贵阳职业技术学院
S2130,六盘水职业技术学院
S2131,黔西南民族职业技术学院
S2132,云南大学
S2133,昆明理工大学
S2134,云南农业大学
S2135,西南林业大学
S2136,昆明医科大学
S2137,云南师范大学
S2138,云南财经大学
S2139,云南民族大学
S2140,云南中医学院
S2141,昭通学院
S2142,曲靖师范学院
S2143,玉溪师范学院
S2144,楚雄师范学院
S2145,普洱学院
S2146,红河学院
S2147,云南工商学院
S2148,云南警官学院
S2149,云南艺术学院
S2150,大理学院
S2151,昆明学院
S2152,保山学院
S2153,文山学院
S2154,昆明冶金高等专科学校
S2155,曲靖医学高等专科学校
S2156,楚雄医药高等专科学校
S2157,保山中医药高等专科学校
S2158,丽江师范高等专科学校
S2159,德宏师范高等专科学校
S2160,临沧师范高等专科学校
S2161,云南经贸外事职业学院
S2162,云南农业职业技术学院
S2163,昆明工业职业技术学院
S2164,云南机电职业技术学院
S2165,云南热带作物职业学院
S2166,云南司法警官职业学院
S2167,云南国防工业职业技术学院
S2168,云南锡业职业技术学院
S2169,云南能源职业技术学院
S2170,云南三鑫职业技术学院
S2171,德宏职业学院
S2172,云南新兴职业学院
S2173,云南旅游职业学院
S2174,云南经济管理职业学院
S2175,云南外事外语职业学院
S2176,红河卫生职业学院
S2177,玉溪农业职业技术学院
S2178,云南文化艺术职业学院
S2179,昆明艺术职业学院
S2180,昆明扬帆职业技术学院
S2181,云南城市建设职业学院
S2182,西双版纳职业技术学院
S2183,云南林业职业技术学院
S2184,云南国土资源职业学院
S2185,昆明卫生职业学院
S2186,云南科技信息职业学院
S2187,云南体育运动职业技术学院
S2188,云南现代职业技术学院
S2189,云南交通职业技术学院
S2190,云南商务职业学院
S2191,西藏大学
S2192,西藏藏医学院
S2193,西藏民族学院
S2194,拉萨师范高等专科学校
S2195,西藏警官高等专科学校
S2196,西藏职业技术学院
S2197,西安交通大学
S2198,长安大学
S2199,西安电子科技大学
S2200,西北农林科技大学
S2201,陕西师范大学
S2202,西北工业大学
S2203,西北大学
S2204,延安大学
S2205,西安理工大学
S2206,西安建筑科技大学
S2207,西安科技大学
S2208,西安石油大学
S2209,西安工程大学
S2210,西安工业大学
S2211,西安邮电大学
S2212,西安外国语大学
S2213,西北政法大学
S2214,陕西科技大学
S2215,西安思源学院
S2216,陕西国际商贸学院
S2217,西安航空学院
S2218,陕西中医学院
S2219,西安医学院
S2220,宝鸡文理学院
S2221,渭南师范学院
S2222,榆林学院
S2223,陕西理工学院
S2224,咸阳师范学院
S2225,陕西学前师范学院
S2226,西安财经学院
S2227,西安体育学院
S2228,西安美术学院
S2229,西安音乐学院
S2230,陕西服装工程学院
S2231,西京学院
S2232,西安翻译学院
S2233,西安外事学院
S2234,西安文理学院
S2235,西安欧亚学院
S2236,西安培华学院
S2237,商洛学院
S2238,安康学院
S2239,西安电力高等专科学校
S2240,西安医学高等专科学校
S2241,陕西工业职业技术学院
S2242,杨凌职业技术学院
S2243,西安东方亚太职业技术学院
S2244,西安汽车科技职业学院
S2245,西安科技商贸职业学院
S2246,西安海棠职业学院
S2247,陕西邮电职业技术学院
S2248,陕西警官职业学院
S2249,商洛职业技术学院
S2250,陕西经济管理职业技术学院
S2251,陕西铁路工程职业技术学院
S2252,陕西电子信息职业技术学院
S2253,西安职业技术学院
S2254,陕西旅游烹饪职业学院
S2255,咸阳职业技术学院
S2256,铜川职业技术学院
S2257,安康职业技术学院
S2258,西安铁路职业技术学院
S2259,西安航空职业技术学院
S2260,陕西职业技术学院
S2261,陕西能源职业技术学院
S2262,陕西交通职业技术学院
S2263,渭南职业技术学院
S2264,陕西国防工业职业技术学院
S2265,陕西航空职业技术学院
S2266,陕西电子科技职业学院
S2267,陕西工商职业学院
S2268,陕西青年职业学院
S2269,西安高新科技职业学院
S2270,西安城市建设职业学院
S2271,延安职业技术学院
S2272,汉中职业技术学院
S2273,宝鸡职业技术学院
S2274,陕西财经职业技术学院
S2275,榆林职业技术学院
S2276,兰州大学
S2277,西北民族大学
S2278,兰州理工大学
S2279,兰州交通大学
S2280,甘肃农业大学
S2281,西北师范大学
S2282,兰州工业学院
S2283,甘肃中医学院
S2284,陇东学院
S2285,甘肃民族师范学院
S2286,天水师范学院
S2287,兰州商学院
S2288,甘肃政法学院
S2289,河西学院
S2290,兰州城市学院
S2291,平凉医学高等专科学校
S2292,张掖医学高等专科学校
S2293,陇南师范高等专科学校
S2294,定西师范高等专科学校
S2295,甘肃机电职业技术学院
S2296,甘肃联合大学
S2297,兰州石化职业技术学院
S2298,兰州资源环境职业技术学院
S2299,甘肃畜牧工程职业技术学院
S2300,甘肃农业职业技术学院
S2301,甘肃警察职业学院
S2302,甘肃交通职业技术学院
S2303,武威职业学院
S2304,甘肃有色冶金职业技术学院
S2305,白银矿冶职业技术学院
S2306,甘肃钢铁职业技术学院
S2307,甘肃工业职业技术学院
S2308,兰州职业技术学院
S2309,酒泉职业技术学院
S2310,甘肃建筑职业技术学院
S2311,甘肃林业职业技术学院
S2312,兰州外语职业学院
S2313,青海大学
S2314,青海师范大学
S2315,青海民族大学
S2316,青海畜牧兽医职业技术学院
S2317,青海卫生职业技术学院
S2318,青海建筑职业技术学院
S2319,青海交通职业技术学院
S2320,青海警官职业学院
S2321,北方民族大学
S2322,宁夏大学
S2323,宁夏理工学院
S2324,宁夏医科大学
S2325,宁夏师范学院
S2326,银川能源学院
S2327,宁夏民族职业技术学院
S2328,宁夏司法警官职业学院
S2329,宁夏财经职业技术学院
S2330,宁夏工商职业技术学院
S2331,宁夏防沙治沙职业技术学院
S2332,宁夏职业技术学院
S2333,宁夏工业职业学院
S2334,宁夏建设职业技术学院
S2335,新疆大学
S2336,石河子大学
S2337,新疆农业大学
S2338,塔里木大学
S2339,新疆医科大学
S2340,新疆师范大学
S2341,新疆财经大学
S2342,新疆工程学院
S2343,伊犁师范学院
S2344,喀什师范学院
S2345,新疆警察学院
S2346,新疆艺术学院
S2347,昌吉学院
S2348,新疆维吾尔医学专科学校
S2349,和田师范专科学校
S2350,新疆兵团警官高等专科学校
S2351,新疆农业职业技术学院
S2352,乌鲁木齐职业大学
S2353,新疆机电职业技术学院
S2354,新疆轻工职业技术学院
S2355,克拉玛依职业技术学院
S2356,新疆职业大学
S2357,伊犁职业技术学院
S2358,新疆建设职业技术学院
S2359,巴音郭楞职业技术学院
S2360,阿克苏职业技术学院
S2361,新疆天山职业技术学院
S2362,新疆现代职业技术学院
S2363,新疆交通职业技术学院
S2364,新疆石河子职业技术学院
S2365,新疆能源职业技术学院
S2366,新疆体育职业技术学院
S2367,新疆应用职业技术学院
S2368,昌吉职业技术学院
