E0001,美术馆
E0002,监督局
E0003,中心
E0004,国防科工委
E0005,政策研究室
E0006,管理局
E0007,卫生局
E0008,建设局
E0009,证监局
E0010,商业局
E0011,警卫局
E0012,铁路局
E0013,审计局
E0014,侦察局
E0015,纺织局
E0016,环卫局
E0017,交通局
E0018,港务局
E0019,工业局
E0020,财政局
E0021,水利局
E0022,招商局
E0023,财政厅
E0024,物资厅
E0025,办公厅
E0026,交通厅
E0027,工业厅
E0028,铁道部
E0029,工业部
E0030,交通部
E0031,宣传部
E0032,管委会
E0033,贸促会
E0034,分公司
E0035,华侨城
E0036,公司
E0037,公社
E0038,联盟
E0039,合作社
E0040,开发区
E0041,电容器厂
E0042,元件厂
E0043,合金厂
E0044,设备厂
E0045,酿造厂
E0046,尼纶厂
E0047,乙烯厂
E0048,机械厂
E0049,手帕厂
E0050,齿轮厂
E0051,钣焊厂
E0052,发电厂
E0053,炼油厂
E0054,服装厂
E0055,阀门厂
E0056,欢乐谷
E0057,酒厂
E0058,药厂
E0059,药房
E0060,农场
E0061,织厂
E0062,总院
E0063,杂志
E0064,总厂
E0065,一厂
E0066,二厂
E0067,三厂
E0068,学会
E0069,协会
E0070,中学
E0071,联合会
E0072,百货大楼
E0073,医院
E0074,投资银行部
E0075,总部
E0076,国有资产管理部
E0077,董事局
E0078,银行
E0079,委员会
E0080,设计院
E0081,卫生院
E0082,支行
E0083,分行
E0084,总行
E0085,投资银行
E0086,投行
E0087,经贸委
E0088,区委
E0089,办事处
E0090,研究院
E0091,研究所
E0092,事务所
E0093,集团
E0094,核电
E0095,投资中心
E0096,信贷处
E0097,政协
E0098,人大
E0099,彩印厂
E0100,造船厂
E0101,代表处
E0102,上海豪园
E0103,中国长安
E0104,杨凌金海
E0105,博敏
E0106,通和资本
E0107,卡奴迪路
E0108,申能股份
E0109,通和创投
E0110,有色控股
E0111,人民政府
E0112,合伙企业
E0113,万和证券
E0114,厦门空港
E0115,北玻股份
E0116,亚玛顿
E0117,徐工机械
E0118,华新水泥
E0119,顾地科技
E0120,汉邦高科
E0121,横店东磁
E0122,宝泰隆
E0123,天马精化
E0124,沃尔核材
E0125,万方发展
E0126,大唐电信
E0127,超华科技
E0128,益佰制药
E0129,同大股份
E0130,海马汽车
E0131,航天科技
E0132,宝诚股份
E0133,先导智能
E0134,祁连山
E0135,华讯方舟
E0136,浩云科技
E0137,摩恩电气
E0138,盈方微
E0139,视觉中国
E0140,天通股份
E0141,厦华电子
E0142,中国银行
E0143,朗源股份
E0144,*ST广夏
E0145,健盛集团
E0146,向日葵
E0147,全聚德
E0148,飞乐音响
E0149,白云山
E0150,国电电力
E0151,北斗星通
E0152,通宝能源
E0153,万和电气
E0154,山西汾酒
E0155,上海新阳
E0156,西安旅游
E0157,仟源医药
E0158,四方精创
E0159,山西三维
E0160,中信银行
E0161,均胜电子
E0162,浙江富润
E0163,比亚迪
E0164,天源迪科
E0165,天业股份
E0166,耀皮玻璃
E0167,华能国际
E0168,汇源通信
E0169,桃李面包
E0170,云意电气
E0171,春晖股份
E0172,北方导航
E0173,茂硕电源
E0174,伊之密
E0175,腾龙股份
E0176,骆驼股份
E0177,高乐股份
E0178,凤凰传媒
E0179,航天工程
E0180,北方稀土
E0181,鲁抗医药
E0182,通达股份
E0183,时代出版
E0184,雷曼股份
E0185,鼎龙股份
E0186,韩建河山
E0187,中国建筑
E0188,泰尔重工
E0189,闰土股份
E0190,纽威股份
E0191,杰瑞股份
E0192,九阳股份
E0193,京能置业
E0194,宁波韵升
E0195,张裕A
E0196,天士力
E0197,海泰发展
E0198,国药一致
E0199,太极股份
E0200,同洲电子
E0201,厦工股份
E0202,宁波高发
E0203,国新能源
E0204,黑牛食品
E0205,立讯精密
E0206,凯龙股份
E0207,浙江东方
E0208,江南嘉捷
E0209,浙江美大
E0210,江中药业
E0211,开创国际
E0212,花园生物
E0213,新黄浦
E0214,沙隆达A
E0215,江苏索普
E0216,北京君正
E0217,用友网络
E0218,锦州港
E0219,信邦制药
E0220,上海建工
E0221,大富科技
E0222,远望谷
E0223,万科A
E0224,深华新
E0225,国轩高科
E0226,万泽股份
E0227,云内动力
E0228,中粮生化
E0229,维尔利
E0230,天富能源
E0231,东方创业
E0232,巨轮智能
E0233,建发股份
E0234,苏州设计
E0235,伟星股份
E0236,宁波建工
E0237,大唐发电
E0238,新海宜
E0239,齐峰新材
E0240,阳普医疗
E0241,英特集团
E0242,万家文化
E0243,光明乳业
E0244,千金药业
E0245,晨光生物
E0246,界龙实业
E0247,顺发恒业
E0248,建新矿业
E0249,国统股份
E0250,现代投资
E0251,中储股份
E0252,香溢融通
E0253,三友化工
E0254,西藏发展
E0255,龙力生物
E0256,*ST新梅
E0257,双汇发展
E0258,南方汇通
E0259,全柴动力
E0260,金自天正
E0261,初灵信息
E0262,吉艾科技
E0263,兴森科技
E0264,伊利股份
E0265,天沃科技
E0266,凯撒旅游
E0267,佳都科技
E0268,天科股份
E0269,新宁物流
E0270,通产丽星
E0271,东华能源
E0272,秦岭水泥
E0273,罗普斯金
E0274,中坚科技
E0275,恒瑞医药
E0276,金雷风电
E0277,毅昌股份
E0278,久远银海
E0279,天山股份
E0280,索菲亚
E0281,东易日盛
E0282,福达股份
E0283,博深工具
E0284,中国平安
E0285,金轮股份
E0286,润和软件
E0287,多喜爱
E0288,三维通信
E0289,香江控股
E0290,海南航空
E0291,国海证券
E0292,商业城
E0293,罗莱生活
E0294,铁龙物流
E0295,万业企业
E0296,建新股份
E0297,光力科技
E0298,乾照光电
E0299,北信源
E0300,海欣股份
E0301,三元股份
E0302,石英股份
E0303,吉鑫科技
E0304,山东药玻
E0305,汉王科技
E0306,九洲药业
E0307,利源精制
E0308,华贸物流
E0309,灵康药业
E0310,人民网
E0311,平高电气
E0312,恒邦股份
E0313,爱仕达
E0314,南京中北
E0315,华东医药
E0316,银龙股份
E0317,标准股份
E0318,景嘉微
E0319,中直股份
E0320,新华保险
E0321,友邦吊顶
E0322,林州重机
E0323,尚荣医疗
E0324,星美联合
E0325,凯瑞德
E0326,盛屯矿业
E0327,吉视传媒
E0328,通富微电
E0329,大东方
E0330,润达医疗
E0331,光环新网
E0332,汉得信息
E0333,瑞贝卡
E0334,潜能恒信
E0335,恒信移动
E0336,智云股份
E0337,凯发电气
E0338,恒顺醋业
E0339,北特科技
E0340,孚日股份
E0341,南京银行
E0342,实达集团
E0343,金力泰
E0344,华力创通
E0345,紫光股份
E0346,绿盟科技
E0347,兴业科技
E0348,中工国际
E0349,中环股份
E0350,鲁泰A
E0351,豫光金铅
E0352,中元华电
E0353,晋西车轴
E0354,金枫酒业
E0355,省广股份
E0356,新华百货
E0357,中金黄金
E0358,成都路桥
E0359,渝开发
E0360,三木集团
E0361,通葡股份
E0362,精华制药
E0363,华谊嘉信
E0364,晓程科技
E0365,西昌电力
E0366,中国中铁
E0367,葵花药业
E0368,东安动力
E0369,启迪古汉
E0370,科林环保
E0371,氯碱化工
E0372,金宇车城
E0373,国星光电
E0374,正海磁材
E0375,申达股份
E0376,鞍钢股份
E0377,巨龙管业
E0378,天宝股份
E0379,红旗连锁
E0380,珠江实业
E0381,汇川技术
E0382,中航动力
E0383,三鑫医疗
E0384,名家汇
E0385,长春一东
E0386,永高股份
E0387,暴风科技
E0388,共进股份
E0389,建投能源
E0390,康缘药业
E0391,平潭发展
E0392,华信国际
E0393,湖北金环
E0394,南京熊猫
E0395,苏交科
E0396,中恒电气
E0397,大有能源
E0398,天顺风能
E0399,山东如意
E0400,浙江东日
E0401,金智科技
E0402,华联股份
E0403,恒大高新
E0404,梅雁吉祥
E0405,国元证券
E0406,联环药业
E0407,联创光电
E0408,广联达
E0409,万福生科
E0410,ST明科
E0411,鲁亿通
E0412,西宁特钢
E0413,恒康医疗
E0414,天和防务
E0415,齐心集团
E0416,中技控股
E0417,烯碳新材
E0418,星河生物
E0419,哈高科
E0420,南京港
E0421,火炬电子
E0422,安硕信息
E0423,九洲电气
E0424,大众公用
E0425,华资实业
E0426,华鼎股份
E0427,南华仪器
E0428,东方明珠
E0429,珈伟股份
E0430,天广消防
E0431,国瓷材料
E0432,西安饮食
E0433,四川美丰
E0434,光线传媒
E0435,中国西电
E0436,山西证券
E0437,生益科技
E0438,通策医疗
E0439,步森股份
E0440,大华股份
E0441,巨力索具
E0442,利尔化学
E0443,国光股份
E0444,南华生物
E0445,航天晨光
E0446,智度投资
E0447,一汽轿车
E0448,九鼎投资
E0449,福星股份
E0450,上海临港
E0451,上海能源
E0452,东港股份
E0453,中科金财
E0454,金谷源
E0455,银邦股份
E0456,雪莱特
E0457,天成控股
E0458,雷科防务
E0459,黔源电力
E0460,格力地产
E0461,富奥股份
E0462,大东海A
E0463,安居宝
E0464,华天酒店
E0465,日发精机
E0466,金融街
E0467,洲际油气
E0468,广宇集团
E0469,创元科技
E0470,久联发展
E0471,华钰矿业
E0472,远大智能
E0473,山东矿机
E0474,秋林集团
E0475,鄂尔多斯
E0476,国恩股份
E0477,健民集团
E0478,天华超净
E0479,翠微股份
E0480,康尼机电
E0481,珠江控股
E0482,中国宝安
E0483,艾派克
E0484,高新发展
E0485,宏达新材
E0486,当代东方
E0487,金杯汽车
E0488,广百股份
E0489,二六三
E0490,同花顺
E0491,旭光股份
E0492,利欧股份
E0493,天地源
E0494,百隆东方
E0495,三峡新材
E0496,禾嘉股份
E0497,贝因美
E0498,东凌国际
E0499,通合科技
E0500,文投控股
E0501,涪陵榨菜
E0502,电子城
E0503,盾安环境
E0504,美达股份
E0505,航民股份
E0506,安徽水利
E0507,三泰控股
E0508,中国铁建
E0509,紫金矿业
E0510,浦东金桥
E0511,康恩贝
E0512,富春通信
E0513,海螺水泥
E0514,中国重工
E0515,嘉应制药
E0516,尤夫股份
E0517,首航节能
E0518,乐视网
E0519,中国医药
E0520,太化股份
E0521,力星股份
E0522,三夫户外
E0523,澳洋顺昌
E0524,中源协和
E0525,萃华珠宝
E0526,四川九洲
E0527,卫士通
E0528,跨境通
E0529,尤洛卡
E0530,红日药业
E0531,双林股份
E0532,金城医药
E0533,游族网络
E0534,出版传媒
E0535,外高桥
E0536,日照港
E0537,掌趣科技
E0538,威孚高科
E0539,兴源环境
E0540,丰东股份
E0541,云投生态
E0542,金种子酒
E0543,蒙草抗旱
E0544,金证股份
E0545,瑞丰高材
E0546,美亚柏科
E0547,中泰化学
E0548,中信海直
E0549,天津松江
E0550,金信诺
E0551,首开股份
E0552,宁沪高速
E0553,新时达
E0554,聚光科技
E0555,凯乐科技
E0556,中国核电
E0557,秀强股份
E0558,云煤能源
E0559,金花股份
E0560,华策影视
E0561,富临运业
E0562,山鹰纸业
E0563,冠农股份
E0564,天银机电
E0565,新野纺织
E0566,保利地产
E0567,哈药股份
E0568,深赛格
E0569,大连重工
E0570,明牌珠宝
E0571,当升科技
E0572,海伦哲
E0573,三花股份
E0574,亚太股份
E0575,顺络电子
E0576,东方电热
E0577,泰和新材
E0578,歌华有线
E0579,云南盐化
E0580,新世界
E0581,蓝黛传动
E0582,传化股份
E0583,浙江鼎力
E0584,中炬高新
E0585,迈克生物
E0586,吉恩镍业
E0587,阳光照明
E0588,佛塑科技
E0589,金禾实业
E0590,中飞股份
E0591,斯太尔
E0592,蓝丰生化
E0593,山河智能
E0594,创兴资源
E0595,新华联
E0596,湘邮科技
E0597,汇洁股份
E0598,神剑股份
E0599,文化长城
E0600,广安爱众
E0601,濮耐股份
E0602,美尔雅
E0603,长城动漫
E0604,日科化学
E0605,华兰生物
E0606,广电运通
E0607,北大未名（上海）投资控股有限公司
E0608,湖南海利
E0609,抚顺特钢
E0610,乐金健康
E0611,迦南科技
E0612,永艺股份
E0613,粤电力A
E0614,莱茵生物
E0615,中来股份
E0616,宁波港
E0617,南威软件
E0618,大金重工
E0619,远东传动
E0620,准油股份
E0621,长春燃气
E0622,爱迪尔
E0623,永太科技
E0624,兰州民百
E0625,S佳通
E0626,海信科龙
E0627,仪电电子
E0628,莱宝高科
E0629,华昌化工
E0630,华泽钴镍
E0631,北辰实业
E0632,工大高新
E0633,洋河股份
E0634,岷江水电
E0635,梅安森
E0636,世纪瑞尔
E0637,双环科技
E0638,腾达建设
E0639,南国置业
E0640,重庆路桥
E0641,金利华电
E0642,荣盛石化
E0643,东湖高新
E0644,湖南发展
E0645,腾信股份
E0646,福耀玻璃
E0647,澳柯玛
E0648,力生制药
E0649,兖州煤业
E0650,中国中车
E0651,融捷股份
E0652,中化国际
E0653,华闻传媒
E0654,高伟达
E0655,佳讯飞鸿
E0656,醋化股份
E0657,佳电股份
E0658,靖远煤电
E0659,海大集团
E0660,南京新百
E0661,市北高新
E0662,龙建股份
E0663,漳泽电力
E0664,冠福股份
E0665,重庆燃气
E0666,高盟新材
E0667,中牧股份
E0668,楚天高速
E0669,西藏城投
E0670,英飞拓
E0671,网宿科技
E0672,恒丰纸业
E0673,西部资源
E0674,张江高科
E0675,佐力药业
E0676,木林森
E0677,弘高创意
E0678,海宁皮城
E0679,宜昌交运
E0680,春秋航空
E0681,南钢股份
E0682,平庄能源
E0683,清新环境
E0684,上海佳豪
E0685,得润电子
E0686,*ST金路
E0687,信威集团
E0688,龙源技术
E0689,*ST云网
E0690,中化岩土
E0691,德威新材
E0692,滨化股份
E0693,银河磁体
E0694,大北农
E0695,以岭药业
E0696,浙江广厦
E0697,大东南
E0698,中房股份
E0699,厦门钨业
E0700,天目药业
E0701,人人乐
E0702,慈文传媒
E0703,新莱应材
E0704,科陆电子
E0705,永利股份
E0706,东方新星
E0707,奥特佳
E0708,广东榕泰
E0709,中葡股份
E0710,胜宏科技
E0711,康盛股份
E0712,老板电器
E0713,*ST海润
E0714,金隅股份
E0715,青海华鼎
E0716,长城信息
E0717,浩物股份
E0718,联创股份
E0719,天地科技
E0720,方大集团
E0721,通达动力
E0722,格力电器
E0723,福瑞股份
E0724,远程电缆
E0725,大康牧业
E0726,瑞康医药
E0727,蓝色光标
E0728,德美化工
E0729,赣粤高速
E0730,华控赛格
E0731,杭州解百
E0732,泰豪科技
E0733,杭州高新
E0734,国际实业
E0735,皖通高速
E0736,信雅达
E0737,新力金融
E0738,银江股份
E0739,世纪星源
E0740,民生银行
E0741,鹏辉能源
E0742,宗申动力
E0743,兰生股份
E0744,章源钨业
E0745,桂林三金
E0746,润邦股份
E0747,台海核电
E0748,印纪传媒
E0749,华声股份
E0750,五矿发展
E0751,海南橡胶
E0752,东方银星
E0753,鹏欣资源
E0754,宏润建设
E0755,汇通能源
E0756,欧浦智网
E0757,东百集团
E0758,飞力达
E0759,迪森股份
E0760,北方国际
E0761,宝安地产
E0762,道森股份
E0763,天龙光电
E0764,丰原药业
E0765,汉森制药
E0766,福斯特
E0767,康斯特
E0768,英威腾
E0769,宝胜股份
E0770,宜华木业
E0771,露笑科技
E0772,永贵电器
E0773,盛洋科技
E0774,荣华实业
E0775,东方日升
E0776,应流股份
E0777,*ST川化
E0778,天神娱乐
E0779,新澳股份
E0780,杭钢股份
E0781,雅戈尔
E0782,全信股份
E0783,天润乳业
E0784,强生控股
E0785,欣泰电气
E0786,星湖科技
E0787,华神集团
E0788,达意隆
E0789,世龙实业
E0790,大众交通
E0791,天汽模
E0792,华铁科技
E0793,通化金马
E0794,众合科技
E0795,广州友谊
E0796,维科精华
E0797,华谊兄弟
E0798,恒源煤电
E0799,金达威
E0800,陕天然气
E0801,景兴纸业
E0802,建艺集团
E0803,鲁西化工
E0804,伟星新材
E0805,中原特钢
E0806,方大炭素
E0807,青海春天
E0808,申能股份
E0809,深天地A
E0810,中海油服
E0811,宝鼎科技
E0812,中国交建
E0813,神农基因
E0814,TCL集团
E0815,洪城水业
E0816,中国化学
E0817,中海科技
E0818,岳阳兴长
E0819,苏试试验
E0820,亨通光电
E0821,科伦药业
E0822,龙生股份
E0823,大龙地产
E0824,ST景谷
E0825,中南传媒
E0826,齐星铁塔
E0827,*ST八钢
E0828,铁岭新城
E0829,四维图新
E0830,陆家嘴
E0831,振芯科技
E0832,大秦铁路
E0833,和邦生物
E0834,安洁科技
E0835,朗玛信息
E0836,合肥城建
E0837,星宇股份
E0838,华远地产
E0839,华侨城A
E0840,西藏珠峰
E0841,恒宝股份
E0842,秦川机床
E0843,森源电气
E0844,益生股份
E0845,和顺电气
E0846,深圳机场
E0847,金运激光
E0848,*ST明胶
E0849,大商股份
E0850,*ST星马
E0851,美尚生态
E0852,先河环保
E0853,柯利达
E0854,濮阳惠成
E0855,恒立液压
E0856,福日电子
E0857,中兴商业
E0858,川仪股份
E0859,泸州老窖
E0860,通威股份
E0861,广誉远
E0862,新潮实业
E0863,浪莎股份
E0864,康美药业
E0865,山东钢铁
E0866,青岛双星
E0867,昆仑万维
E0868,*ST冀装
E0869,双成药业
E0870,天玑科技
E0871,重庆啤酒
E0872,美年健康
E0873,康普顿
E0874,青龙管业
E0875,中珠控股
E0876,山东地矿
E0877,浙江众成
E0878,津滨发展
E0879,中天能源
E0880,西南证券
E0881,加加食品
E0882,苏宁环球
E0883,民丰特纸
E0884,瑞泰科技
E0885,渝三峡A
E0886,莱茵体育
E0887,泰禾集团
E0888,大连港
E0889,卫宁健康
E0890,红太阳
E0891,佳士科技
E0892,宏磊股份
E0893,科大智能
E0894,上海凯宝
E0895,海得控制
E0896,柏堡龙
E0897,潮宏基
E0898,数码视讯
E0899,大连友谊
E0900,中青宝
E0901,太极集团
E0902,猛狮科技
E0903,东方雨虹
E0904,华鹏飞
E0905,金莱特
E0906,和晶科技
E0907,华虹计通
E0908,桂冠电力
E0909,潍柴动力
E0910,苏常柴A
E0911,赛轮金宇
E0912,厦门国贸
E0913,荣信股份
E0914,中原内配
E0915,金字火腿
E0916,凌钢股份
E0917,万向钱潮
E0918,退市博元
E0919,星网锐捷
E0920,国际医学
E0921,科恒股份
E0922,奥特迅
E0923,美邦服饰
E0924,欣龙控股
E0925,武汉凡谷
E0926,盘江股份
E0927,宁波热电
E0928,南风股份
E0929,长盈精密
E0930,美盈森
E0931,环能科技
E0932,苏泊尔
E0933,燕塘乳业
E0934,河北宣工
E0935,兆日科技
E0936,天成自控
E0937,诺力股份
E0938,帝龙新材
E0939,翰宇药业
E0940,键桥通讯
E0941,GQY视讯
E0942,海南椰岛
E0943,超声电子
E0944,浙江永强
E0945,安彩高科
E0946,赛象科技
E0947,赛升药业
E0948,上汽集团
E0949,信隆实业
E0950,豫金刚石
E0951,上海恺润思投资管理有限公司
E0952,聚隆科技
E0953,金城股份
E0954,金鸿能源
E0955,艾比森
E0956,新疆城建
E0957,双箭股份
E0958,京运通
E0959,深中华A
E0960,世纪鼎利
E0961,开山股份
E0962,中电鑫龙
E0963,宏图高科
E0964,海南高速
E0965,一心堂
E0966,安琪酵母
E0967,浙江龙盛
E0968,江苏舜天
E0969,博济医药
E0970,岳阳林纸
E0971,上峰水泥
E0972,互动娱乐
E0973,商赢环球
E0974,江西铜业
E0975,神思电子
E0976,跃岭股份
E0977,江海股份
E0978,华伍股份
E0979,华映科技
E0980,飞亚达A
E0981,特发信息
E0982,众信旅游
E0983,万讯自控
E0984,广宇发展
E0985,克明面业
E0986,海洋王
E0987,杭氧股份
E0988,国发股份
E0989,新疆天业
E0990,青岛啤酒
E0991,香梨股份
E0992,招商银行
E0993,中通客车
E0994,北京城乡
E0995,沪电股份
E0996,盛达矿业
E0997,申万宏源
E0998,博腾股份
E0999,辉隆股份
E1000,云维股份
E1001,强力新材
E1002,嘉事堂
E1003,华西能源
E1004,中材节能
E1005,汇金股份
E1006,招商证券
E1007,卧龙电气
E1008,华光股份
E1009,安阳钢铁
E1010,大西洋
E1011,博实股份
E1012,上海普天
E1013,荣科科技
E1014,东方财富
E1015,老白干酒
E1016,金圆股份
E1017,旋极信息
E1018,开开实业
E1019,科力远
E1020,德宏股份
E1021,奥瑞金
E1022,炼石有色
E1023,上海物贸
E1024,方正电机
E1025,波导股份
E1026,开元仪器
E1027,恒华科技
E1028,双杰电气
E1029,新华制药
E1030,大豪科技
E1031,奥瑞德
E1032,北矿磁材
E1033,安妮股份
E1034,本钢板材
E1035,诚益通
E1036,广信股份
E1037,世纪游轮
E1038,承德露露
E1039,迪安诊断
E1040,湖南投资
E1041,万孚生物
E1042,渤海金控
E1043,北京银行
E1044,海联讯
E1045,晨光文具
E1046,唐山港
E1047,西仪股份
E1048,新元科技
E1049,华英农业
E1050,中粮屯河
E1051,紫鑫药业
E1052,达实智能
E1053,勤上光电
E1054,汤臣倍健
E1055,格林美
E1056,雪浪环境
E1057,怡球资源
E1058,真视通
E1059,海利得
E1060,廊坊发展
E1061,柘中股份
E1062,明星电缆
E1063,佛慈制药
E1064,大连控股
E1065,金龙汽车
E1066,双塔食品
E1067,金鹰股份
E1068,光大证券
E1069,亿纬锂能
E1070,中天科技
E1071,亚泰集团
E1072,福田汽车
E1073,晋亿实业
E1074,五洋科技
E1075,罗平锌电
E1076,富煌钢构
E1077,富邦股份
E1078,煌上煌
E1079,中远航运
E1080,龙头股份
E1081,启源装备
E1082,川金诺
E1083,龙溪股份
E1084,新南洋
E1085,科泰电源
E1086,拓日新能
E1087,长江传媒
E1088,华中数控
E1089,中航光电
E1090,绿景控股
E1091,佳创视讯
E1092,易华录
E1093,隆基股份
E1094,林洋能源
E1095,中国一重
E1096,海思科
E1097,山东华鹏
E1098,营口港
E1099,通程控股
E1100,天坛生物
E1101,ST生化
E1102,环旭电子
E1103,天海投资
E1104,宁波中百
E1105,银星能源
E1106,吉峰农机
E1107,沃华医药
E1108,迪威视讯
E1109,大庆华科
E1110,银禧科技
E1111,郴电国际
E1112,西水股份
E1113,日上集团
E1114,天音控股
E1115,万通地产
E1116,粤高速A
E1117,天兴仪表
E1118,华纺股份
E1119,凌云股份
E1120,百利电气
E1121,招商轮船
E1122,国旅联合
E1123,华平股份
E1124,洽洽食品
E1125,西安民生
E1126,片仔癀
E1127,地尔汉宇
E1128,东方电子
E1129,隆平高科
E1130,中电远达
E1131,亚夏汽车
E1132,华东电脑
E1133,川润股份
E1134,城投控股
E1135,上海电力
E1136,科迪乳业
E1137,深圳能源
E1138,安泰科技
E1139,会稽山
E1140,平煤股份
E1141,深赤湾A
E1142,京投银泰
E1143,金风科技
E1144,华昌达
E1145,宝通科技
E1146,中泰桥梁
E1147,交运股份
E1148,洛阳玻璃
E1149,新湖中宝
E1150,亿晶光电
E1151,南洋科技
E1152,澳洋科技
E1153,连云港
E1154,酒钢宏兴
E1155,神火股份
E1156,德力股份
E1157,国联水产
E1158,红相电力
E1159,保龄宝
E1160,物产中拓
E1161,海航创新
E1162,华润双鹤
E1163,山推股份
E1164,三变科技
E1165,中航飞机
E1166,柳州医药
E1167,中发科技
E1168,爱普股份
E1169,亚太药业
E1170,宝鹰股份
E1171,金洲管道
E1172,华录百纳
E1173,联建光电
E1174,首创股份
E1175,天药股份
E1176,三元达
E1177,建峰化工
E1178,杉杉股份
E1179,平安银行
E1180,蓉胜超微
E1181,沙钢股份
E1182,信维通信
E1183,华邦健康
E1184,亚太实业
E1185,*ST江泉
E1186,西藏天路
E1187,立思辰
E1188,鄂武商A
E1189,亿利达
E1190,清水源
E1191,渤海轮渡
E1192,宏达矿业
E1193,正邦科技
E1194,通化东宝
E1195,深科技
E1196,美亚光电
E1197,金发科技
E1198,*ST沪科
E1199,东华实业
E1200,延长化建
E1201,四川双马
E1202,东睦股份
E1203,锦江投资
E1204,长园集团
E1205,中航动控
E1206,双星新材
E1207,浙大网新
E1208,上海莱士
E1209,海能达
E1210,同方股份
E1211,永东股份
E1212,长白山
E1213,恒泰艾普
E1214,七喜控股
E1215,深圳燃气
E1216,银之杰
E1217,鼎立股份
E1218,六国化工
E1219,上海石化
E1220,四方达
E1221,皖维高新
E1222,合肥百货
E1223,辉丰股份
E1224,中水渔业
E1225,中际装备
E1226,山东威达
E1227,众生药业
E1228,天齐锂业
E1229,成发科技
E1230,隆华节能
E1231,西陇科学
E1232,新华传媒
E1233,音飞储存
E1234,云南旅游
E1235,利德曼
E1236,雅克科技
E1237,东阳光科
E1238,司太立
E1239,有研新材
E1240,中国太保
E1241,长江证券
E1242,科融环境
E1243,浙江金科
E1244,渤海活塞
E1245,广州发展
E1246,三房巷
E1247,铜陵有色
E1248,继峰股份
E1249,四通股份
E1250,金陵饭店
E1251,鸿博股份
E1252,阳谷华泰
E1253,福鞍股份
E1254,海康威视
E1255,华媒控股
E1256,三爱富
E1257,沃森生物
E1258,益盛药业
E1259,绿地控股
E1260,西部证券
E1261,南方航空
E1262,中原高速
E1263,莫高股份
E1264,升达林业
E1265,华微电子
E1266,坚朗五金
E1267,雏鹰农牧
E1268,力源信息
E1269,东方时尚
E1270,同力水泥
E1271,长电科技
E1272,象屿股份
E1273,深华发A
E1274,亿利洁能
E1275,好当家
E1276,中鼎股份
E1277,司尔特
E1278,硕贝德
E1279,隧道股份
E1280,恒立实业
E1281,鹭燕医药
E1282,人民同泰
E1283,爱尔眼科
E1284,三联商社
E1285,中山公用
E1286,海通证券
E1287,方直科技
E1288,新华医疗
E1289,普利特
E1290,唐人神
E1291,金科股份
E1292,麦达数字
E1293,*ST南化
E1294,凯撒股份
E1295,兴发集团
E1296,银宝山新
E1297,新疆众和
E1298,昌九生化
E1299,东方航空
E1300,乐普医疗
E1301,华发股份
E1302,新乡化纤
E1303,摩登大道
E1304,博瑞传播
E1305,中国人寿
E1306,北方创业
E1307,方正科技
E1308,通润装备
E1309,金贵银业
E1310,东风汽车
E1311,海伦钢琴
E1312,久其软件
E1313,利达光电
E1314,诺德股份
E1315,海螺型材
E1316,大亚科技
E1317,天际股份
E1318,中国海诚
E1319,正虹科技
E1320,中闽能源
E1321,高德红外
E1322,莱克电气
E1323,中航电测
E1324,高新兴
E1325,中粮地产
E1326,新疆浩源
E1327,引力传媒
E1328,老百姓
E1329,长春经开
E1330,华帝股份
E1331,航天发展
E1332,*ST常林
E1333,国信证券
E1334,惠伦晶体
E1335,电广传媒
E1336,沈阳机床
E1337,珠海港
E1338,九州通
E1339,金一文化
E1340,*ST百花
E1341,联美控股
E1342,湖北博盈投资股份有限公司
E1343,华联综超
E1344,常铝股份
E1345,金地集团
E1346,三六五网
E1347,同有科技
E1348,奇正藏药
E1349,蓝科高新
E1350,亿阳信通
E1351,美欣达
E1352,光明地产
E1353,上海机电
E1354,盛路通信
E1355,积成电子
E1356,陕鼓动力
E1357,鸿达兴业
E1358,骅威股份
E1359,金安国纪
E1360,星光农机
E1361,中路股份
E1362,巴士在线
E1363,通源石油
E1364,广生堂
E1365,海兰信
E1366,万鸿集团
E1367,恒通科技
E1368,钢构工程
E1369,桂东电力
E1370,太阳电缆
E1371,黑猫股份
E1372,中科曙光
E1373,贵研铂业
E1374,安纳达
E1375,中银绒业
E1376,吉电股份
E1377,圣农发展
E1378,金马股份
E1379,ST黑化
E1380,美晨科技
E1381,万向德农
E1382,百大集团
E1383,快乐购
E1384,号百控股
E1385,威华股份
E1386,三钢闽光
E1387,长春高新
E1388,万安科技
E1389,峨眉山A
E1390,绿城水务
E1391,凯迪生态
E1392,陕西黑猫
E1393,万里股份
E1394,中航机电
E1395,劲胜精密
E1396,北部湾旅
E1397,永大集团
E1398,通裕重工
E1399,粤水电
E1400,必康股份
E1401,博信股份
E1402,远兴能源
E1403,顺网科技
E1404,好莱客
E1405,远方光电
E1406,光韵达
E1407,宁波银行
E1408,海鸥卫浴
E1409,锦江股份
E1410,赢合科技
E1411,远光软件
E1412,中科电气
E1413,北京利尔
E1414,锐奇股份
E1415,福建金森
E1416,阳泉煤业
E1417,中国巨石
E1418,中昌海运
E1419,京威股份
E1420,农产品
E1421,智慧松德
E1422,*ST南电A
E1423,江西长运
E1424,易成新能
E1425,金桥信息
E1426,国药股份
E1427,嘉寓股份
E1428,深振业A
E1429,桂林旅游
E1430,立霸股份
E1431,天邦股份
E1432,天孚通信
E1433,洛阳钼业
E1434,闽发铝业
E1435,中航资本
E1436,龙宇燃油
E1437,探路者
E1438,滨江集团
E1439,广东明珠
E1440,辅仁药业
E1441,富春环保
E1442,*ST五稀
E1443,华鑫股份
E1444,胜利精密
E1445,文科园林
E1446,豪迈科技
E1447,山水文化
E1448,金诚信
E1449,维格娜丝
E1450,常山药业
E1451,兔宝宝
E1452,高能环境
E1453,华润三九
E1454,冠昊生物
E1455,海航基础
E1456,安徽合力
E1457,襄阳轴承
E1458,瑞凌股份
E1459,鸿利光电
E1460,恒基达鑫
E1461,丹邦科技
E1462,光华科技
E1463,瑞丰光电
E1464,扬杰科技
E1465,仙琚制药
E1466,贵人鸟
E1467,和佳股份
E1468,康芝药业
E1469,长城电工
E1470,上工申贝
E1471,航天长峰
E1472,亚宝药业
E1473,众和股份
E1474,风神股份
E1475,庞大集团
E1476,黑牡丹
E1477,裕兴股份
E1478,中文传媒
E1479,安记食品
E1480,*ST中企
E1481,扬子新材
E1482,凤竹纺织
E1483,罗顿发展
E1484,汇冠股份
E1485,联化科技
E1486,黔轮胎A
E1487,可立克
E1488,中国国旅
E1489,英洛华
E1490,壹桥海参
E1491,碧水源
E1492,钱江水利
E1493,乐山电力
E1494,中利科技
E1495,龙大肉食
E1496,湖北能源
E1497,航天电子
E1498,华东重机
E1499,泰格医药
E1500,奥维通信
E1501,合锻股份
E1502,乐通股份
E1503,中京电子
E1504,榕基软件
E1505,同济科技
E1506,纳川股份
E1507,大恒科技
E1508,金新农
E1509,大橡塑
E1510,常山股份
E1511,江南水务
E1512,航天机电
E1513,宜安科技
E1514,农发种业
E1515,上海医药
E1516,瑞尔特
E1517,泸天化
E1518,莲花健康
E1519,兴民钢圈
E1520,中信证券
E1521,松芝股份
E1522,三峡水利
E1523,恒逸石化
E1524,依顿电子
E1525,杭锅股份
E1526,民生控股
E1527,三一重工
E1528,中南建设
E1529,合金投资
E1530,众业达
E1531,中央商场
E1532,柳工
E1533,长航凤凰
E1534,机器人
E1535,中恒集团
E1536,普洛药业
E1537,河池化工
E1538,栋梁新材
E1539,獐子岛
E1540,康欣新材
E1541,王子新材
E1542,神州高铁
E1543,宝利国际
E1544,创维数字
E1545,河钢股份
E1546,华塑控股
E1547,泛海控股
E1548,新能泰山
E1549,川投能源
E1550,东北证券
E1551,文峰股份
E1552,盛通股份
E1553,金盾股份
E1554,海航投资
E1555,新朋股份
E1556,山东墨龙
E1557,围海股份
E1558,金刚玻璃
E1559,康拓红外
E1560,华菱钢铁
E1561,兰石重装
E1562,凤形股份
E1563,五洲交通
E1564,鸿特精密
E1565,浩丰科技
E1566,招商蛇口
E1567,金晶科技
E1568,国脉科技
E1569,钢研高纳
E1570,威海广泰
E1571,民生证券
E1572,山煤国际
E1573,金明精机
E1574,科斯伍德
E1575,万里扬
E1576,三特索道
E1577,益民集团
E1578,大同煤业
E1579,棕榈园林
E1580,百联股份
E1581,金亚科技
E1582,北新建材
E1583,宝钛股份
E1584,新通联
E1585,同方国芯
E1586,中洲控股
E1587,江南高纤
E1588,海王生物
E1589,绵世股份
E1590,科华生物
E1591,天桥起重
E1592,兰太实业
E1593,石大胜华
E1594,玉龙股份
E1595,东莞控股
E1596,湖北广电
E1597,浙富控股
E1598,瑞普生物
E1599,康强电子
E1600,全新好
E1601,山东海化
E1602,南京化纤
E1603,东方网力
E1604,天保基建
E1605,王府井
E1606,东方国信
E1607,综艺股份
E1608,兴业银行
E1609,金陵药业
E1610,温氏股份
E1611,理工监测
E1612,*ST兴业
E1613,佳隆股份
E1614,山河药辅
E1615,栖霞建设
E1616,桐昆股份
E1617,二三四五
E1618,长江润发
E1619,红宇新材
E1620,合众思壮
E1621,长江通信
E1622,美好集团
E1623,长源电力
E1624,新洋丰
E1625,中国卫星
E1626,荃银高科
E1627,*ST新都
E1628,广电电气
E1629,景峰医药
E1630,宝色股份
E1631,国投新集
E1632,西部材料
E1633,艾迪西
E1634,中科三环
E1635,宁波富达
E1636,合兴包装
E1637,慈星股份
E1638,登云股份
E1639,盛运环保
E1640,曲江文旅
E1641,鲁阳节能
E1642,海德股份
E1643,中国电建
E1644,信息发展
E1645,中弘股份
E1646,安源煤业
E1647,软控股份
E1648,拓普集团
E1649,哈投股份
E1650,星徽精密
E1651,芭田股份
E1652,龙元建设
E1653,华锐风电
E1654,一汽富维
E1655,天华院
E1656,汉钟精机
E1657,航新科技
E1658,*ST舜船
E1659,禾盛新材
E1660,航天通信
E1661,雷鸣科化
E1662,悦达投资
E1663,中核科技
E1664,三聚环保
E1665,兄弟科技
E1666,烽火电子
E1667,亚厦股份
E1668,银座股份
E1669,启明信息
E1670,西部矿业
E1671,宝馨科技
E1672,江苏阳光
E1673,众兴菌业
E1674,捷顺科技
E1675,七匹狼
E1676,广发证券
E1677,唐德影视
E1678,新开普
E1679,漳州发展
E1680,惠泉啤酒
E1681,伟明环保
E1682,中信重工
E1683,四川路桥
E1684,银信科技
E1685,安迪苏
E1686,南通科技
E1687,吴通控股
E1688,共达电声
E1689,中航电子
E1690,华胜天成
E1691,马应龙
E1692,世茂股份
E1693,海翔药业
E1694,中海海盛
E1695,海正药业
E1696,富瑞特装
E1697,长城汽车
E1698,卫星石化
E1699,西部牧业
E1700,力合股份
E1701,赛摩电气
E1702,蓝海华腾
E1703,人福医药
E1704,太钢不锈
E1705,仁和药业
E1706,戴维医疗
E1707,泰胜风能
E1708,博汇纸业
E1709,埃斯顿
E1710,海顺新材
E1711,大洋电机
E1712,开滦股份
E1713,太极实业
E1714,明泰铝业
E1715,辽宁成大
E1716,富祥股份
E1717,天津普林
E1718,广聚能源
E1719,中集集团
E1720,哈尔斯
E1721,新研股份
E1722,昆百大A
E1723,鲁丰环保
E1724,方正证券
E1725,海南矿业
E1726,匹凸匹
E1727,汉威电子
E1728,长城电脑
E1729,*ST水井
E1730,棒杰股份
E1731,金通灵
E1732,坚瑞消防
E1733,新国都
E1734,华夏银行
E1735,万盛股份
E1736,韶钢松山
E1737,海源机械
E1738,济民制药
E1739,振华重工
E1740,中新药业
E1741,龙星化工
E1742,青山纸业
E1743,中海发展
E1744,华泰股份
E1745,光正集团
E1746,中润资源
E1747,豫能控股
E1748,梅泰诺
E1749,长海股份
E1750,复星医药
E1751,莱美药业
E1752,亚盛集团
E1753,中国石油
E1754,金卡股份
E1755,动力源
E1756,航天动力
E1757,浔兴股份
E1758,四创电子
E1759,轴研科技
E1760,康力电梯
E1761,上海家化
E1762,国投电力
E1763,石基信息
E1764,天津磁卡
E1765,武汉中商
E1766,天健集团
E1767,红宝丽
E1768,贵州茅台
E1769,株冶集团
E1770,东方锆业
E1771,皇庭国际
E1772,易事特
E1773,江河集团
E1774,日机密封
E1775,博通股份
E1776,万邦达
E1777,中光防雷
E1778,东吴证券
E1779,佛山照明
E1780,开尔新材
E1781,达华智能
E1782,嘉凯城
E1783,高升控股
E1784,冀中能源
E1785,益丰药房
E1786,茂业商业
E1787,宝钢股份
E1788,亿通科技
E1789,搜于特
E1790,古越龙山
E1791,海格通信
E1792,协鑫集成
E1793,京天利
E1794,中关村
E1795,中国石化
E1796,温州宏丰
E1797,京蓝科技
E1798,南天信息
E1799,龙洲股份
E1800,华润万东
E1801,海立股份
E1802,宝光股份
E1803,中材国际
E1804,国栋建设
E1805,航天信息
E1806,金正大
E1807,宏发股份
E1808,三圣特材
E1809,华夏幸福
E1810,南山控股
E1811,百洋股份
E1812,九牧王
E1813,葛洲坝
E1814,国金证券
E1815,欧比特
E1816,吉林高速
E1817,聚飞光电
E1818,证通电子
E1819,盐湖股份
E1820,龙净环保
E1821,西王食品
E1822,中色股份
E1823,辉煌科技
E1824,上海梅林
E1825,昊志机电
E1826,誉衡药业
E1827,*ST煤气
E1828,华宏科技
E1829,思源电气
E1830,农业银行
E1831,盈峰环境
E1832,荣之联
E1833,海陆重工
E1834,新纶科技
E1835,友利控股
E1836,德奥通航
E1837,锦龙股份
E1838,南风化工
E1839,保千里
E1840,特锐德
E1841,燕京啤酒
E1842,金健米业
E1843,奥马电器
E1844,华星创业
E1845,恺英网络
E1846,高澜股份
E1847,南宁糖业
E1848,雅本化学
E1849,永安药业
E1850,三力士
E1851,宝硕股份
E1852,浙江世宝
E1853,超图软件
E1854,东方证券
E1855,新兴铸管
E1856,永清环保
E1857,华鲁恒升
E1858,精伦电子
E1859,德尔未来
E1860,湖南天雁
E1861,深深房A
E1862,广汇能源
E1863,康耐特
E1864,*ST酒鬼
E1865,啤酒花
E1866,安徽省投资集团控股有限公司
E1867,皇氏集团
E1868,弘业股份
E1869,太平洋
E1870,惠博普
E1871,信质电机
E1872,永鼎股份
E1873,合纵科技
E1874,丰林集团
E1875,九强生物
E1876,兰花科创
E1877,中信国安
E1878,新海股份
E1879,威帝股份
E1880,上实发展
E1881,长安汽车
E1882,中海达
E1883,海印股份
E1884,中毅达
E1885,皖通科技
E1886,一拖股份
E1887,兴业证券
E1888,国电南瑞
E1889,新宝股份
E1890,千足珍珠
E1891,欣旺达
E1892,联明股份
E1893,九芝堂
E1894,登海种业
E1895,古井贡酒
E1896,沃施股份
E1897,广汽集团
E1898,大禹节水
E1899,宝信软件
E1900,四方股份
E1901,东风股份
E1902,江铃汽车
E1903,吉林化纤
E1904,阳光城
E1905,万润股份
E1906,东方市场
E1907,航天电器
E1908,歌力思
E1909,永创智能
E1910,中电电机
E1911,华峰氨纶
E1912,中钢天源
E1913,特力A
E1914,东方海洋
E1915,天创时尚
E1916,赣能股份
E1917,鲁银投资
E1918,爱建集团
E1919,海澜之家
E1920,皖江物流
E1921,浦东建设
E1922,华业资本
E1923,工商银行
E1924,上海机场
E1925,博雅生物
E1926,天喻信息
E1927,今世缘
E1928,华东数控
E1929,深高速
E1930,津劝业
E1931,杭电股份
E1932,迪马股份
E1933,双象股份
E1934,盛天网络
E1935,联创电子
E1936,赤天化
E1937,银泰资源
E1938,南大光电
E1939,国民技术
E1940,安凯客车
E1941,*ST建机
E1942,重庆百货
E1943,国创高新
E1944,徐家汇
E1945,中国重汽
E1946,豫园商城
E1947,中国汽研
E1948,节能风电
E1949,龙韵股份
E1950,雅百特
E1951,中科创达
E1952,四环生物
E1953,红豆股份
E1954,深圳华强
E1955,中青旅
E1956,鲁商置业
E1957,特尔佳
E1958,晨鸣纸业
E1959,同仁堂
E1960,瑞茂通
E1961,普莱柯
E1962,解放军防空兵学院
E1963,御银股份
E1964,复旦复华
E1965,金海环境
E1966,世纪华通
E1967,福建水泥
E1968,交通银行
E1969,百润股份
E1970,八菱科技
E1971,罗牛山
E1972,中天城投
E1973,金叶珠宝
E1974,潍柴重机
E1975,京山轻机
E1976,金利科技
E1977,精工钢构
E1978,梅花生物
E1979,德赛电池
E1980,*ST昆机
E1981,新华锦
E1982,天业通联
E1983,*ST国通
E1984,攀钢钒钛
E1985,扬农化工
E1986,祥龙电业
E1987,科大讯飞
E1988,天赐材料
E1989,中矿资源
E1990,重庆水务
E1991,小天鹅A
E1992,科隆精化
E1993,龙江交通
E1994,迎驾贡酒
E1995,首旅酒店
E1996,嘉欣丝绸
E1997,华西股份
E1998,财信发展
E1999,湖南黄金
E2000,江苏国泰
E2001,德豪润达
E2002,中钢国际
E2003,深圳惠程
E2004,珠江钢琴
E2005,创意信息
E2006,丰乐种业
E2007,乔治白
E2008,华懋科技
E2009,恒生电子
E2010,运达科技
E2011,长荣股份
E2012,上海九百
E2013,新天科技
E2014,菲达环保
E2015,海立美达
E2016,新北洋
E2017,西山煤电
E2018,新城控股
E2019,怡亚通
E2020,索菱股份
E2021,模塑科技
E2022,吉林森工
E2023,申华控股
E2024,飞利信
E2025,中捷资源
E2026,交大昂立
E2027,普路通
E2028,云南锗业
E2029,福安药业
E2030,石化机械
E2031,福成五丰
E2032,中船防务
E2033,恒通股份
E2034,三维丝
E2035,五粮液
E2036,银轮股份
E2037,宝莱特
E2038,东方能源
E2039,外运发展
E2040,中茵股份
E2041,*ST皇台
E2042,元力股份
E2043,龙马环卫
E2044,再升科技
E2045,贵绳股份
E2046,麦迪电气
E2047,美克家居
E2048,全筑股份
E2049,东旭光电
E2050,冀东水泥
E2051,腾邦国际
E2052,数源科技
E2053,华意压缩
E2054,三川智慧
E2055,天龙集团
E2056,东方通
E2057,小商品城
E2058,东方电气
E2059,昊华能源
E2060,仁智油服
E2061,南都电源
E2062,京东方A
E2063,海南瑞泽
E2064,新华龙
E2065,通鼎互联
E2066,济川药业
E2067,保税科技
E2068,佰利联
E2069,中国联通
E2070,华电重工
E2071,天翔环境
E2072,南玻A
E2073,中衡设计
E2074,中电环保
E2075,南方轴承
E2076,柳钢股份
E2077,全志科技
E2078,银润投资
E2079,思美传媒
E2080,宇顺电子
E2081,太龙药业
E2082,百川股份
E2083,海天味业
E2084,杭齿前进
E2085,雷柏科技
E2086,中体产业
E2087,山东金泰
E2088,江粉磁材
E2089,黄山旅游
E2090,云海金属
E2091,鹏翎股份
E2092,方盛制药
E2093,太原重工
E2094,龙泉股份
E2095,珠江啤酒
E2096,慧球科技
E2097,安信信托
E2098,华灿光电
E2099,爱施德
E2100,奥克股份
E2101,神雾环保
E2102,东华软件
E2103,申科股份
E2104,北巴传媒
E2105,君正集团
E2106,奥飞娱乐
E2107,新赛股份
E2108,海越股份
E2109,驰宏锌锗
E2110,华建集团
E2111,锡业股份
E2112,良信电器
E2113,鲁信创投
E2114,山大华特
E2115,时代万恒
E2116,国祯环保
E2117,仙坛股份
E2118,香雪制药
E2119,包钢股份
E2120,三维工程
E2121,华宇软件
E2122,文山电力
E2123,中国武夷
E2124,千禾味业
E2125,宝莫股份
E2126,国泰君安
E2127,歌尔声学
E2128,东江环保
E2129,华北高速
E2130,晶盛机电
E2131,道氏技术
E2132,园城黄金
E2133,莎普爱思
E2134,硅宝科技
E2135,中铁二局
E2136,山东高速
E2137,天奇股份
E2138,中威电子
E2139,汉缆股份
E2140,苏大维格
E2141,普邦园林
E2142,中国高科
E2143,邦讯技术
E2144,春兴精工
E2145,东华科技
E2146,空港股份
E2147,浦发银行
E2148,中核钛白
E2149,烟台冰轮
E2150,宁波海运
E2151,电科院
E2152,兆驰股份
E2153,飞马国际
E2154,安科生物
E2155,华丽家族
E2156,春兰股份
E2157,高鸿股份
E2158,九鼎新材
E2159,中颖电子
E2160,迪瑞医疗
E2161,群兴玩具
E2162,三环集团
E2163,光洋股份
E2164,长城影视
E2165,鱼跃医疗
E2166,鼎汉技术
E2167,大冶特钢
E2168,丽珠集团
E2169,东信和平
E2170,大湖股份
E2171,天润控股
E2172,*ST济柴
E2173,宁波联合
E2174,康达尔
E2175,友阿股份
E2176,南方传媒
E2177,建设银行
E2178,任子行
E2179,安控科技
E2180,长青股份
E2181,江山股份
E2182,炬华科技
E2183,涪陵电力
E2184,深信泰丰
E2185,光大银行
E2186,四川长虹
E2187,南京高科
E2188,苏宁云商
E2189,安科瑞
E2190,利君股份
E2191,胜利股份
E2192,九华旅游
E2193,大连电瓷
E2194,晶方科技
E2195,方兴科技
E2196,道明光学
E2197,科士达
E2198,沱牌舍得
E2199,凯利泰
E2200,首钢股份
E2201,上柴股份
E2202,浙能电力
E2203,安诺其
E2204,林海股份
E2205,力帆股份
E2206,东软载波
E2207,华友钴业
E2208,博晖创新
E2209,安利股份
E2210,昇兴股份
E2211,新都化工
E2212,宝德股份
E2213,鼎捷软件
E2214,云铝股份
E2215,劲拓股份
E2216,宁波华翔
E2217,露天煤业
E2218,华仁药业
E2219,卓翼科技
E2220,广东甘化
E2221,创业软件
E2222,沙河股份
E2223,顺威股份
E2224,三全食品
E2225,森马服饰
E2226,海默科技
E2227,吉祥航空
E2228,智慧能源
E2229,金瑞科技
E2230,升华拜克
E2231,英力特
E2232,新开源
E2233,艾华集团
E2234,时代新材
E2235,先锋电子
E2236,洪涛股份
E2237,同达创业
E2238,宜华健康
E2239,渤海股份
E2240,金发拉比
E2241,楚天科技
E2242,张家界
E2243,岭南控股
E2244,惠天热电
E2245,千方科技
E2246,联络互动
E2247,金龙机电
E2248,西藏药业
E2249,聚龙股份
E2250,南通锻压
E2251,新日恒力
E2252,科远股份
E2253,大族激光
E2254,新宙邦
E2255,中国船舶
E2256,云南城投
E2257,上海凤凰
E2258,江苏神通
E2259,亚星锚链
E2260,健康元
E2261,*ST夏利
E2262,新钢股份
E2263,赞宇科技
E2264,凯美特气
E2265,双环传动
E2266,*ST兴化
E2267,陕国投A
E2268,安泰集团
E2269,成飞集成
E2270,鹏博士
E2271,银鸽投资
E2272,斯莱克
E2273,大连圣亚
E2274,海峡股份
E2275,中安消
E2276,天润曲轴
E2277,东方网络
E2278,汉商集团
E2279,云天化
E2280,丽江旅游
E2281,焦点科技
E2282,天马股份
E2283,量子高科
E2284,久立特材
E2285,光一科技
E2286,恒天海龙
E2287,步步高
E2288,东方集团
E2289,拓邦股份
E2290,新大洲A
E2291,华天科技
E2292,森远股份
E2293,鑫茂科技
E2294,茂业通信
E2295,福建高速
E2296,南纺股份
E2297,沧州明珠
E2298,曙光股份
E2299,湖北宜化
E2300,经纬纺机
E2301,正业科技
E2302,华联控股
E2303,大冷股份
E2304,湘电股份
E2305,新奥股份
E2306,长方集团
E2307,东方钽业
E2308,万家乐
E2309,三湘股份
E2310,东南网架
E2311,拓尔思
E2312,重庆港九
E2313,雪迪龙
E2314,江淮汽车
E2315,亚太科技
E2316,康得新
E2317,新文化
E2318,科新机电
E2319,西藏旅游
E2320,华海药业
E2321,新亚制程
E2322,依米康
E2323,京能电力
E2324,深深宝A
E2325,润欣科技
E2326,福晶科技
E2327,通光线缆
E2328,齐翔腾达
E2329,中南重工
E2330,万润科技
E2331,海普瑞
E2332,德联集团
E2333,金岭矿业
E2334,云南白药
E2335,北纬通信
E2336,运盛医疗
E2337,中联重科
E2338,粤宏远A
E2339,陕西金叶
E2340,尖峰集团
E2341,蓝盾股份
E2342,丰华股份
E2343,深物业A
E2344,台城制药
E2345,太空板业
E2346,永辉超市
E2347,万顺股份
E2348,菲利华
E2349,丹化科技
E2350,甘肃电投
E2351,杭萧钢构
E2352,劲嘉股份
E2353,金螳螂
E2354,昌红科技
E2355,兰州黄河
E2356,深康佳A
E2357,精艺股份
E2358,宁波精达
E2359,宋都股份
E2360,天泽信息
E2361,奥康国际
E2362,中航地产
E2363,希努尔
E2364,恩华药业
E2365,美菱电器
E2366,设计股份
E2367,华仪电气
E2368,许继电气
E2369,威创股份
E2370,太阳能
E2371,精锻科技
E2372,江南化工
E2373,弘讯科技
E2374,亚通股份
E2375,京新药业
E2376,北新路桥
E2377,金牛化工
E2378,友好集团
E2379,星星科技
E2380,蒙发利
E2381,双龙股份
E2382,天利高新
E2383,长亮科技
E2384,北方股份
E2385,丽鹏股份
E2386,永新股份
E2387,智慧农业
E2388,赣锋锂业
E2389,振东制药
E2390,国农科技
E2391,北陆药业
E2392,郑州煤电
E2393,东方金钰
E2394,红阳能源
E2395,广田股份
E2396,ST宜纸
E2397,乾景园林
E2398,苏州高新
E2399,宝钢包装
E2400,红蜻蜓
E2401,鲁北化工
E2402,如意集团
E2403,上海钢联
E2404,长生生物
E2405,天康生物
E2406,华电国际
E2407,第一医药
E2408,东晶电子
E2409,华斯股份
E2410,中航三鑫
E2411,光迅科技
E2412,厦门港务
E2413,阳光股份
E2414,云南铜业
E2415,长高集团
E2416,亚星客车
E2417,奥拓电子
E2418,美盛文化
E2419,同德化工
E2420,牧原股份
E2421,方大化工
E2422,法因数控
E2423,*ST亚星
E2424,博世科
E2425,富安娜
E2426,金石东方
E2427,金河生物
E2428,海虹控股
E2429,中航黑豹
E2430,科达洁能
E2431,中视传媒
E2432,中国远洋
E2433,嘉麟杰
E2434,法尔胜
E2435,太阳鸟
E2436,*ST江化
E2437,中电广通
E2438,数字政通
E2439,风华高科
E2440,城市传媒
E2441,美的集团
E2442,奇信股份
E2443,信立泰
E2444,上海三毛
E2445,博威合金
E2446,中国中冶
E2447,东方铁塔
E2448,好利来
E2449,得利斯
E2450,海特高新
E2451,厚普股份
E2452,江苏吴中
E2453,千山药机
E2454,大立科技
E2455,宏达高科
E2456,老凤祥
E2457,广州浪奇
E2458,广电网络
E2459,厦门信达
E2460,证券简称
E2461,国风塑业
E2462,科华恒盛
E2463,万林股份
E2464,中原环保
E2465,中航重机
E2466,恒星科技
E2467,爱康科技
E2468,明家联合
E2469,两面针
E2470,智飞生物
E2471,康跃科技
E2472,重庆钢铁
E2473,欧菲光
E2474,杰赛科技
E2475,深大通
E2476,中国嘉陵
E2477,华东科技
E2478,中煤能源
E2479,保变电气
E2480,江苏有线
E2481,华电能源
E2482,山东路桥
E2483,美康生物
E2484,焦作万方
E2485,迅游科技
E2486,达刚路机
E2487,诚志股份
E2488,铁汉生态
E2489,盐田港
E2490,江南红箭
E2491,启明星辰
E2492,上海贝岭
E2493,广博股份
E2494,南宁百货
E2495,东方精工
E2496,雅化集团
E2497,天虹商场
E2498,东杰智能
E2499,龙津药业
E2500,锦富新材
E2501,金钼股份
E2502,贵航股份
E2503,完美环球
E2504,天津港
E2505,中超控股
E2506,新易盛
E2507,溢多利
E2508,海达股份
E2509,开能环保
E2510,东华测试
E2511,哈空调
E2512,山东章鼓
E2513,易联众
E2514,新华都
E2515,宁夏建材
E2516,赛福天
E2517,海南海药
E2518,青岛海尔
E2519,鼎泰新材
E2520,国光电器
E2521,宋城演艺
E2522,中兴通讯
E2523,荣盛发展
E2524,旗滨集团
E2525,三五互联
E2526,多氟多
E2527,金浦钛业
E2528,霞客环保
E2529,蓝光发展
E2530,东山精密
E2531,中国天楹
E2532,乐凯新材
E2533,洲明科技
E2534,利民股份
E2535,华源包装
E2536,中国中期
E2537,武钢股份
E2538,广济药业
E2539,鹿港科技
E2540,蓝英装备
E2541,铜峰电子
E2542,乐凯胶片
E2543,舒泰神
E2544,光电股份
E2545,海亮股份
E2546,世荣兆业
E2547,*ST沧大
E2548,贵糖股份
E2549,兴蓉环境
E2550,万马股份
E2551,钱江生化
E2552,漫步者
E2553,柳化股份
E2554,万达院线
E2555,利亚德
E2556,*ST蒙发
E2557,鞍重股份
E2558,旷达科技
E2559,神奇制药
E2560,海利生物
E2561,黄河旋风
E2562,合力泰
E2563,ST宏盛
E2564,伊力特
E2565,华工科技
E2566,南极电商
E2567,惠而浦
E2568,青松股份
E2569,国睿科技
E2570,永兴特钢
E2571,大连热电
E2572,南京医药
E2573,凯恩股份
E2574,置信电气
E2575,三诺生物
E2576,皖新传媒
E2577,洪都航空
E2578,未名医药
E2579,好想你
E2580,创力集团
E2581,三丰智能
E2582,卧龙地产
E2583,华联矿业
E2584,*ST成城
E2585,大名城
E2586,神开股份
E2587,浩宁达
E2588,西藏矿业
E2589,银河电子
E2590,捷成股份
E2591,茂化实华
E2592,南兴装备
E2593,特变电工
E2594,上海绿新
E2595,荣丰控股
E2596,创业环保
E2597,石岘纸业
E2598,昆药集团
E2599,中泰股份
E2600,宏昌电子
E2601,耐威科技
E2602,达安基因
E2603,宜通世纪
E2604,大地传媒
E2605,东材科技
E2606,凤凰光学
E2607,华自科技
E2608,中百集团
E2609,新筑股份
E2610,双钱股份
E2611,精功科技
E2612,首商股份
E2613,口子窖
E2614,风范股份
E2615,合康变频
E2616,浙报传媒
E2617,广晟有色
E2618,雄韬股份
E2619,新界泵业
E2620,南岭民爆
E2621,天茂集团
E2622,白云机场
E2623,天房发展
E2624,敦煌种业
E2625,诺普信
E2626,振华科技
E2627,喜临门
E2628,北部湾港
E2629,瑞和股份
E2630,双鹭药业
E2631,华升股份
E2632,深桑达A
E2633,巨化股份
E2634,深天马A
E2635,思维列控
E2636,易尚展示
E2637,建研集团
E2638,凤凰股份
E2639,中金岭南
E2640,新五丰
E2641,银亿股份
E2642,蓝晓科技
E2643,*ST中富
E2644,赛为智能
E2645,塔牌集团
E2646,国投中鲁
E2647,雪峰科技
E2648,史丹利
E2649,麦捷科技
E2650,回天新材
E2651,鲍斯股份
E2652,仰帆控股
E2653,报喜鸟
E2654,邦宝益智
E2655,恒锋工具
E2656,理邦仪器
E2657,广汇汽车
E2658,江特电机
E2659,浪潮软件
E2660,奥普光电
E2661,博云新材
E2662,维维股份
E2663,三江购物
E2664,国机汽车
E2665,湘潭电化
E2666,德尔股份
E2667,京城股份
E2668,蓝思科技
E2669,大杨创世
E2670,方圆支承
E2671,上港集团
E2672,天瑞仪器
E2673,长江电力
E2674,银河生物
E2675,三七互娱
E2676,博彦科技
E2677,中能电气
E2678,羚锐制药
E2679,熊猫金控
E2680,马钢股份
E2681,世联行
E2682,我武生物
E2683,拓维信息
E2684,华测检测
E2685,冀凯股份
E2686,兴业矿业
E2687,天舟文化
E2688,内蒙华电
E2689,万年青
E2690,日出东方
E2691,中国铝业
E2692,东软集团
E2693,国投安信
E2694,武汉控股
E2695,汉鼎股份
E2696,姚记扑克
E2697,九安医疗
E2698,台基股份
E2699,风帆股份
E2700,浙江震元
E2701,上海电气
E2702,新农开发
E2703,富临精工
E2704,华孚色纺
E2705,思创医惠
E2706,四川成渝
E2707,金杯电工
E2708,广东鸿图
E2709,中海集运
E2710,韶能股份
E2711,东诚药业
E2712,宁波富邦
E2713,东风科技
E2714,华泰证券
E2715,华域汽车
E2716,阳光电源
E2717,宝塔实业
E2718,澄星股份
E2719,法拉电子
E2720,新联电子
E2721,方大特钢
E2722,浪潮信息
E2723,轻纺城
E2724,四通新材
E2725,万丰奥威
E2726,吉林敖东
E2727,东土科技
E2728,广深铁路
E2729,经纬电材
E2730,山鼎设计
E2731,圣莱达
E2732,新安股份
E2733,全通教育
E2734,东富龙
E2735,雪人股份
E2736,东方通信
E2737,威尔泰
E2738,华通医药
E2739,*ST新亿
E2740,青岛金王
E2741,海信电器
E2742,华北制药
E2743,康达新材
E2744,南方泵业
E2745,闽东电力
E2746,星期六
E2747,汇鸿集团
E2748,中成股份
E2749,彩虹精化
E2750,精达股份
E2751,宇通客车
E2752,S前锋
E2753,万达信息
E2754,科达股份
E2755,深纺织A
E2756,天壕环境
E2757,中国神华
E2758,鸿路钢构
E2759,朗科科技
E2760,沈阳化工
E2761,锌业股份
E2762,天山生物
E2763,刚泰控股
E2764,现代制药
E2765,神州泰岳
E2766,麦趣尔
E2767,美锦能源
E2768,青青稞酒
E2769,北京科锐
E2770,巴安水务
E2771,*ST狮头
E2772,中钨高新
E2773,亚威股份
E2774,信达地产
E2775,天山纺织
E2776,武昌鱼
E2777,通宇通讯
E2778,红星发展
E2779,恒顺众昇
E2780,粤传媒
E2781,潞安环能
E2782,金瑞矿业
E2783,神马股份
E2784,天宸股份
E2785,新和成
E2786,四川金顶
E2787,国中水务
E2788,东北电气
E2789,美利纸业
E2790,智光电气
E2791,延华智能
E2792,中房地产
E2793,申通地铁
E2794,生意宝
E2795,北大医药
E2796,国电南自
E2797,汇中股份
E2798,英唐智控
E2799,梦洁家纺
E2800,常宝股份
E2801,欧亚集团
E2802,明星电力
E2803,冠豪高新
E2804,福能股份
E2805,顺鑫农业
E2806,永安林业
E2807,荣安地产
E2808,三星医疗
E2809,新大陆
E2810,泰达股份
E2811,美都能源
E2812,水晶光电
E2813,悦心健康
E2814,长信科技
E2815,天晟新材
E2816,宏大爆破
E2817,康弘药业
E2818,士兰微
E2819,神州信息
E2820,中文在线
E2821,北京城建
E2822,维力医疗
E2823,中材科技
E2824,贵州百灵
E2825,神州长城
E2826,蓝帆医疗
E2827,大港股份
E2828,浙江医药
E2829,中国国贸
E2830,高科石化
E2831,双良节能
E2832,奋达科技
E2833,索芙特
E2834,物产中大
E2835,和而泰
E2836,津膜科技
E2837,联发股份
E2838,天威视讯
E2839,飞凯材料
E2840,鑫科材料
E2841,北化股份
E2842,嘉宝集团
E2843,*ST华锦
E2844,亿帆鑫富
E2845,钱江摩托
E2846,苏州固锝
E2847,普丽盛
E2848,皖能电力
E2849,南山铝业
E2850,易世达
E2851,华峰超纤
E2852,启迪桑德
E2853,永泰能源
E2854,北京文化
E2855,宏达股份
E2856,长江投资
E2857,彩虹股份
E2858,绿庭投资
E2859,穗恒运A
E2860,万里石
E2861,广弘控股
E2862,朗姿股份
E2863,隆基机械
E2864,广日股份
E2865,海欣食品
E2866,泰山石油
E2867,尔康制药
E2868,中国国航
E2869,东方园林
E2870,贤成投资集团
E2871,西部建设
E2872,西泵股份
E2873,电光科技
E2874,珍宝岛
E2875,东兴证券
E2876,巨星科技
E2877,东北制药
E2878,大通燃气
E2879,川大智胜
E2880,东阿阿胶
E2881,滨海能源
E2882,禾丰牧业
E2883,博敏电子
E2884,石化油服
E2885,派思股份
E2886,万华化学
E2887,盛和资源
E2888,新希望
E2889,圣阳股份
E2890,*ST阳化
E2891,金徽酒
E2892,陕西煤业
E2893,曲美家居
E2894,黑芝麻
E2895,中孚实业
E2896,宁波东力
E2897,七星电子
E2898,民和股份
E2899,华茂股份
E2900,三垒股份
E2901,生物股份
E2902,新中基
E2903,太阳纸业
E2904,华数传媒
E2905,烽火通信
E2906,白云电器
E2907,冠城大通
E2908,田中精机
E2909,天原集团
E2910,长青集团
E2911,正泰电器
E2912,东宝生物
E2913,际华集团
E2914,读者传媒
E2915,南洋股份
E2916,嘉化能源
E2917,北大荒
E2918,中顺洁柔
E2919,山西焦化
E2920,松发股份
E2921,隆鑫通用
E2922,赤峰黄金
E2923,瀚蓝环境
E2924,海油工程
E2925,先锋新材
E2926,日海通讯
E2927,大连国际
E2928,三毛派神
E2929,太安堂
E2930,华银电力
E2931,千红制药
E2932,中新科技
E2933,三安光电
E2934,道博股份
E2935,飞天诚信
E2936,亚邦股份
E2937,西部黄金
E2938,博闻科技
E2939,紫江企业
E2940,岭南园林
E2941,井神股份
E2942,大智慧
E2943,金山股份
E2944,金固股份
E2945,华铭智能
E2946,楚江新材
E2947,中国软件
E2948,游久游戏
E2949,青松建化
E2950,山东黄金
E2951,三联虹普
E2952,东方电缆
E2953,郑煤机
E2954,宝新能源
E2955,赢时胜
