N0001,陈兆民
N0002,肖遂宁
N0003,孙建一
N0004,王石
N0005,丁克义
N0006,陈章良
N0007,傅泽田
N0008,王克昕
N0009,王鲁锋
N0010,江玉明
N0011,李林琳
N0012,丁芃
N0013,范明月
N0014,李永明
N0015,李成碧
N0016,练卫飞
N0017,丁玮
N0018,陈德棉
N0019,秦钢
N0020,周瑞堂
N0021,王志全
N0022,陈政立
N0023,李振华
N0024,曹永红
N0025,严立虎
N0026,杜小莉
N0027,夏鹏
N0028,贾明辉
N0029,田承刚
N0030,陈玉刚
N0031,陈潮
N0032,李景奇
N0033,曾南
N0034,邹明武
N0035,吕华
N0036,杨建达
N0037,陈勇
N0038,任克雷
N0039,侯松容
N0040,吴斯远
N0041,陈跃华
N0042,张民
N0043,刘凤喜
N0044,李承友
N0045,谢如贤
N0046,黄俊民
N0047,章晓峰
N0048,尚世骏
N0049,李钢
N0050,罗桂友
N0051,李海
N0052,董炳根
N0053,胡永峰
N0054,陈略
N0055,林家宏
N0056,曾湃
N0057,郑煜曦
N0058,吴德华
N0059,车文申
N0060,李中秋
N0061,王之
N0062,陈肇雄
N0063,傅育宁
N0064,王芬
N0065,郑少平
N0066,时伟
N0067,陈德伦
N0068,杨玉科
N0069,杨国富
N0070,宋仁权
N0071,张瑞理
N0072,吕航
N0073,李志正
N0074,吴光权
N0075,赖伟宣
N0076,刁伟程
N0077,劳德容
N0078,王学为
N0079,杨海贤
N0080,高自民
N0081,刘晓勇
N0082,郭原
N0083,郑宏杰
N0084,陈为钢
N0085,付明仲
N0086,魏玉林
N0087,李智明
N0088,叶环保
N0089,邵志和
N0090,周建国
N0091,李承友
N0092,杨奋勃
N0093,王建宇
N0094,滕铁骑
N0095,金毅
N0096,古焕坤
N0097,孙忠人
N0098,周政
N0099,佟保安
N0100,杨军
N0101,张永平
N0102,陈旭
N0103,周剑
N0104,张润钢
N0105,王晓燕
N0106,李聚全
N0107,袁克俭
N0108,闻心达
N0109,陈辉汉
N0110,肖水龙
N0111,王迎
N0112,晏群
N0113,郭为
N0114,侯自强
N0115,郝建学
N0116,杜长喜
N0117,洪和良
N0118,严圣军
N0119,董炳根
N0120,丁跃
N0121,董炳根
N0122,劳德容
N0123,刘德雨
N0124,魏文德
N0125,杨海贤
N0126,王华林
N0127,夏杨军
N0128,王峰
N0129,雷啸峰
N0130,高海波
N0131,许亚楠
N0132,李建红
N0133,傅育宁
N0134,李建红
N0135,王宏
N0136,邱瑞亨
N0137,陈泰泉
N0138,陈泰泉
N0139,郑小将
N0140,蒋洪库
N0141,马兴文
N0142,朱新宏
N0143,伍斌
N0144,宋炳新
N0145,姚日波
N0146,李志正
N0147,吴光权
N0148,仇慎谦
N0149,肖临骏
N0150,管同科
N0151,王滨
N0152,朱军
N0153,卢志强
N0154,卢志强
N0155,韩晓生
N0156,卢志强
N0157,陈枫
N0158,王敏
N0159,罗爱华
N0160,刘其
N0161,李志正
N0162,吴光权
N0163,由镭
N0164,熊建明
N0165,李锦全
N0166,郑康豪
N0167,陈小海
N0168,张为民
N0169,王楚
N0170,王立
N0171,冯恩良
N0172,刘云文
N0173,李金泉
N0174,李春建
N0175,欧显华
N0176,李进明
N0177,陈良贤
N0178,朱伟
N0179,林家宏
N0180,陈少群
N0181,张锦墙
N0182,梁光伟
N0183,李国洪
N0184,梁光伟
N0185,胡新安
N0186,张太峰
N0187,侯为贵
N0188,赵先明
N0189,焦志仁
N0190,何晓东
N0191,李建民
N0192,王一彤
N0193,王之
N0194,陈肇雄
N0195,杜和平
N0196,杨军
N0197,张继良
N0198,张为民
N0199,胡建平
N0200,黄俞
N0201,任克雷
N0202,张整魁
N0203,刘平春
N0204,任克雷
N0205,刘平春
N0206,段先念
N0207,季德钧
N0208,张俊林
N0209,王宝
N0210,张思民
N0211,李选民
N0212,郑宏杰
N0213,李冰
N0214,卢胜海
N0215,郭立民
N0216,郭立民
N0217,杨进军
N0218,黄传奇
N0219,汪洋
N0220,邹志远
N0221,高振怀
N0222,陈潮
N0223,姚玉伦
N0224,高雷
N0225,辛杰
N0226,王建彬
N0227,张桂泉
N0228,毕为
N0229,李东生
N0230,钟伟贤
N0231,王平
N0232,许振东
N0233,刘绍生
N0234,陈奕民
N0235,范全木
N0236,邹宝中
N0237,刘学义
N0238,许克强
N0239,张成
N0240,徐桦木
N0241,何宏满
N0242,谢木喜
N0243,苏重光
N0244,陈晓军
N0245,王诚
N0246,杨跃
N0247,何述金
N0248,李健
N0249,肖贤辉
N0250,王政
N0251,万巍
N0252,励怡青
N0253,王健儿
N0254,方明华
N0255,詹纯新
N0256,韩希厚
N0257,汤彰明
N0258,朱立田
N0259,吴敏其
N0260,丁治平
N0261,李剑阁
N0262,储晓明
N0263,董东立
N0264,吴新祥
N0265,计高雄
N0266,方洪波
N0267,谭旭光
N0268,王纪年
N0269,李富生
N0270,冷俊
N0271,杜金弘
N0272,张增光
N0273,王功伟
N0274,刘世春
N0275,赵新先
N0276,梅伟伶
N0277,史跃武
N0278,史曜瑜
N0279,符念平
N0280,余笑兵
N0281,刘体斌
N0282,徐建国
N0283,隋立祖
N0284,王鹏
N0285,张士成
N0286,张庆民
N0287,路联
N0288,邢福立
N0289,彭文辉
N0290,范军
N0291,范敬孝
N0292,毕方庆
N0293,胡江波
N0294,何宏满
N0295,胡向东
N0296,张虹
N0297,姚俊喜
N0298,陈惠仁
N0299,关锡友
N0300,谭中东
N0301,王先龙
N0302,冯志斌
N0303,王引平
N0304,冯志斌
N0305,董庆祥
N0306,尚建斌
N0307,李兆廷
N0308,柳志伟
N0309,东英金融投资有限公司之董事会(‘董事会’)欣然宣布
N0310,刘德平
N0311,申屠建中
N0312,郭运斌
N0313,钟志军
N0314,宋小刚
N0315,高传义
N0316,王浩
N0317,汤亮
N0318,纪家伟
N0319,陈青
N0320,考尚校
N0321,余政
N0322,马志军
N0323,徐建兵
N0324,王宏
N0325,郑晓燕
N0326,朱德坤
N0327,李石生
N0328,万冠清
N0329,方洪波
N0330,周兆达
N0331,傅万才
N0332,王进军
N0333,宋德武
N0334,朱自强
N0335,王光凡
N0336,薛乐群
N0337,朱明
N0338,周仪
N0339,潘明
N0340,蒋远华
N0341,虞云峰
N0342,蒋伟
N0343,乔世波
N0344,李福祚
N0345,王春城
N0346,王民
N0347,景树森
N0348,吉兴业
N0349,陈纪明
N0350,游国经
N0351,曹晓峰
N0352,周余明
N0353,李希元
N0354,朱战良
N0355,禹荣刚
N0356,李智勇
N0357,袁祖荣
N0358,陈洪国
N0359,赵向东
N0360,梁健
N0361,王振山
N0362,王玉君
N0363,于少明
N0364,徐春福
N0365,江成
N0366,毛冬声
N0367,刘江超
N0368,余斌
N0369,曾塞外
N0370,贾岩燕
N0371,李颖
N0372,罗文
N0373,卢山
N0374,周江军
N0375,刘文杰
N0376,黄志刚
N0377,石磊
N0378,郑清
N0379,杨海亚
N0380,楚健健
N0381,史文涛
N0382,胡杰平
N0383,孙朝晖
N0384,郑峰文
N0385,李明吉
N0386,阎前
N0387,杨润贵
N0388,吴爱存
N0389,欧辉生
N0390,邹昌浩
N0391,倪进凯
N0392,刘壮成
N0393,邢乐成
N0394,贾立兴
N0395,刘永华
N0396,郭宏杰
N0397,何光昶
N0398,刘汉
N0399,张昌德
N0400,刘江东
N0401,刘成文
N0402,沈志奇
N0403,刘成文
N0404,王大明
N0405,易振球
N0406,朱保国
N0407,官忠富
N0408,张玉昌
N0409,刘永贤
N0410,粟志光
N0411,徐平
N0412,徐平
N0413,王科
N0414,刘文胜
N0415,王爱萍
N0416,史今
N0417,陈新
N0418,牛小军
N0419,王久芳
N0420,王久芳
N0421,华国强
N0422,孙国建
N0423,张青
N0424,郑永龙
N0425,齐振伟
N0426,张振华
N0427,隋建辉
N0428,邬昆华
N0429,张敬武
N0430,刘锡汉
N0431,朱宁
N0432,王涛
N0433,陈德顺
N0434,赵勇
N0435,刘体斌
N0436,梁建彬
N0437,李有成
N0438,陈翔志
N0439,胡守斌
N0440,傅勇国
N0441,龙丕泉
N0442,谢树文
N0443,翁亚绪
N0444,冯劲
N0445,张竹筠
N0446,杨寿海
N0447,郑嘉猷
N0448,田峰
N0449,郑嘉猷
N0450,田峰
N0451,郑嘉猷
N0452,张质良
N0453,张浩
N0454,姬浩
N0455,王晓华
N0456,曾光安
N0457,冯国良
N0458,柯惠琪
N0459,崔河
N0460,聂周荣
N0461,周凯
N0462,蔡飚
N0463,张和
N0464,肖永勤
N0465,纪志坚
N0466,陈传实
N0467,夏藩高
N0468,黄中发
N0469,郭晓光
N0470,梁学敏
N0471,冯冠平
N0472,李东义
N0473,谢伟
N0474,黄梅粦
N0475,张少松
N0476,李智
N0477,杨印宝
N0478,沈宗敏
N0479,黄振光
N0480,林伟光
N0481,阮希玮
N0482,李明智
N0483,徐鹏
N0484,赵健
N0485,王志华
N0486,钟安刚
N0487,龙江
N0488,王明辉
N0489,潘力
N0490,李灼贤
N0491,鲁石
N0492,罗玉平
N0493,钟信才
N0494,庄坚毅
N0495,钟信才
N0496,潘杰
N0497,何勇
N0498,张绍仓
N0499,方平
N0500,白泰平
N0501,张飞飞
N0502,周义德
N0503,刘先超
N0504,李建平
N0505,孙宏伟
N0506,张守斌
N0507,孙洪武
N0508,赵友永
N0509,郭金东
N0510,孙健
N0511,许华
N0512,赵辉
N0513,关敬如
N0514,张荣刚
N0515,章高路
N0516,王勇
N0517,刘著平
N0518,刘忠明
N0519,谭应球
N0520,张玉玺
N0521,刘林平
N0522,孙敏
N0523,蒋林生
N0524,王锡高
N0525,邱天高
N0526,葛维玲
N0527,张志忠
N0528,曹新彤
N0529,董柏
N0530,刘春奇
N0531,邵乐冲
N0532,顾地民
N0533,罗福乾
N0534,毛鹏茜
N0535,梁习明
N0536,张茂立
N0537,李作荣
N0538,安礼如
N0539,冯东青
N0540,任君
N0541,贺炜
N0542,王瑛
N0543,王宜明
N0544,厉天福
N0545,宋波
N0546,郭为
N0547,张吉生
N0548,周敏敏
N0549,朱关湖
N0550,孟虎
N0551,王天林
N0552,高继胜
N0553,鲁冠球
N0554,吴新元
N0555,何道峰
N0556,谢勇
N0557,张慕冉
N0558,李强
N0559,杨修福
N0560,王瑄
N0561,李荣家
N0562,唐大楷
N0563,孙志诚
N0564,薛季民
N0565,詹军道
N0566,高建平
N0567,马永庆
N0568,姜杰
N0569,陈光辉
N0570,苏中俊
N0571,龙勇
N0572,刘悉承
N0573,马骧
N0574,俞发祥
N0575,傅建中
N0576,纪道林
N0577,丁波
N0578,郭怀保
N0579,袁秀平
N0580,谢明
N0581,刘淼
N0582,李汉华
N0583,张骏原
N0584,薛国俊
N0585,韩立彬
N0586,赵序宏
N0587,曲大利
N0588,景柱
N0589,秦全权
N0590,陈林
N0591,周明轩
N0592,周润
N0593,邹敦华
N0594,吴成文
N0595,麦庆华
N0596,胡成中
N0597,许良飞
N0598,王伟良
N0599,陈学军
N0600,刘凤堂
N0601,冯大为
N0602,徐文元
N0603,黄葆源
N0604,周小溪
N0605,程高潮
N0606,李峰林
N0607,马培林
N0608,项永春
N0609,罗宏
N0610,瞿林
N0611,苏伟国
N0612,苏江华
N0613,郭新荣
N0614,朱开友
N0615,徐明君
N0616,徐小文
N0617,罗劲
N0618,马中文
N0619,成钧
N0620,王志伟
N0621,张金铸
N0622,王志伟
N0623,朱要文
N0624,马世春
N0625,张本正
N0626,张喜民
N0627,郭元林
N0628,李义
N0629,乔志城
N0630,乔志城
N0631,王书贵
N0632,廖志扬
N0633,雷励
N0634,王小军
N0635,袁永红
N0636,曹华斌
N0637,陈克根
N0638,游宪生
N0639,何尔涛
N0640,刘健
N0641,刘平山
N0642,付志明
N0643,汪俊林
N0644,杨先本
N0645,李占通
N0646,高续纯
N0647,李树明
N0648,刘建平
N0649,荣十庆
N0650,赵家国
N0651,张立忠
N0652,王效金
N0653,刘俊德
N0654,王锋
N0655,曹杰
N0656,余林
N0657,梁金辉
N0658,陈钢
N0659,董增贺
N0660,刘震
N0661,魏海军
N0662,任建新
N0663,杨兴强
N0664,陆韶华
N0665,谭建明
N0666,杨光
N0667,李本文
N0668,汪海
N0669,柴永森
N0670,单群英
N0671,王永忠
N0672,李连平
N0673,米大斌
N0674,徐兵
N0675,陈来泉
N0676,赵铁流
N0677,魏兴毅
N0678,朱胜利
N0679,张合斌
N0680,陈军
N0681,张秉军
N0682,刘逸荣
N0683,星晓明
N0684,杨景文
N0685,赵华
N0686,连良桂
N0687,汪力成
N0688,汪诚
N0689,刘小斌
N0690,刘浩军
N0691,金美星
N0692,赵晴
N0693,唐军
N0694,曹湘洪
N0695,王永健
N0696,李方
N0697,郑宽
N0698,马中秋
N0699,蔡建新
N0700,夏富喜
N0701,谢平伟
N0702,云文广
N0703,王小兰
N0704,濮黎明
N0705,寿浩良
N0706,马雅
N0707,赵伟
N0708,马雅
N0709,邱士杰
N0710,金保庆
N0711,乔桂玲
N0712,蒋英刚
N0713,周传良
N0714,刘承进
N0715,李珊瑚
N0716,黎愿斌
N0717,林魁
N0718,王凤岐
N0719,蒋岚
N0720,朱俊峰
N0721,陈闽建
N0722,田汉
N0723,汤闯
N0724,李强
N0725,宫晓冬
N0726,张丽萍
N0727,朱卫军
N0728,赵权
N0729,马广悦
N0730,卢祥福
N0731,姜小兴
N0732,杨元建
N0733,吴根柱
N0734,郭景彬
N0735,李顺安
N0736,纪勤应
N0737,任勇
N0738,齐生立
N0739,刘晓卫
N0740,杜焰生
N0741,李红旗
N0742,傅军
N0743,丁伟
N0744,郑慧卿
N0745,刘煌
N0746,覃虹
N0747,殷明坤
N0748,陈少波
N0749,苏文
N0750,刘炬
N0751,李秀林
N0752,尹家绪
N0753,徐留平
N0754,李炳源
N0755,秦兆平
N0756,向汉林
N0757,刘益谦
N0758,肖云华
N0759,刘益谦
N0760,曾绍清
N0761,周强
N0762,方兆
N0763,平兴
N0764,陈明乾
N0765,洪及鄙
N0766,樊政炜
N0767,张大德
N0768,杨振超
N0769,孟永范
N0770,韦江宏
N0771,杨军
N0772,刘铁杲
N0773,管大源
N0774,兰隽
N0775,高旭斌
N0776,孔清华
N0777,吴岩
N0778,赵景云
N0779,石进儒
N0780,张玉秋
N0781,邹学仁
N0782,秦江玉
N0783,田继生
N0784,秦江玉
N0785,宗维海
N0786,梁力平
N0787,洪海雄
N0788,钟金松
N0789,李泽中
N0790,何德先
N0791,郭劲松
N0792,刘华
N0793,王晓江
N0794,董荣生
N0795,张晖
N0796,张澎
N0797,杜红云
N0798,王勇
N0799,王棣
N0800,张棠华
N0801,余小华
N0802,肖正连
N0803,梅强
N0804,苏结宏
N0805,朱江洪
N0806,董明珠
N0807,张军
N0808,张秉军
N0809,胡军
N0810,苏同强
N0811,张相军
N0812,刘圣刚
N0813,刘远清
N0814,陈凯
N0815,屈波
N0816,吴坚
N0817,邓惠明
N0818,黄红云
N0819,黄红云
N0820,邓志雄
N0821,杨伯华
N0822,焦健
N0823,杨伯华
N0824,李福利
N0825,黄乐夫
N0826,宋建明
N0827,杨占民
N0828,陈鸿兴
N0829,梁国坚
N0830,吴景贤
N0831,刘文彦
N0832,赵邵安
N0833,徐亦平
N0834,吕值友
N0835,王祺扬
N0836,尹守恩
N0837,陆云良
N0838,刘海涛
N0839,叶茂新
N0840,温一雷
N0841,刘道明
N0842,吕品
N0843,陈火军
N0844,吴瑞林
N0845,李建新
N0846,陈义和
N0847,刘道兴
N0848,苗泽春
N0849,姜晓峰
N0850,艾有关
N0851,陈炎表
N0852,史浩樑
N0853,陈志成
N0854,林腾蛟
N0855,林腾蛟
N0856,胡智勇
N0857,李再生
N0858,张永宏
N0859,陈亮
N0860,潘亚敏
N0861,俞锋
N0862,李成业
N0863,麻向阳
N0864,葛晋生
N0865,郑建成
N0866,王建辉
N0867,刘刚
N0868,王春芳
N0869,李荣福
N0870,王春芳
N0871,冯井岗
N0872,刘双河
N0873,赵立仁
N0874,逄奉建
N0875,袁明哲
N0876,张志鸿
N0877,丁明国
N0878,季长彬
N0879,张德炳
N0880,周霁
N0881,高少兵
N0882,刘春堂
N0883,宋传远
N0884,田益群
N0885,董平
N0886,周庆庭
N0887,董平
N0888,张秀文
N0889,张秀文
N0890,李晓卫
N0891,宋军
N0892,梁贤久
N0893,丁振华
N0894,戴连荣
N0895,贺占海
N0896,陈杰
N0897,高少初
N0898,郑钟强
N0899,谭庆中
N0900,陈爱学
N0901,冷述铁
N0902,陈青松
N0903,李树
N0904,矫正中
N0905,杨树财
N0906,李福春
N0907,王春雨
N0908,王东兴
N0909,吕向阳
N0910,薛同建
N0911,谭启
N0912,张良宾
N0913,赵晓轮
N0914,张良宾
N0915,郝江波
N0916,史建华
N0917,刘建民
N0918,赵威
N0919,叶华能
N0920,宁远喜
N0921,冯宝忠
N0922,张燕瑾
N0923,祁程
N0924,陈勇
N0925,安双荣
N0926,梁德根
N0927,龚成辉
N0928,安双荣
N0929,卢树春
N0930,孙杰
N0931,李久旭
N0932,陈健
N0933,夏清海
N0934,王涛
N0935,刘冠林
N0936,熊必琪
N0937,张继光
N0938,冯兆一
N0939,卢兴泉
N0940,陈德强
N0941,肖占鹏
N0942,池维怀
N0943,郑毅
N0944,张政
N0945,马文忠
N0946,梁会山
N0947,何献俊
N0948,王大壮
N0949,陶炜
N0950,曹克波
N0951,周昆山
N0952,杜少华
N0953,吴明夏
N0954,徐仲康
N0955,夏壮华
N0956,乔向明
N0957,郭迎辉
N0958,邱建林
N0959,方贤水
N0960,宋逸婷
N0961,吴党生
N0962,刘晓
N0963,张忠华
N0964,张道红
N0965,李元海
N0966,朱宪国
N0967,蔡星海
N0968,钱刚
N0969,俞亚鹏
N0970,王天义
N0971,王义芳
N0972,于勇
N0973,黄培荣
N0974,文武
N0975,张国明
N0976,张雄
N0977,许环曜
N0978,肖志辉
N0979,戚桓
N0980,杨志茂
N0981,庞莉萍
N0982,吴大香
N0983,陈茂新
N0984,杨林
N0985,张旭
N0986,刘芝旭
N0987,赵明
N0988,韦清文
N0989,曾德新
N0990,余子权
N0991,王三武
N0992,傅建国
N0993,曲丹时
N0994,张孝中
N0995,张桂平
N0996,张希望
N0997,谢国胜
N0998,秦海员
N0999,刘少宇
N1000,王爱
N1001,赵启昌
N1002,林铭山
N1003,路寿山
N1004,李惠波
N1005,张奇
N1006,王文宗
N1007,吴永钢
N1008,刘龙宇
N1009,李大有
N1010,胡昌民
N1011,罗丽娜
N1012,邱中伟
N1013,邓军民
N1014,杨国平
N1015,柯子亮
N1016,王纪年
N1017,尚衍国
N1018,姚锦龙
N1019,王东升
N1020,刘石祯
N1021,刘子斌
N1022,赵竟成
N1023,赖伟德
N1024,孙绍刚
N1025,吕常钦
N1026,凤良志
N1027,蔡咏
N1028,李福成
N1029,陈平
N1030,张晓彬
N1031,季年谊
N1032,刘永和
N1033,刘金城
N1034,黄其森
N1035,陈清洁
N1036,申自强
N1037,陈中
N1038,靳宏荣
N1039,吴伟雄
N1040,邓传明
N1041,胡电铃
N1042,徐自力
N1043,富庶
N1044,杨克勤
N1045,顾玫
N1046,史强军
N1047,陆伟强
N1048,沈东进
N1049,吴文德
N1050,王梦飞
N1051,王跃宣
N1052,万建军
N1053,胡文强
N1054,李堂锁
N1055,蔡三定
N1056,颜冬
N1057,彭建武
N1058,李宗顺
N1059,马福安
N1060,庞为
N1061,张姿
N1062,谭京信
N1063,徐文财
N1064,杨德泉
N1065,陈肇雄
N1066,杨军
N1067,聂玉春
N1068,何明
N1069,何明
N1070,刘及响
N1071,蒋文胜
N1072,张雅锋
N1073,何春梅
N1074,侯宝泉
N1075,高良宾
N1076,许健
N1077,王明辉
N1078,王健
N1079,闫清江
N1080,朱煜煊
N1081,庄道火
N1082,庄文海
N1083,仝立祥
N1084,卢辉生
N1085,王玉柱
N1086,贺端湜
N1087,郭琴
N1088,张代铭
N1089,穆昕
N1090,刘汝泉
N1091,李凯
N1092,姜阳
N1093,颜广彤
N1094,张健
N1095,罗涛
N1096,张克利
N1097,汪爱群
N1098,刘聪
N1099,张锦松
N1100,郭桂华
N1101,管琪
N1102,陈旭晖
N1103,胡和建
N1104,张敏学
N1105,吉朋松
N1106,杨富年
N1107,刘晓疆
N1108,张营富
N1109,李墨华
N1110,于天忱
N1111,张晓芳
N1112,汪澍
N1113,赵忠民
N1114,肖永恩
N1115,曾泰
N1116,戴扬
N1117,张守斌
N1118,闫永明
N1119,刘立成
N1120,李建国
N1121,王光华
N1122,孟振平
N1123,王清文
N1124,贾斌
N1125,张锋
N1126,文生元
N1127,杨忠
N1128,高大成
N1129,孟祥凯
N1130,王向阳
N1131,唐军
N1132,方玉峰
N1133,刘选民
N1134,朴东洙
N1135,姜长龙
N1136,郭仁堂
N1137,李利平
N1138,王志伟
N1139,应刚
N1140,孙树明
N1141,邵渭敏
N1142,孙勤
N1143,邱建刚
N1144,李晓明
N1145,范英俊
N1146,刘明忠
N1147,郭士进
N1148,罗钟杰
N1149,陈敏仪
N1150,江玉森
N1151,阮英
N1152,张振武
N1153,黄学文
N1154,孙国建
N1155,孙金国
N1156,张志
N1157,陈柏森
N1158,梁广义
N1159,梁伟东
N1160,梁柏松
N1161,奚奎华
N1162,毕建国
N1163,胡运钊
N1164,杨泽柱
N1165,严规方
N1166,郝健
N1167,宋志平
N1168,曹江林
N1169,王兵
N1170,张纯勇
N1171,戴泽宇
N1172,李国军
N1173,赵永凯
N1174,杨石根
N1175,魏新安
N1176,刘明寿
N1177,江尚文
N1178,彭旭东
N1179,赵卫青
N1180,周蕴瑾
N1181,王仁果
N1182,杨德茂
N1183,杨建忠
N1184,康海军
N1185,李宁平
N1186,安平绥
N1187,郑长山
N1188,安平绥
N1189,王兴富
N1190,朱德华
N1191,温子健
N1192,汪方怀
N1193,程明远
N1194,杜建奎
N1195,许晓华
N1196,高建平
N1197,刘志强
N1198,田力维
N1199,何家福
N1200,张岭
N1201,张岭
N1202,郑建国
N1203,黄建民
N1204,丘亮新
N1205,刘身利
N1206,吴湘峰
N1207,宗文峰
N1208,田家贵
N1209,刘虹
N1210,杨波
N1211,王新国
N1212,赵公微
N1213,江国金
N1214,马文兴
N1215,竺延风
N1216,徐建一
N1217,许宪平
N1218,汤东风
N1219,张钧
N1220,廖建明
N1221,霞晖
N1222,刘利华
N1223,李伟
N1224,刘伟
N1225,熊震宇
N1226,宋歌
N1227,胡先成
N1228,陈虹宇
N1229,戴凌翔
N1230,胡先林
N1231,胡智奇
N1232,潘琦
N1233,顾勇彪
N1234,唐新林
N1235,代祖让
N1236,陈智
N1237,田永
N1238,杜世弘
N1239,封玮
N1240,韩广林
N1241,隋景宝
N1242,傅春意
N1243,石善博
N1244,王春城
N1245,向明
N1246,于元波
N1247,李增群
N1248,田晓康
N1249,袁汉源
N1250,袁汉源
N1251,唐翔千
N1252,张自强
N1253,王嫣红
N1254,武宪章
N1255,刘崇喜
N1256,王昆
N1257,高景春
N1258,严肃
N1259,张强
N1260,朱瑞龙
N1261,胡尔广
N1262,胡尔广
N1263,向志鹏
N1264,沈申成
N1265,张立君
N1266,陈世杰
N1267,张旭
N1268,曹阳
N1269,易风林
N1270,闫奎兴
N1271,黄景汉
N1272,王胜利
N1273,侯勇
N1274,李华
N1275,柏丹
N1276,廖卫东
N1277,齐秀成
N1278,陆剑斌
N1279,李恩明
N1280,孙友元
N1281,李健
N1282,肖庆周
N1283,刘建华
N1284,刘景孟
N1285,李云贵
N1286,汤全荣
N1287,李大淳
N1288,许统广
N1289,刘玉堂
N1290,陈川平
N1291,李晓波
N1292,高祥明
N1293,高祥明
N1294,覃其贵
N1295,文一波
N1296,詹宗庆
N1297,钟旭堆
N1298,尹锦容
N1299,肖仁源
N1300,熊文祥
N1301,吴继光
N1302,黄绍文
N1303,张金成
N1304,许复活
N1305,李庆
N1306,李福利
N1307,焦健
N1308,赵勇
N1309,杨和荣
N1310,黄振标
N1311,但昭学
N1312,郭鹰
N1313,章禾
N1314,王光友
N1315,常锋
N1316,李传荣
N1317,赵锐勇
N1318,寇纪淞
N1319,杜克荣
N1320,徐洪
N1321,邱世杰
N1322,龙兴元
N1323,蔡挺
N1324,高建军
N1325,孙庆国
N1326,朱凤先
N1327,鲜先念
N1328,唐昌明
N1329,孙亚雷
N1330,罗宁
N1331,王宝林
N1332,管大源
N1333,华冠雄
N1334,詹灵芝
N1335,倪俊龙
N1336,濮江斌
N1337,付景林
N1338,张召平
N1339,耿宪良
N1340,邢平均
N1341,陈思
N1342,张增光
N1343,王国春
N1344,唐桥
N1345,刘中国
N1346,郑忠勋
N1347,杨林
N1348,钱军锋
N1349,赵文武
N1350,黄琼宜
N1351,黄琼宜
N1352,李维昌
N1353,王泽
N1354,柯朝南
N1355,邵建明
N1356,赵广生
N1357,何怀兴
N1358,王顺祥
N1359,许峰
N1360,黄勇
N1361,吴力
N1362,王长森
N1363,郑洋
N1364,黄辉
N1365,王志远
N1366,王江安
N1367,戴茂方
N1368,孙利强
N1369,马俊隆
N1370,徐元祥
N1371,王凤学
N1372,杨金光
N1373,原钢
N1374,周世平
N1375,陶新建
N1376,刘永好
N1377,陈春花
N1378,刘畅
N1379,张丽荣
N1380,孙双锐
N1381,李建伦
N1382,张丽荣
N1383,邹韶禄
N1384,刘才明
N1385,杨超
N1386,武建强
N1387,王清华
N1388,张卫东
N1389,武伟
N1390,谭旭光
N1391,徐宏
N1392,朱明义
N1393,范文明
N1394,刘路明
N1395,徐勇
N1396,赵国清
N1397,牛晓华
N1398,舒健
N1399,肖宏江
N1400,赵海军
N1401,刘海峰
N1402,刘亮
N1403,闫万鹏
N1404,蔡志端
N1405,郭海泉
N1406,张伟
N1407,邢福煌
N1408,林进挺
N1409,温国明
N1410,曾国华
N1411,洪理芳
N1412,张千水
N1413,夏鼎湖
N1414,马元祝
N1415,魏超
N1416,王福琴
N1417,刘宏
N1418,周建松
N1419,刘礼华
N1420,蒋纬球
N1421,覃辉
N1422,何家盛
N1423,钟君艳
N1424,魏长明
N1425,周千定
N1426,赖宁昌
N1427,侯勋田
N1428,赖宁昌
N1429,万隆
N1430,张俊杰
N1431,万隆
N1432,张继光
N1433,唐建宇
N1434,许立凡
N1435,华志忠
N1436,刘玠
N1437,张晓刚
N1438,姚林
N1439,姚迪明
N1440,马军
N1441,宋伟杰
N1442,金万升
N1443,殷兴良
N1444,高崇武
N1445,谢柏堂
N1446,张恩海
N1447,薛亮
N1448,郭友智
N1449,李立新
N1450,方玉根
N1451,冯德虎
N1452,梁勇
N1453,乔雨
N1454,杨才学
N1455,段华生
N1456,李映昆
N1457,杨波
N1458,杨波
N1459,黄灵强
N1460,吴来传
N1461,柯东
N1462,刘平
N1463,张国强
N1464,袁仁军
N1465,凌磊伯
N1466,彭深根
N1467,周达苏
N1468,张记山
N1469,荣十庆
N1470,王海
N1471,叶湘武
N1472,陈焕新
N1473,章国经
N1474,陈兴康
N1475,陈晓龙
N1476,熊可模
N1477,李俊贵
N1478,李俊贵
N1479,肖凌
N1480,任晓善
N1481,邹仲平
N1482,宁忠培
N1483,林华中
N1484,林连娣
N1485,陈筱根
N1486,林华中
N1487,张居民
N1488,张永兵
N1489,张兆亮
N1490,刘长宽
N1491,郑海军
N1492,姜岩飞
N1493,龙秋云
N1494,吴新民
N1495,邹定民
N1496,熊再辉
N1497,张德潭
N1498,边华才
N1499,任潮龙
N1500,朱代银
N1501,倪忠翔
N1502,沈志龙
N1503,惠金根
N1504,黄纪湘
N1505,汤业国
N1506,朱大萌
N1507,高志军
N1508,赵明
N1509,王建军
N1510,冯喜京
N1511,常战芳
N1512,梁树德
N1513,王成剑
N1514,陈均
N1515,潘丽春
N1516,谭功炎
N1517,谭少群
N1518,刘清茂
N1519,竺延风
N1520,徐建一
N1521,许宪平
N1522,杨光
N1523,陆鹏程
N1524,杨纪强
N1525,杨世江
N1526,李荣杰
N1527,岳国君
N1528,夏令和
N1529,岳国君
N1530,袁振宇
N1531,张贵林
N1532,许钟民
N1533,刘冰洋
N1534,周宁
N1535,侯占军
N1536,李效伟
N1537,曹慧泉
N1538,刘冬荣
N1539,李孟臻
N1540,张光建
N1541,崔建友
N1542,唐月明
N1543,王铁国
N1544,黄灿文
N1545,包丽君
N1546,孙云丰
N1547,汤维清
N1548,刘庆法
N1549,王社平
N1550,郭周克
N1551,张成文
N1552,徐井宏
N1553,王济武
N1554,赵伟国
N1555,陈义龙
N1556,江海
N1557,陈义龙
N1558,李林芝
N1559,郑志刚
N1560,郑南南
N1561,雷坚
N1562,陈玉林
N1563,邵长金
N1564,王泉虎
N1565,曾中全
N1566,何平
N1567,王浩涛
N1568,于有德
N1569,何谧
N1570,林志东
N1571,龚道夷
N1572,何元军
N1573,胡冬晨
N1574,汤广斌
N1575,李春啟
N1576,安楚玉
N1577,郭开铸
N1578,王庆福
N1579,李海平
N1580,李树朋
N1581,李德时
N1582,王凯宏
N1583,李向东
N1584,李行宇
N1585,安建国
N1586,李固旺
N1587,罗冰生
N1588,毕群
N1589,朱继民
N1590,总公司党委书记|董事长
N1591,王青海
N1592,靳伟
N1593,肖建明
N1594,杨超
N1595,雷毅
N1596,高文翔
N1597,汤发
N1598,赵明远
N1599,陈锦石
N1600,何季麟
N1601,聂明亮
N1602,钟景明
N1603,张创奇
N1604,李春光
N1605,李邦良
N1606,王忠琪
N1607,周宝泉
N1608,张威
N1609,沈钢
N1610,孙亚宁
N1611,陆启洲
N1612,刘彭龄
N1613,李庆奎
N1614,汤方辉
N1615,张玉新
N1616,徐灿根
N1617,何剑锋
N1618,王良彦
N1619,王锁奎
N1620,殷瑞钰
N1621,干勇
N1622,才让
N1623,王震西
N1624,王震西
N1625,叶金堂
N1626,王永
N1627,唐常军
N1628,曹雨云
N1629,韦振宇
N1630,刘一
N1631,曾超
N1632,戴春智
N1633,曾超
N1634,姚彬捷
N1635,冯兆征
N1636,黄平
N1637,李曼莉
N1638,黄丙娣
N1639,李鸿铭
N1640,杨海飞
N1641,梁树相
N1642,罗伟
N1643,方振颖
N1644,余炎祯
N1645,王爱先
N1646,孙丕恕
N1647,张磊
N1648,陈青光
N1649,章熙骏
N1650,刘涛
N1651,汪德荣
N1652,吴立平
N1653,王永红
N1654,方汉佐
N1655,应建仁
N1656,燕根水
N1657,路有志
N1658,顾地民
N1659,侯羽乾
N1660,马生国
N1661,李卫东
N1662,梁兴保
N1663,车树春
N1664,武华太
N1665,金智新
N1666,薛道成
N1667,王玉宝
N1668,万志强
N1669,王一民
N1670,徐永宁
N1671,郭振球
N1672,房向前
N1673,王延觉
N1674,马新强
N1675,熊新华
N1676,马新强
N1677,余克建
N1678,关继峰
N1679,魏锋
N1680,张峥
N1681,李振国
N1682,荣泳霖
N1683,龙大伟
N1684,周敦彬
N1685,郑其桂
N1686,罗红专
N1687,何邦恒
N1688,张斌
N1689,张景发
N1690,张力鑫
N1691,卢鸿毅
N1692,姜新
N1693,姜荣
N1694,姜新
N1695,胡钢
N1696,田际榕
N1697,左连生
N1698,伍跃时
N1699,王炯
N1700,赵新先
N1701,乔世波
N1702,李福祚
N1703,王春城
N1704,徐怀忠
N1705,左宗申
N1706,王松龄
N1707,李兴佳
N1708,张文杰
N1709,殷建勇
N1710,张文杰
N1711,郑晓彬
N1712,孙承铭
N1713,胡柏藩
N1714,于在青
N1715,顾宏言
N1716,周奕丰
N1717,章卡鹏
N1718,张松山
N1719,王冬雷
N1720,孙建江
N1721,金越顺
N1722,安康
N1723,高云峰
N1724,白开军
N1725,徐冠巨
N1726,姚新义
N1727,周才良
N1728,姚新义
N1729,葛亚飞
N1730,王白浪
N1731,赵键
N1732,叶跃源
N1733,计皓
N1734,朱熙成
N1735,王承海
N1736,罗群辉
N1737,王坚
N1738,江继忠
N1739,赵方平
N1740,陈建忠
N1741,孙银龙
N1742,冯淑君
N1743,汪瑞敏
N1744,周曙光
N1745,廖立国
N1746,梁家荣
N1747,周忠国
N1748,庆祖森
N1749,谢平
N1750,孙晔
N1751,李勇
N1752,过鑫富
N1753,程先锋
N1754,吕钢
N1755,蔡开坚
N1756,李瑞元
N1757,马建成
N1758,唐伟国
N1759,李再春
N1760,李飚
N1761,张近东
N1762,曹军
N1763,李权忠
N1764,张兆勇
N1765,杨桂模
N1766,杨明燕
N1767,易贤忠
N1768,董增平
N1769,周连期
N1770,周少雄
N1771,何蕴韶
N1772,吴潮忠
N1773,苏显泽
N1774,王云
N1775,和献中
N1776,单建明
N1777,沈建军
N1778,单建明
N1779,芮勇
N1780,黄文枝
N1781,潘叶江
N1782,石东明
N1783,张国君
N1784,韩盛龙
N1785,杨胜利
N1786,周天爵
N1787,占必文
N1788,罗德丕
N1789,徐明波
N1790,戴绍良
N1791,张志孝
N1792,耿元柱
N1793,王文琦
N1794,刘靖
N1795,刘靖
N1796,连维新
N1797,章俊
N1798,熊俊
N1799,李登海
N1800,毛丽华
N1801,张国龙
N1802,孙伟挺
N1803,丁鸿敏
N1804,张璞
N1805,葛秋
N1806,陆尔穗
N1807,俞熔
N1808,周海昌
N1809,郝旭明
N1810,罗继伟
N1811,吴宗彦
N1812,梁波
N1813,古少明
N1814,古少波
N1815,周晓峰
N1816,阎永江
N1817,陆致成
N1818,赵伟国
N1819,张亚波
N1820,张道才
N1821,张亚波
N1822,徐建
N1823,罗艳
N1824,袁明
N1825,杨建东
N1826,吕庆胜
N1827,杨万华
N1828,黄冠雄
N1829,邱建民
N1830,何时金
N1831,王运敏
N1832,洪石笙
N1833,张华
N1834,李彧
N1835,彭少希
N1836,永树理
N1837,王冲
N1838,黄迪领
N1839,李奎炎
N1840,张远方
N1841,徐春林
N1842,帅长斌
N1843,董星明
N1844,郑宏舫
N1845,郑宏舫
N1846,蒋晓华
N1847,陈利浩
N1848,尤小平
N1849,杨从登
N1850,薛向东
N1851,曾大凡
N1852,朱在龙
N1853,蔡景章
N1854,吴厚刚
N1855,许金和
N1856,许建成
N1857,朱剑峰
N1858,赵锐勇
N1859,赵锐均
N1860,周庆春
N1861,尉华
N1862,吴联模
N1863,袁仲雪
N1864,孙益源
N1865,李缜
N1866,俞蔚东
N1867,李敬华
N1868,韩大力
N1869,陆锦祥
N1870,何春生
N1871,柴国生
N1872,张静明
N1873,朱林华
N1874,林子文
N1875,李洪信
N1876,吴念博
N1877,李新华
N1878,薛忠民
N1879,倪林
N1880,陆志宝
N1881,陆勋伟
N1882,孙日贵
N1883,陈爱莲
N1884,车轼
N1885,魏学柱
N1886,鹿成滨
N1887,张亦斌
N1888,葛宁
N1889,徐兵
N1890,王永成
N1891,谭秋斌
N1892,王洪欣
N1893,陈国鹰
N1894,隋榕华
N1895,陈索斌
N1896,孙德良
N1897,陈光正
N1898,李建华
N1899,何清华
N1900,施能坑
N1901,罗邦鹏
N1902,罗煜竑
N1903,李维金
N1904,孙杨
N1905,杨焰
N1906,朱伟
N1907,邹剑佳
N1908,黎柏其
N1909,林福椿
N1910,林文昌
N1911,王利平
N1912,戴国平
N1913,钱云宝
N1914,张东阳
N1915,廖学金
N1916,王亚俊
N1917,臧卫东
N1918,赵丙贤
N1919,肖燕
N1920,孟庆升
N1921,于新立
N1922,唐建安
N1923,陈团柱
N1924,王颖
N1925,卫才清
N1926,黎立璋
N1927,李光太
N1928,卢旭日
N1929,李庆国
N1930,林军华
N1931,赖淦锋
N1932,麦少军
N1933,许克昌
N1934,杨建兴
N1935,李越伦
N1936,陈鄂生
N1937,禹春武
N1938,严晓俭
N1939,王爱先
N1940,郭春生
N1941,曹恩辉
N1942,郭春林
N1943,郑康定
N1944,黄新华
N1945,饶陆华
N1946,马兴法
N1947,马成家
N1948,左强
N1949,吴天星
N1950,周红旗
N1951,谭新乔
N1952,徐小敏
N1953,柳维特
N1954,杨斌
N1955,张玉祥
N1956,董文学
N1957,王树东
N1958,刘政权
N1959,刘明胜
N1960,张旭光
N1961,沈浩平
N1962,周和平
N1963,王相荣
N1964,谢保军
N1965,王鹤鸣
N1966,王轶磊
N1967,单长寿
N1968,关建华
N1969,由华东
N1970,曲德福
N1971,郭明明
N1972,袁菊兴
N1973,陈亚妹
N1974,袁金钰
N1975,武永强
N1976,丁叮
N1977,吴光美
N1978,诸建中
N1979,卢敏
N1980,陆华裕
N1981,金翔宇
N1982,肖文革
N1983,沈国甫
N1984,方丁
N1985,李建锋
N1986,耿建明
N1987,钱森力
N1988,傅乐民
N1989,奚正平
N1990,巨建辉
N1991,柳振江
N1992,周儒欣
N1993,赵友永
N1994,李仲初
N1995,周信忠
N1996,吴志泽
N1997,杨开榜
N1998,陈建权
N1999,黄启富
N2000,石明达
N2001,李旭荣
N2002,周健
N2003,程凡贵
N2004,齐民
N2005,刘丹军
N2006,张平
N2007,徐玉锁
N2008,陈光珠
N2009,费元文
N2010,余霄
N2011,朱强华
N2012,宋济隆
N2013,芮敬功
N2014,秦本军
N2015,姚新德
N2016,秦本军
N2017,陈潮钿
N2018,黄超华
N2019,李季科
N2020,吕晓义
N2021,任金生
N2022,纪晓文
N2023,李永喜
N2024,芮冬阳
N2025,李永喜
N2026,黄培钊
N2027,姜纯
N2028,徐利英
N2029,沈学如
N2030,陈夏英
N2031,陈海军
N2032,王安邦
N2033,林奇
N2034,彭朋
N2035,朱军
N2036,杨文江
N2037,胡黎明
N2038,常怀忠
N2039,李聚文
N2040,郭泽义
N2041,庞江华
N2042,汪东颖
N2043,梁汉辉
N2044,乔平
N2045,汤应武
N2046,顾涧清
N2047,梅小明
N2048,梅小明
N2049,周国辉
N2050,许泓
N2051,肖胜利
N2052,姜俊贤
N2053,王志强
N2054,荀振英
N2055,王华俊
N2056,丁仁涛
N2057,韦中总
N2058,周鑫
N2059,张守启
N2060,王志亮
N2061,李智超
N2062,王广亚
N2063,程福波
N2064,张剑龙
N2065,乔鲁予
N2066,柯荣卿
N2067,吕向阳
N2068,邱亚夫
N2069,孟庆南
N2070,孟凡博
N2071,包叔平
N2072,张敏
N2073,曾胜强
N2074,陈泳洪
N2075,李庆跃
N2076,何学葵
N2077,郑亚光
N2078,杨槐璋
N2079,顾清波
N2080,武钢
N2081,冯海良
N2082,冯亚丽
N2083,曹建国
N2084,宋甲晶
N2085,季公来
N2086,徐永平
N2087,高利民
N2088,秦勇
N2089,张光华
N2090,燕永义
N2091,王晓毅
N2092,张颂明
N2093,肖林
N2094,黄固喜
N2095,黄壮勉
N2096,朱德洪
N2097,何百祥
N2098,郑钟南
N2099,张慧民
N2100,许锦光
N2101,庞惠民
N2102,卢柏强
N2103,陈泽民
N2104,陈南
N2105,王宜明
N2106,文开福
N2107,陈五奎
N2108,阙文彬
N2109,朱锦
N2110,段志平
N2111,周先敏
N2112,阙文彬
N2113,黄作庆
N2114,周一峰
N2115,陈辉
N2116,吴光明
N2117,吴培生
N2118,刘百宽
N2119,熊立武
N2120,冯忠波
N2121,许晓光
N2122,尤丽娟
N2123,王仁华
N2124,刘庆峰
N2125,杜方
N2126,徐建一
N2127,许宪平
N2128,钟烈华
N2129,孙希民
N2130,张杰
N2131,傅利泉
N2132,王信恩
N2133,吕建杰
N2134,郑鼎文
N2135,王进飞
N2136,李建华
N2137,梁斌
N2138,王天广
N2139,姜滨
N2140,王旭宁
N2141,李真
N2142,陈志升
N2143,曹海成
N2144,王楚
N2145,曹海成
N2146,戚金兴
N2147,沈学如
N2148,温刚
N2149,周德良
N2150,李春建
N2151,张金鹏
N2152,崔敬学
N2153,姜飞雄
N2154,汤世贤
N2155,郭洪君
N2156,李壮
N2157,刘永强
N2158,鲁楚平
N2159,牟金香
N2160,王填
N2161,郑跃文
N2162,陈杰
N2163,刘应明
N2164,游志胜
N2165,朱敏英
N2166,孙茂健
N2167,徐元生
N2168,陈永弟
N2169,郭健
N2170,汤薇东
N2171,陈永弟
N2172,李天理
N2173,黄晓忠
N2174,高文
N2175,江昌政
N2176,简伟文
N2177,甘卫民
N2178,李新宇
N2179,李新宇
N2180,张忠革
N2181,孙彭生
N2182,黄水寿
N2183,黄飞刚
N2184,陈志程
N2185,周文贵
N2186,上官常川
N2187,武林
N2188,闫飞
N2189,周治平
N2190,魏占志
N2191,薛桓
N2192,高辛平
N2193,孙毅
N2194,袁小宁
N2195,郝晓晨
N2196,罗天文
N2197,黄月江
N2198,李成刚
N2199,周成建
N2200,李胜军
N2201,肖毅
N2202,李卫国
N2203,罗丽华
N2204,罗永忠
N2205,林敏
N2206,朱郁健
N2207,邹节明
N2208,潘水苗
N2209,张珊珊
N2210,顾春序
N2211,何若虚
N2212,胡子敬
N2213,顾正
N2214,孙晔
N2215,赵福君
N2216,徐智勇
N2217,何志涛
N2218,童国华
N2219,鲁国庆
N2220,陈怀荣
N2221,邢运波
N2222,黄伟潮
N2223,黄伟中
N2224,陈劲松
N2225,刘宗利
N2226,雷菊芳
N2227,梁俊丰
N2228,梁健锋
N2229,魏连速
N2230,肖建学
N2231,赵东明
N2232,蔡东青
N2233,薛伟成
N2234,叶澄海
N2235,冯境铭
N2236,张军
N2237,李海鹰
N2238,蒋辉珍
N2239,易茂中
N2240,刘文胜
N2241,束龙胜
N2242,傅光明
N2243,陈钦鹏
N2244,张智峰
N2245,徐建林
N2246,吴文贵
N2247,王海鹏
N2248,张珍义
N2249,杨廷栋
N2250,张雨柏
N2251,王耀
N2252,许晓明
N2253,夏进
N2254,许晓明
N2255,孟凯
N2256,万钧
N2257,王禹皓
N2258,朱建国
N2259,朱建国
N2260,张杰
N2261,王柏兴
N2262,龚茵
N2263,王柏兴
N2264,何巧女
N2265,薛华
N2266,补建
N2267,王文生
N2268,韩桂茂
N2269,田俊彦
N2270,沈锦华
N2271,叶琼
N2272,王永彬
N2273,张绍日
N2274,周志江
N2275,周志江
N2276,张彬贤
N2277,林毅
N2278,曹家富
N2279,余艇
N2280,周方洁
N2281,季奎余
N2282,陆永
N2283,周文
N2284,金敬德
N2285,刘年新
N2286,王莺妹
N2287,林国芳
N2288,宋伯康
N2289,宋琳
N2290,黄嘉棣
N2291,郑和平
N2292,郑思敏
N2293,王中胜
N2294,金敬德
N2295,黄申力
N2296,陈建平
N2297,陈成辉
N2298,何金明
N2299,张芝泉
N2300,张建浩
N2301,史航
N2302,宣明
N2303,贾平
N2304,杨志强
N2305,许开华
N2306,侯毅
N2307,杨建忠
N2308,朱善忠
N2309,沈云平
N2310,马中骏
N2311,任有法
N2312,廖木枝
N2313,陆仁军
N2314,邰正彪
N2315,杨旭恩
N2316,朱春林
N2317,张新育
N2318,张文东
N2319,刘冀鲁
N2320,孙伟杰
N2321,朱晔
N2322,王嘉民
N2323,高赫男
N2324,王磊
N2325,陈曙光
N2326,李亿中
N2327,楚金甫
N2328,杨合岭
N2329,赵长水
N2330,郝晓晖
N2331,李韶军
N2332,张云升
N2333,刘志坚
N2334,刘迎建
N2335,张海燕
N2336,朱国锭
N2337,陈勇
N2338,罗志中
N2339,王雪欣
N2340,王友林
N2341,刘爱民
N2342,李建明
N2343,田昱
N2344,夏传武
N2345,吕旭幸
N2346,陈尧根
N2347,杨文良
N2348,王彦伶
N2349,张劲松
N2350,金红阳
N2351,陈俭
N2352,彭小军
N2353,李超勇
N2354,赵余粮
N2355,李超勇
N2356,夏曙东
N2357,孙世尧
N2358,孙鲲鹏
N2359,丁欣欣
N2360,丁海富
N2361,门洪强
N2362,丛强滋
N2363,高庆寿
N2364,高庆寿
N2365,黄泽兰
N2366,于荣强
N2367,刘国耀
N2368,沈耿亮
N2369,沈耿亮
N2370,李振平
N2371,刘文静
N2372,郭信平
N2373,袁永刚
N2374,邵根伙
N2375,肖池权
N2376,罗云
N2377,林秀浩
N2378,程涛
N2379,王殿甫
N2380,许伟明
N2381,许雷宇
N2382,邵雨田
N2383,邵奕兴
N2384,张观福
N2385,于国权
N2386,赵继增
N2387,孙宝卫
N2388,郑洁
N2389,孔祥军
N2390,薛庆龙
N2391,唐炳泉
N2392,黄奕豪
N2393,姜天武
N2394,蔡永太
N2395,李锂
N2396,戴书华
N2397,陈钿隆
N2398,沈以华
N2399,周群
N2400,刘建伟
N2401,陈合林
N2402,周国建
N2403,芮晓武
N2404,吴劲风
N2405,刘延生
N2406,李世江
N2407,车成聚
N2408,沈琦
N2409,刁志中
N2410,周新基
N2411,刘令安
N2412,黄小平
N2413,黄立
N2414,陈宗年
N2415,黄文辉
N2416,黄国英
N2417,周世平
N2418,陈汉康
N2419,吴光权
N2420,赖伟宣
N2421,刁伟程
N2422,冼燃
N2423,丁金铎
N2424,熊海涛
N2425,刘磅
N2426,刘革新
N2427,李宗樵
N2428,姜伟
N2429,郑合明
N2430,高玉根
N2431,曹海峰
N2432,茅惠新
N2433,包文东
N2434,顾伟
N2435,蒋明
N2436,吴桂昌
N2437,刘毅
N2438,柯树泉
N2439,黄河清
N2440,郁霞秋
N2441,邱醒亚
N2442,朱吉满
N2443,吴建新
N2444,王佳
N2445,阮加根
N2446,阮静波
N2447,吴开贤
N2448,刘江山
N2449,沈淦荣
N2450,仇建平
N2451,陈少忠
N2452,杨华
N2453,刘德群
N2454,薛德龙
N2455,王垚浩
N2456,何勇
N2457,钟玉
N2458,问泽鸿
N2459,问泽鑫
N2460,马孝武
N2461,徐仁华
N2462,徐敏
N2463,陈福成
N2464,陈福泉
N2465,郑铁江
N2466,蔡荣军
N2467,陈家兴
N2468,曹积生
N2469,朱新生
N2470,李良彬
N2471,方贵权
N2472,丁元伟
N2473,续文利
N2474,方幼玲
N2475,郑玉芝
N2476,杨海洲
N2477,蒋卫平
N2478,李小龙
N2479,王绍东
N2480,曲思秋
N2481,万连步
N2482,杨飞
N2483,吴长鸿
N2484,杨宁恩
N2485,胡宜东
N2486,鲁峰
N2487,王来春
N2488,夏春良
N2489,侯建芳
N2490,曹坚
N2491,孙庆炎
N2492,吴斌
N2493,张杰
N2494,黄志明
N2495,杨君敏
N2496,叶远西
N2497,范志全
N2498,吴建
N2499,陈卫东
N2500,王桂波
N2501,陈玉剑
N2502,黄伟国
N2503,金鑫
N2504,孙金国
N2505,孙锋峰
N2506,谢建勇
N2507,张恩荣
N2508,沈小平
N2509,钱慧芳
N2510,王青运
N2511,李水荣
N2512,贺国英
N2513,林平涛
N2514,仲汉根
N2515,郑戎
N2516,高欣
N2517,张思夏
N2518,张华凯
N2519,陈沛云
N2520,宋七棣
N2521,张广慧
N2522,侯巍
N2523,王民
N2524,郭卓才
N2525,马鸿
N2526,沈建平
N2527,何宁
N2528,陈黎明
N2529,朱德宇
N2530,彭继泽
N2531,倪开禄
N2532,周斌全
N2533,任建华
N2534,任富佳
N2535,陈秀玉
N2536,胡津生
N2537,常世平
N2538,邓颖忠
N2539,蔡小如
N2540,杨振华
N2541,陈东
N2542,施延军
N2543,沈介良
N2544,林祥加
N2545,王悦
N2546,刘程宇
N2547,吴建明
N2548,王本善
N2549,李学峰
N2550,陈大魁
N2551,陈健
N2552,成固平
N2553,周永麟
N2554,赵笃学
N2555,纪德法
N2556,李良光
N2557,朱文明
N2558,严俊旭
N2559,许敏田
N2560,吴学愚
N2561,吴南平
N2562,郭现生
N2563,孙耀志
N2564,刘国平
N2565,金国清
N2566,牟嘉云
N2567,周福海
N2568,商晓波
N2569,吴延炜
N2570,卢础其
N2571,叶远璋
N2572,何可玉
N2573,史学海
N2574,韩玉辉
N2575,韩方如
N2576,胡敏
N2577,孙洁晓
N2578,陈俊海
N2579,祝恩福
N2580,王耀方
N2581,梁桂秋
N2582,朱宝松
N2583,史建伟
N2584,黄松
N2585,吴绪顺
N2586,吴卫东
N2587,李永东
N2588,陈先保
N2589,彭建虎
N2590,吉素琴
N2591,史万福
N2592,高云颂
N2593,喻月明
N2594,钱志达
N2595,邱光和
N2596,陈玉忠
N2597,张益胜
N2598,陶一山
N2599,陶一山
N2600,刘晓东
N2601,陈建飞
N2602,王建军
N2603,陈建飞
N2604,谢宏
N2605,朱德宇
N2606,黄小强
N2607,王振泰
N2608,施卫东
N2609,江淦钧
N2610,张开元
N2611,虞兔良
N2612,虞兔良
N2613,林伟章
N2614,姜煜峰
N2615,黄天火
N2616,杨林
N2617,宋斌
N2618,高庆昌
N2619,于秀媛
N2620,潘爱华
N2621,石聚彬
N2622,陈清州
N2623,黄伟波
N2624,黄伟鹏
N2625,吴培服
N2626,冯全宏
N2627,吴涵渠
N2628,高文班
N2629,韩旭
N2630,陈利祥
N2631,朱星河
N2632,顾瑜
N2633,吴子文
N2634,王传福
N2635,张恭运
N2636,张海林
N2637,杨迎春
N2638,方润刚
N2639,胡柏林
N2640,贾春琳
N2641,汪南东
N2642,许刚
N2643,许刚
N2644,王苗通
N2645,吴以岭
N2646,程少博
N2647,姚文琛
N2648,刘桂雪
N2649,窦刚
N2650,周夏耘
N2651,周夏耘
N2652,王军民
N2653,王树华
N2654,张顺福
N2655,唐健
N2656,邹承慧
N2657,唐灼林
N2658,申东日
N2659,高学明
N2660,邹剑寒
N2661,吕强
N2662,何启强
N2663,鲁小均
N2664,鲁永
N2665,刘萍
N2666,吕仁高
N2667,李介平
N2668,俞建模
N2669,吕永祥
N2670,吕兰
N2671,李刚
N2672,林金锡
N2673,陈根财
N2674,池宇峰
N2675,俞龙生
N2676,江斌
N2677,董新利
N2678,柳兵
N2679,郑渝力
N2680,周维刚
N2681,钱忠良
N2682,汪建军
N2683,黎仁超
N2684,汝继勇
N2685,胡智彪
N2686,何全波
N2687,陶建伟
N2688,王春生
N2689,韩涛
N2690,洪树鹏
N2691,方银军
N2692,李旭亮
N2693,陈永洪
N2694,林汝捷1
N2695,杨建新
N2696,张建均
N2697,卢震宇
N2698,王东辉
N2699,赵凤岐
N2700,贾朝民
N2701,李云鹏
N2702,胡士勇
N2703,李银会
N2704,戚建萍
N2705,章利全
N2706,闫伟
N2707,杨卫东
N2708,王斌
N2709,杨振
N2710,何亚民
N2711,胡卫林
N2712,王俊民
N2713,李志江
N2714,赵笃仁
N2715,林永飞
N2716,朱烨东
N2717,敖小强
N2718,陈禹
N2719,顾永德
N2720,陈克明
N2721,李璟瑜
N2722,涂善忠
N2723,尹兴满
N2724,黄文佳
N2725,徐咸大
N2726,杨永柱
N2727,蔡拾贰
N2728,赵国栋
N2729,陆企亭
N2730,姚其胜
N2731,罗桥胜
N2732,谢基柱
N2733,杜力
N2734,刘长杰
N2735,张维仰
N2736,刘建武
N2737,吴华春
N2738,由守谊
N2739,王世孝
N2740,李鹏志
N2741,夏志生
N2742,王润培
N2743,施少斌
N2744,王国熙
N2745,刘良文
N2746,高俊芳
N2747,肖奋
N2748,王跃荣
N2749,郑炳旭
N2750,陈乐伍
N2751,翁耀根
N2752,章启忠
N2753,池方燃
N2754,王东晓
N2755,康宝华
N2756,田明
N2757,许三军
N2758,王守兴
N2759,冯帆
N2760,杨小明
N2761,俞国平
N2762,王成栋
N2763,任永明
N2764,徐桂芬
N2765,孙忠义
N2766,曹世如
N2767,邓喜军
N2768,赵小强
N2769,周举东
N2770,周云杰
N2771,滕用雄
N2772,张世权
N2773,郭建刚
N2774,任思龙
N2775,冯滨
N2776,程上楠
N2777,徐金富
N2778,陈礼豪
N2779,朱明虬
N2780,陈辉
N2781,秦英林
N2782,张弢
N2783,曹永贵
N2784,尹洪卫
N2785,时沈祥
N2786,李勇
N2787,钟葱
N2788,陆挺
N2789,田畴
N2790,蒋小荣
N2791,周明杰
N2792,林仙明
N2793,宫明杰
N2794,阮鸿献
N2795,许丹青
N2796,黄汉侨
N2797,黄舒婷
N2798,石碎标
N2799,郭英杰
N2800,黄宣
N2801,张华农
N2802,李明
N2803,李新生
N2804,王进军
N2805,何如
N2806,关彦斌
N2807,刘新国
N2808,张霖
N2809,苏日明
N2810,郑创发
N2811,潘先文
N2812,杨俊斌
N2813,孙清焕
N2814,王寿纯
N2815,吴波
N2816,刘宜云
N2817,颜昌绪
N2818,樊献俄
N2819,刘梦龙
N2820,刘东良
N2821,陈会利
N2822,高兴江
N2823,詹谏醒
N2824,钱木水
N2825,吴锡盾
N2826,陈宗明
N2827,陈晓
N2828,陈军
N2829,林浩亮
N2830,吕兴平
N2831,朱堂福
N2832,肖行亦
N2833,高建成
N2834,石义民
N2835,王爱国
N2836,陈书智
N2837,张清海
N2838,胡小周
N2839,陶军
N2840,柯尊洪
N2841,李从文
N2842,陈伟雄
N2843,李慧霞
N2844,许汉祥
N2845,吴明根
N2846,张恒
N2847,叶家豪
N2848,肖铿
N2849,邵兴祥
N2850,胡精沛
N2851,刘金柱
N2852,李炳兴
N2853,吴金祥
N2854,刘海云
N2855,罗远良
N2856,白宝鲲
N2857,吴中林
N2858,于德翔
N2859,王宁
N2860,孙建科
N2861,蒲忠杰
N2862,杨泽文
N2863,杨子善
N2864,盛发强
N2865,邱宇
N2866,任红军
N2867,刘楠
N2868,宋礼华
N2869,池燕明
N2870,顾庆伟
N2871,万峰
N2872,王雅军
N2873,刘金成
N2874,陈邦
N2875,王代雪
N2876,刘成彦
N2877,邓志刚
N2878,王跃林
N2879,王辉
N2880,吴越
N2881,王栋
N2882,王新明
N2883,王新明
N2884,赵敏
N2885,王天然
N2886,王越超
N2887,于海斌
N2888,程小彦
N2889,姚小青
N2890,王忠军
N2891,周旭辉
N2892,董昱坤
N2893,冯金生
N2894,孙利
N2895,邓冠华
N2896,包志方
N2897,金绍平
N2898,易峥
N2899,干勇
N2900,才让
N2901,余新
N2902,钟耳顺
N2903,覃九三
N2904,张志勇
N2905,刘宜善
N2906,李寅
N2907,章锋
N2908,邓国顺
N2909,成晓华
N2910,石桂生
N2911,陈雁升
N2912,周勇
N2913,高小离
N2914,邢雁
N2915,陈友
N2916,刘锦成
N2917,王冠一
N2918,王耘
N2919,龚少晖
N2920,李瑞杰
N2921,朱双全
N2922,王飘扬
N2923,郭勇
N2924,罗祥波
N2925,杜成城
N2926,杜成城
N2927,赵文权
N2928,其实
N2929,费铮翔
N2930,陈添旭
N2931,冯毅
N2932,郭留希
N2933,申万秋
N2934,童保华
N2935,纪立军
N2936,王海光
N2937,赵坚
N2938,文剑平
N2939,刘伟
N2940,刘雷
N2941,张建良
N2942,蒋开喜
N2943,刘焱
N2944,吴强华
N2945,郭启寅
N2946,刘晋平
N2947,罗昭学
N2948,路楠
N2949,郑海涛
N2950,宋贺臣
N2951,孙毅
N2952,孟宪民
N2953,朱建民
N2954,窦剑文
N2955,陈向军
N2956,洪江游
N2957,张琴
N2958,李焕义
N2959,陈奇
N2960,蔡廷祥
N2961,开晓胜
N2962,季伟
N2963,何杰
N2964,林祯华
N2965,庄大建
N2966,李忠
N2967,聂景华
N2968,古培坚
N2969,张曦
N2970,谭永良
N2971,刘双广
N2972,黄自伟
N2973,邬建斌
N2974,莫晓宇
N2975,邓电明
N2976,王维勇
N2977,孙建西
N2978,贾跃亭
N2979,王雨蓬
N2980,关晓春
N2981,汤得军
N2982,唐超雄
N2983,徐义民
N2984,朱守琛
N2985,卢忠奎
N2986,杨海江
N2987,方华生
N2988,梁富友
N2989,吴建龙
N2990,俞相明
N2991,傅宇晨
N2992,华勇
N2993,康学军
N2994,陈奇星
N2995,郭鸿宝
N2996,田家玉
N2997,林海峰
N2998,李守军
N2999,董树林
N3000,王传华
N3001,王文博
N3002,蒋仁生
N3003,李跃先
N3004,朱兴明
N3005,刘群
N3006,阎克伟
N3007,何启贤
N3008,赖建清
N3009,吴明厅
N3010,戴炎
N3011,富国平
N3012,柳志成
N3013,刘祥
N3014,胡庆周
N3015,柯维龙
N3016,傅梅城
N3017,孙尚传
N3018,周德洪
N3019,彭浩
N3020,李玉国
N3021,卢庆国
N3022,罗汉章
N3023,程毅
N3024,赵友安
N3025,周宜
N3026,姚建华
N3027,李云春
N3028,叶运寿
N3029,黄巧灵
N3030,沈金浩
N3031,梁允超
N3032,王永辉
N3033,肖志鸿
N3034,曾宪经
N3035,牛俊杰
N3036,李焕昌
N3037,王文举
N3038,贾红生
N3039,邱光
N3040,张波
N3041,王利品
N3042,吴道洪
N3043,孙庚文
N3044,李安平
N3045,周卫华
N3046,卢秀强
N3047,陈吉红
N3048,李漫铁
N3049,卢先锋
N3050,张国桉
N3051,刘召贵
N3052,管连平
N3053,季刚
N3054,史一兵
N3055,吕泽伟
N3056,吴海宙
N3057,范建震
N3058,陈迪清
N3059,郑效东
N3060,王政福
N3061,郭景松
N3062,卢元健
N3063,戚大广
N3064,卢楚隆
N3065,钟百胜
N3066,廖定海
N3067,钟百胜
N3068,方海江
N3069,方海江
N3070,尤小平
N3071,俞有强
N3072,徐子泉
N3073,崔健
N3074,司兴奎
N3075,刘正军
N3076,刘祥南
N3077,黄培劲
N3078,李月中
N3079,周锦明
N3080,吴贤良
N3081,徐爱平
N3082,汪天祥
N3083,汪天祥
N3084,李莉
N3085,杨国文
N3086,刘水
N3087,陈志江
N3088,曾少贵
N3089,王子平
N3090,丁剑平
N3091,柳长庆
N3092,王健
N3093,叶华俊
N3094,周志文
N3095,张新访
N3096,张浩
N3097,王明旺
N3098,贾全臣
N3099,陈进
N3100,郭松森
N3101,齐广田
N3102,王振洪
N3103,韩建国
N3104,林菁
N3105,赵东日
N3106,胡德霖
N3107,刘祥华
N3108,谭荣生
N3109,姚和平
N3110,李国平
N3111,梁伟
N3112,梁萍
N3113,谭颂斌
N3114,黄明松
N3115,刘强
N3116,秘波海
N3117,吴国政
N3118,朱军红
N3119,侯若洪
N3120,邬品芳
N3121,李渝勤
N3122,史佩浩
N3123,詹立雄
N3124,林洺锋
N3125,赵叶青
N3126,邢翰学
N3127,黄元忠
N3128,王福祥
N3129,张磊
N3130,朱卫平
N3131,王军
N3132,沈黎明
N3133,龚伟斌
N3134,周建林
N3135,周仕斌
N3136,陈海斌
N3137,陆文雄
N3138,燕金元
N3139,金道明
N3140,杨维国
N3141,孙屹峥
N3142,洪爱金
N3143,王长田
N3144,黄昌华
N3145,周炜
N3146,翁占国
N3147,高树华
N3148,王先玉
N3149,曹克坚
N3150,夏汉关
N3151,费战波
N3152,张春霖
N3153,李占明
N3154,陈坤江
N3155,张强
N3156,张强
N3157,张忠
N3158,周立武
N3159,帅放文
N3160,龚永福
N3161,卢建之
N3162,刘虎军
N3163,石旭刚
N3164,邵学
N3165,瞿建国
N3166,郝镇熙
N3167,曹仁贤
N3168,马焰
N3169,朱汉平
N3170,章锋
N3171,章文藻
N3172,颜华
N3173,陈柏林
N3174,陈柏林
N3175,郭庆
N3176,郭凡
N3177,姚小欣
N3178,马镇鑫
N3179,刘新斌
N3180,邹国宝
N3181,解浩然
N3182,陈晓
N3183,符冠华
N3184,张曦
N3185,周中
N3186,曹忻军
N3187,杨振华
N3188,王伟
N3189,沈广仟
N3190,付永全
N3191,陈润生
N3192,万卫方
N3193,郭洪生
N3194,徐建新
N3195,胡光辉
N3196,邢炜
N3197,章海林
N3198,李军
N3199,柯宗庆
N3200,李少波
N3201,缪品章
N3202,吴艳
N3203,邓子长
N3204,周泽湘
N3205,邢其彬
N3206,付红玲
N3207,王建新
N3208,潘建根
N3209,孙平范
N3210,王伟修
N3211,高怀雪
N3212,童文伟
N3213,景晓军
N3214,张庆文
N3215,蒋炜
N3216,陈再宏
N3217,姚文彬
N3218,邱敏秀
N3219,丁孔贤
N3220,杜江涛
N3221,李文燕
N3222,钱胡寿
N3223,钱振宇
N3224,孙俊成
N3225,朱坤华
N3226,周福云
N3227,陈江涛
N3228,周建明
N3229,陈海伦
N3230,顾晓春
N3231,陈剑波
N3232,赵明
N3233,项翔
N3234,陈林森
N3235,陈作涛
N3236,魏恺言
N3237,李新民
N3238,常厚春
N3239,杨震华
N3240,沈健生
N3241,罗建文
N3242,周红卫
N3243,万国江
N3244,赵晓东
N3245,李洪国
N3246,樊立
N3247,朱红玉
N3248,孙祥祯
N3249,叶小平
N3250,王长春
N3251,杨斌
N3252,张京豫
N3253,范纪军
N3254,林皓
N3255,李平
N3256,刘士钢
N3257,王召明
N3258,龙昌明
N3259,胡赓熙
N3260,唐岳
N3261,陈炽昌
N3262,丁敏华
N3263,邓亲华
N3264,居年丰
N3265,童之磊
N3266,江春华
N3267,陆文斌
N3268,刘光
N3269,孙景涛
N3270,沈继业
N3271,俞凌
N3272,张力新
N3273,温德乙
N3274,梁勤
N3275,孙志强
N3276,张洪起
N3277,何思模
N3278,唐球
N3279,张齐春
N3280,高鸣
N3281,陈少美
N3282,耿殿根
N3283,刘迪
N3284,杨建平
N3285,黄煜
N3286,王仁宗
N3287,李炜
N3288,丁彦辉
N3289,裴振华
N3290,郭锡禄
N3291,徐炜
N3292,高鹏
N3293,林建伟
N3294,邹支农
N3295,邓家贵
N3296,宋勇
N3297,贺增林
N3298,钱永耀
N3299,吴限
N3300,邵钦祥
N3301,高颀
N3302,石华山
N3303,王廷春
N3304,姜艳
N3305,邹左军
N3306,孔祥洲
N3307,张万镇
N3308,何亚民
N3309,荣继华
N3310,徐地华
N3311,周建灿
N3312,方亨志
N3313,陈刚
N3314,王德言
N3315,陈敬财
N3316,钟琼华
N3317,杨耀光
N3318,周亚辉
N3319,孙成文
N3320,侯友夫
N3321,施祥贵
N3322,王双飞
N3323,纪法清
N3324,卜范胜
N3325,倪明亮
N3326,吴宏亮
N3327,杨成
N3328,臧立国
N3329,钱晓春
N3330,梁学贤
N3331,冯鑫
N3332,谭建伟
N3333,曹勇
N3334,蒯一希
N3335,章有春
N3336,李国平
N3337,王志清
N3338,夏信德
N3339,邹炳德
N3340,何鸿云
N3341,陈金岳
N3342,姜卫东
N3343,伊廷雷
N3344,赵志宏
N3345,姜维利
N3346,滕方迁
N3347,张新明
N3348,陈祥楼
N3349,陈祥楼1
N3350,茅庆江
N3351,王立群
N3352,王燕清
N3353,葛航
N3354,尹正龙
N3355,彭义兴
N3356,李开民
N3357,赵大鹏
N3358,杨云春
N3359,王维东
N3360,张建辉
N3361,朱志刚
N3362,赵积清
N3363,钱承林
N3364,张亮
N3365,唐勇
N3366,蔡耿锡
N3367,于伟
N3368,厉达
N3369,章建伟
N3370,周志群
N3371,张曙华
N3372,赵其春
N3373,江涛
N3374,朱业胜
N3375,李毅
N3376,曾万辉
N3377,刘军
N3378,陈涛
N3379,刘泽刚
N3380,高长虹
N3381,王继春
N3382,赵彤宇
N3383,王中锋
N3384,李文美
N3385,吴海林
N3386,邱文渊
N3387,马骉
N3388,高月静
N3389,陈尔容
N3390,杨志峰
N3391,黄文宝
N3392,马晓峰
N3393,袁歆
N3394,赖春临
N3395,王迎燕
N3396,赵鸿飞
N3397,包建华
N3398,温鹏程
N3399,李琦
N3400,戴雅萍
N3401,林武辉
N3402,高光荣
N3403,汤丽君
N3404,刘甍
N3405,程宗玉
N3406,张广生
N3407,吉晓辉
N3408,吴百旺
N3409,冼伟雄
N3410,卢光霖
N3411,张克俭
N3412,刘建强
N3413,刘本仁
N3414,邓崎琳
N3415,马国强
N3416,苗圩
N3417,徐平
N3418,朱福寿
N3419,欧阳洁
N3420,杨文生
N3421,洪敬南
N3422,刘晓光
N3423,王灏
N3424,杜春才
N3425,俞吾炎
N3426,贾锐军
N3427,林东鲁
N3428,曹中魁
N3429,崔臣
N3430,周秉利
N3431,李小鹏
N3432,曹培玺
N3433,王水
N3434,周仁强
N3435,刘海燕
N3436,翟鸿祥
N3437,吴建
N3438,经叔平
N3439,董文标
N3440,洪崎
N3441,钟兴昌
N3442,杜传志
N3443,陈戌源
N3444,陆海祜
N3445,陈戌源
N3446,谢企华
N3447,徐乐江
N3448,艾宝俊
N3449,徐乐江
N3450,何文波
N3451,陈德荣
N3452,宋春雷
N3453,关健
N3454,金雷
N3455,丁中智
N3456,周世平
N3457,王运丹
N3458,陈启祥
N3459,陈向阳
N3460,蔡漳平
N3461,邹仲琛
N3462,任浩
N3463,陈启祥
N3464,陶登奎
N3465,吴国潮
N3466,李克麟
N3467,李绍德
N3468,许立荣
N3469,贺恭
N3470,曹培玺
N3471,云公民
N3472,李庆奎
N3473,陈同海
N3474,苏树林
N3475,颜志卿
N3476,刘绍勇
N3477,司献民
N3478,王东明
N3479,张佑君
N3480,张佑君
N3481,梁稳根
N3482,唐建辉
N3483,吴庭锵
N3484,黄祥谈
N3485,贺长松
N3486,张世杰
N3487,祝向军
N3488,祝向军
N3489,肖跃文
N3490,秦晓
N3491,傅育宁
N3492,李建红
N3493,高峰倩
N3494,张淼
N3495,郭章鹏
N3496,崔学文
N3497,王斌
N3498,王军
N3499,庞建
N3500,曲景文
N3501,郭殿满
N3502,蔡毅
N3503,余枫
N3504,孙云
N3505,李彬海
N3506,宋广菊
N3507,杨贤足
N3508,王建宙
N3509,常小兵
N3510,周孝成
N3511,何大元
N3512,李水荣
N3513,楼忠福
N3514,楼江跃
N3515,彭涛
N3516,杨玉林
N3517,杜鹤鸣
N3518,楼明
N3519,张汉文
N3520,宗伟民
N3521,万素娟
N3522,董全臣
N3523,钟虹光
N3524,蔡蕾
N3525,胡学凡
N3526,江山
N3527,程迎峰
N3528,许继伟
N3529,黄林沐
N3530,叶正军
N3531,许家驹
N3532,贺旋
N3533,陈刚
N3534,吴光明
N3535,吴多誉
N3536,韩本毅
N3537,张本智
N3538,谭星辉
N3539,师金泉
N3540,柳学宏
N3541,苏振明
N3542,朱以明
N3543,王龙雏
N3544,张水利
N3545,苗耕书
N3546,周中枢
N3547,姚子平
N3548,邱仁甫
N3549,傅建伟
N3550,于淑珉
N3551,刘洪新
N3552,常俊传
N3553,张嵩林
N3554,施洪祥
N3555,卫华诚
N3556,李福祚
N3557,王春城
N3558,陈信生
N3559,杨克中
N3560,吴福胜
N3561,梁学忠
N3562,徐益民
N3563,路法尧
N3564,汤玉祥
N3565,韩国龙
N3566,张野
N3567,杨继学
N3568,丁焰章
N3569,聂凯
N3570,谢宁
N3571,杨松贺
N3572,程志伟
N3573,王伟
N3574,贾粮钢
N3575,赵林中
N3576,任捷
N3577,王熙晏
N3578,罗小勇
N3579,刘翔
N3580,楼吉威
N3581,陈金海
N3582,谭作钧
N3583,孙伟
N3584,周辉
N3585,高康
N3586,吕永杰
N3587,俞友涌
N3588,周海鸣
N3589,马勇健
N3590,康楚培
N3591,张国平
N3592,张国伟
N3593,童爱平
N3594,庄敏
N3595,郭庆人
N3596,余天池
N3597,吴彬
N3598,许振东
N3599,周燕军
N3600,李明春
N3601,王殿斌
N3602,郭志先
N3603,刘顺兴
N3604,刘树元
N3605,周立明
N3606,俞建午
N3607,李兴
N3608,周忠明
N3609,李兴
N3610,艾路明
N3611,王学海
N3612,吴一坚
N3613,魏家骏
N3614,欧阳洁
N3615,高大林
N3616,史建华
N3617,任学锋
N3618,杨川
N3619,徐蔚莉
N3620,宋克新
N3621,刘国真
N3622,刘平
N3623,杨志茂
N3624,朱凤廉
N3625,石志敏
N3626,岳志荣
N3627,李新萍
N3628,李建一
N3629,孙亚雷
N3630,高智明
N3631,赵欣
N3632,殷顺海
N3633,张生瑜
N3634,顾海鸥
N3635,梅群
N3636,高振坤
N3637,杨立康
N3638,田西平
N3639,赵兴龙
N3640,赵宁
N3641,冷敏述
N3642,吴达审
N3643,高建民
N3644,李建
N3645,梁晓涛
N3646,赵刚
N3647,张新
N3648,艾克拉木.艾沙由夫
N3649,黄开华
N3650,曾清荣
N3651,王克勤
N3652,黎启基
N3653,段新连
N3654,程东胜
N3655,董琦
N3656,李国春
N3657,夏朝嘉
N3658,宋浩
N3659,冷天辉
N3660,张杰
N3661,董云雄
N3662,张勤
N3663,杨登瑞
N3664,黄卫峰
N3665,张耀辉
N3666,杨登瑞
N3667,董华
N3668,李如岗
N3669,张嘉庆
N3670,他盛华
N3671,张文学
N3672,李长盛
N3673,汪力成
N3674,刘德春
N3675,肖琪经
N3676,朱建忠
N3677,汤期庆
N3678,杨丹地
N3679,伍竹林
N3680,陆海民
N3681,孙峰
N3682,刘群
N3683,荣泳霖
N3684,陆致成
N3685,周立业
N3686,费庆伦
N3687,张廷安
N3688,周益明
N3689,陈继辉
N3690,张有才
N3691,尹友中
N3692,秦怀平
N3693,黄国英
N3694,刘天金
N3695,徐宗明
N3696,潘士颖
N3697,陈祥麟
N3698,胡茂元
N3699,陈虹
N3700,顾云奎
N3701,莫林弟
N3702,江津
N3703,罗日炎
N3704,杨闻孙
N3705,周长生
N3706,何宗仁
N3707,杨树军
N3708,赵路
N3709,张思冰
N3710,雷波
N3711,冉云
N3712,陈远
N3713,王为钢
N3714,乔木
N3715,崔臣
N3716,周秉利
N3717,孟志泉
N3718,潘琦
N3719,姚国平
N3720,唐勇
N3721,李勇
N3722,王国生
N3723,滕增寿
N3724,郑念鸿
N3725,杨作军
N3726,芦德宝
N3727,李丰华
N3728,刘绍勇
N3729,于和平
N3730,邹小剑
N3731,叶建桥
N3732,张昭云
N3733,陈显刚
N3734,杨忠
N3735,郭海荣
N3736,傅卓洋
N3737,芮晓武
N3738,袁家军
N3739,李开民
N3740,张洪太
N3741,汤期庆
N3742,居亮
N3743,刘宁生
N3744,何志亮
N3745,胡承江
N3746,高康
N3747,胡承江
N3748,李国安
N3749,牛森营
N3750,杜工会
N3751,孟中泽
N3752,王连海
N3753,郭矿生
N3754,刘小峰
N3755,张琉
N3756,朱雷
N3757,袁亚非
N3758,杨怀珍
N3759,贺贵元
N3760,郝跃洲
N3761,苏兰鑫
N3762,张伟
N3763,王占柱
N3764,郭敏杰
N3765,郑明理
N3766,罗金保
N3767,朱友文
N3768,吴云天
N3769,童云芳
N3770,李世中
N3771,汤民强
N3772,郑治文
N3773,梁宋模
N3774,肖立成
N3775,周星辉
N3776,谢文辉
N3777,刘绥芝
N3778,钱竞琪
N3779,李结祥
N3780,吴廷昌
N3781,白礼西
N3782,余红艺
N3783,徐立华
N3784,龙功才
N3785,何源森
N3786,胡柏初
N3787,吕道斌
N3788,张有才
N3789,华正兴
N3790,黄明贵
N3791,王克勤
N3792,黎启基
N3793,黄立平
N3794,何世虎
N3795,罗廷元
N3796,丁振国
N3797,喻中权
N3798,杜昌焘
N3799,张建恒
N3800,王树林
N3801,宋黎定
N3802,滕方迁
N3803,杨真
N3804,杜晓玲
N3805,陈海淳
N3806,易仁涛
N3807,陈瑜
N3808,杨盛奎
N3809,翁荣金
N3810,张骏
N3811,张骏
N3812,康国明
N3813,陈亚平
N3814,王勇
N3815,彭斯太
N3816,李余利
N3817,王成
N3818,黄家明
N3819,李国璋
N3820,袁志敏
N3821,陈宗云
N3822,王兴国
N3823,雷刚
N3824,杨国荣
N3825,甘霖
N3826,周剑云
N3827,黄倞菲
N3828,黄伟
N3829,焦学义
N3830,王朝刚
N3831,徐斌
N3832,赵海
N3833,邓永祥
N3834,洪金益
N3835,罗俊
N3836,刘兴德
N3837,姜成颜
N3838,李长江
N3839,尚兴中
N3840,李艰
N3841,赵建鹏
N3842,何强
N3843,杨文军
N3844,赵勃
N3845,鲍涌波
N3846,王海滨
N3847,邵为军
N3848,王大为
N3849,杨家丰
N3850,周建能
N3851,杨家丰
N3852,谭作钧
N3853,胡问鸣
N3854,胡问鸣
N3855,董强
N3856,曲雁
N3857,姜文正
N3858,何承命
N3859,何承命
N3860,王宪榕
N3861,黄文洲
N3862,张勇峰
N3863,周山
N3864,闫海清
N3865,赵力宾
N3866,黄代云
N3867,李建雄
N3868,刘郁文
N3869,徐春生
N3870,刘政
N3871,张志福
N3872,郭松峰
N3873,王振宣
N3874,郭忠文
N3875,王广西
N3876,王金余
N3877,徐培忠
N3878,魏纪中
N3879,王俊生
N3880,谢亚龙
N3881,刘军
N3882,马德海
N3883,赵川
N3884,李绍林
N3885,马云虎
N3886,刘奇
N3887,叶志翔
N3888,杜世源
N3889,胡仲明
N3890,倪道明
N3891,刘开勇
N3892,封多佳
N3893,杨晓明
N3894,魏宝康
N3895,黄国英
N3896,黄金镖
N3897,张骏
N3898,刘京喜
N3899,李礼善
N3900,苑尔卓
N3901,张景华
N3902,王东明
N3903,肖家守
N3904,虞建明
N3905,安庆衡
N3906,徐和谊
N3907,赵家祯
N3908,朱昌一
N3909,陈莉茜
N3910,王贤兵
N3911,岳普煜
N3912,岳普煜
N3913,王创民
N3914,徐征
N3915,陈启宇
N3916,张文义
N3917,方培琦
N3918,赵贵武
N3919,董浩然
N3920,乔金岭
N3921,乔秋生
N3922,王奎廷
N3923,张君起
N3924,李红旗
N3925,陈建成
N3926,陈嫣妮
N3927,李发增
N3928,闻掌华
N3929,朱祖华
N3930,曹江林
N3931,李如成
N3932,刘涛
N3933,连刚
N3934,邹文超
N3935,张宝林
N3936,阎树忠
N3937,徐维欣
N3938,王宏伟
N3939,岳守成
N3940,隋继广
N3941,蒋绍庆
N3942,纪晓文
N3943,万永兴
N3944,孙玉生
N3945,吕耀勋
N3946,李怀靖
N3947,李锦
N3948,詹祖盛
N3949,高汝森
N3950,刘兴功
N3951,王小鹏
N3952,刘海虹
N3953,叶明华
N3954,鲁君四
N3955,李怀清
N3956,郑献锋
N3957,刘向东
N3958,夏建统
N3959,张伟东
N3960,朱勇军
N3961,尹峻
N3962,赵经彻
N3963,王信
N3964,李位民
N3965,李希勇
N3966,柏广新
N3967,张宏伟
N3968,关国亮
N3969,张宏伟
N3970,徐健
N3971,宋卫东
N3972,杨书昌
N3973,张晓喜
N3974,杨林
N3975,陈榕生
N3976,郭恒达
N3977,黄福生
N3978,翟金水
N3979,毛振家
N3980,王志良
N3981,张春新
N3982,余涤非
N3983,胡启毅
N3984,汪群斌
N3985,陈启宇
N3986,徐勇辉
N3987,曹斌
N3988,锁炳勋
N3989,宁中伟
N3990,赵唯一
N3991,张翀宇
N3992,高延生
N3993,于明升
N3994,杨凤明
N3995,李运武
N3996,刘捷明
N3997,卞志航
N3998,敖宏
N3999,屠海令
N4000,周旗钢
N4001,张少明
N4002,李留恩
N4003,杨锋
N4004,蔡志端
N4005,吴建元
N4006,邹丽华
N4007,林俊波
N4008,李维
N4009,高松
N4010,沈雯
N4011,陈达彬
N4012,石林
N4013,陈达彬
N4014,王廷江
N4015,田英智
N4016,于孝燕
N4017,连德团
N4018,方海良
N4019,翟祝平
N4020,赵振东
N4021,顾雏军
N4022,李学勤
N4023,魏洁
N4024,金长山
N4025,张树森
N4026,陈平
N4027,金彪
N4028,李春波
N4029,兰建文
N4030,黄四领
N4031,周子敬
N4032,于九洲
N4033,管爱国
N4034,肖正海
N4035,谢力
N4036,宋建波
N4037,宋建波
N4038,程仁策
N4039,陈丽芬
N4040,陈峰
N4041,朱益民
N4042,李晓明
N4043,王英明
N4044,陈明
N4045,辛笛
N4046,赵庆新
N4047,李景亮
N4048,孙启玉
N4049,刘东
N4050,孙峰
N4051,孙玉峰
N4052,李明
N4053,尹鹏
N4054,赵西亮
N4055,李彦勇
N4056,陈海遂
N4057,薛仕成
N4058,李文棠
N4059,张锦珠
N4060,曹立明
N4061,夏士林
N4062,吴梦根
N4063,沈德堂
N4064,张文骏
N4065,沈德堂
N4066,顾利荣
N4067,沈培今
N4068,李大学
N4069,郑才友
N4070,周俊生
N4071,肖建国
N4072,周应华
N4073,姚伟彪
N4074,刘毓源
N4075,罗方辉
N4076,郭汉光
N4077,孟鸣飞
N4078,杨立
N4079,平海军
N4080,赵桂春
N4081,武洪才
N4082,谢华生
N4083,高益荣
N4084,张振勇
N4085,傅国定
N4086,石祥麟
N4087,李桂莲
N4088,李桂莲
N4089,田根牛
N4090,田家俊
N4091,王英杰
N4092,李同玉
N4093,黄国忠
N4094,王欣
N4095,李阳
N4096,吕士林
N4097,孙勤勇
N4098,袁明观
N4099,盛军
N4100,颜广生
N4101,王晖
N4102,吴立东
N4103,卢卫伟
N4104,赵建国
N4105,杨庆
N4106,蔡哲夫
N4107,王森
N4108,陈升斌
N4109,应建仁
N4110,王晓云
N4111,张春昌
N4112,雷立
N4113,冯彪
N4114,王铨
N4115,赵超
N4116,王劲松
N4117,许雷
N4118,刘猛
N4119,许雷
N4120,于志辉
N4121,丁澍
N4122,徐红
N4123,范晓远
N4124,王忠岩
N4125,魏钢
N4126,岑长篇
N4127,李飞
N4128,刘江海
N4129,黎主冠
N4130,周健民
N4131,徐浩
N4132,陈胜杰
N4133,黄启灶
N4134,于世光
N4135,段玉顺
N4136,张研
N4137,李禾
N4138,冯仑
N4139,许立
N4140,江泓毅
N4141,张玉琦
N4142,成卫文
N4143,成清波
N4144,徐才江
N4145,方项
N4146,庄峰
N4147,王忠信
N4148,张恺颙
N4149,高建成
N4150,高建成
N4151,梁英奇
N4152,马朝梅
N4153,钟春彬
N4154,单晓钟
N4155,郭素强
N4156,夏淑萍
N4157,徐德健
N4158,李愈
N4159,刘德明
N4160,郭良
N4161,尹梅克
N4162,黄葆源
N4163,许淑清
N4164,容贤标
N4165,鲁良儒
N4166,周瑞庭
N4167,张晓光
N4168,孙广信
N4169,肖玉新
N4170,杨铁军
N4171,孙风元
N4172,王力源
N4173,尚继强
N4174,宋东升
N4175,罗祖亮
N4176,罗订坤
N4177,刘毅
N4178,杨华
N4179,杨建民
N4180,张润钢
N4181,刘连琏
N4182,刘明贵
N4183,李明
N4184,叶列理
N4185,谢亮
N4186,兰亚平
N4187,朱弟雄
N4188,孙勇
N4189,陈森洁
N4190,陈卫
N4191,周宝亮
N4192,陈树清
N4193,李建平
N4194,高汝森
N4195,任向前
N4196,马春华
N4197,杨松宇
N4198,晏国斌
N4199,蓝来富
N4200,佟永贵
N4201,刘龙华
N4202,徐贱云
N4203,陈代华
N4204,白骅
N4205,江自生
N4206,杨勇
N4207,白绍桐
N4208,王日文
N4209,江炳思
N4210,夏增与
N4211,吴绍明
N4212,黄铮
N4213,吴克海
N4214,张斌
N4215,张建卫
N4216,夏国洪
N4217,方向明
N4218,刘振南
N4219,于滨
N4220,时旸
N4221,江玉森
N4222,何才彪
N4223,盛佩英
N4224,王强
N4225,张正龙
N4226,黄兴如
N4227,秦大乾
N4228,戴云达
N4229,管建忠
N4230,傅小安
N4231,翦英海
N4232,高士庆
N4233,孙飘扬
N4234,王文彪
N4235,王瑞丰
N4236,尹成国
N4237,田继生
N4238,王祖康
N4239,汪阳
N4240,蔡鸿生
N4241,吕勇明
N4242,张延礼
N4243,梁从友
N4244,熊维明
N4245,黄继
N4246,孙万发
N4247,彭正志
N4248,胡晓军
N4249,祝义财
N4250,陈新生
N4251,吴晓国
N4252,余乾元
N4253,邢亚东
N4254,狄重阳
N4255,邢亚东
N4256,杨培武
N4257,肖同友
N4258,杨思明
N4259,黄一新
N4260,王猛照
N4261,何中辉
N4262,刘正洪
N4263,葛培健
N4264,郭亚兵
N4265,熊维政
N4266,程剑军
N4267,董启彬
N4268,成俊
N4269,徐志远
N4270,黄旭芒
N4271,杨青峰
N4272,张家林
N4273,鲁勇志
N4274,邓伟
N4275,张小红
N4276,常学群
N4277,任志军
N4278,曲飞
N4279,葛仁优
N4280,蒋祖辉
N4281,刘群
N4282,陈道荣
N4283,蒋本华
N4284,胡佃平
N4285,初育国
N4286,刘建良
N4287,郭予丰
N4288,田勇
N4289,刘渭清
N4290,刘艺
N4291,吕宗林
N4292,徐麟
N4293,许锡忠
N4294,王林祥
N4295,张奕龄
N4296,王臻
N4297,张成海
N4298,李建平
N4299,俞学锋
N4300,任建明
N4301,冯益民
N4302,陆晓宝
N4303,崔桂亮
N4304,胡云峰
N4305,杨启典
N4306,赖晓杨
N4307,陈载华
N4308,覃卫国
N4309,黄省身
N4310,赵新庆
N4311,翁锡明
N4312,李广晖
N4313,耿莉萍
N4314,李进巅
N4315,李海阳
N4316,叶有伟
N4317,张玉宏
N4318,张殿华
N4319,辛笛
N4320,王奇
N4321,马鸿烈
N4322,虞海燕
N4323,王酒生
N4324,秦治庚
N4325,虞海燕
N4326,程子建
N4327,李建华
N4328,李晓亮
N4329,丁建生
N4330,温昌伟
N4331,秦春楠
N4332,秦敏
N4333,张严德
N4334,刘永
N4335,韩海林
N4336,魏光林
N4337,李永河
N4338,李润福
N4339,李小平
N4340,李学林
N4341,余涤非
N4342,陈章瑞
N4343,葛文耀
N4344,谢文坚
N4345,田民
N4346,吴方辉
N4347,宋承志
N4348,关学诠
N4349,高宝玉
N4350,李和忠
N4351,陈学祥
N4352,王俊
N4353,钱万荣
N4354,徐立新
N4355,董顺兴
N4356,陈华森
N4357,曹希波
N4358,孙树声
N4359,李白贤
N4360,王瑞林
N4361,刘怀远
N4362,周纪昌
N4363,宋海良
N4364,王春鸣
N4365,吴延龙
N4366,张连选
N4367,张勇
N4368,张建台
N4369,熊光宇
N4370,谢育智
N4371,何向明
N4372,林耀棠
N4373,袁小波
N4374,李光宁
N4375,尼玛
N4376,扎西江措
N4377,多吉罗布
N4378,潘霄燕
N4379,高兵华
N4380,王刚
N4381,李德禄
N4382,詹原竞
N4383,郝非非
N4384,王志强
N4385,潘广通
N4386,潘建清
N4387,刘沧龙
N4388,杨骞
N4389,王国成
N4390,蔡志祥
N4391,杨荣明
N4392,李楚源
N4393,张俊明
N4394,王振
N4395,张志超
N4396,孙明
N4397,李鹤鹏
N4398,李鹤鹏
N4399,丁宏祥
N4400,鲁群生
N4401,李蔚
N4402,冯东明
N4403,寇卫平
N4404,何冰
N4405,旦增
N4406,陈汛桥
N4407,黄建荣
N4408,付德新
N4409,陈俊豪
N4410,陈天麟
N4411,陈根伟
N4412,王文学
N4413,王新敏
N4414,熊瑞忠
N4415,童国华
N4416,穆传江
N4417,洛少宁
N4418,范红卫
N4419,石盛奎
N4420,白英
N4421,孙亮
N4422,任武贤
N4423,阮水龙
N4424,阮伟祥
N4425,郑超
N4426,何琼
N4427,陈大江
N4428,葛行
N4429,王大和
N4430,马宗海
N4431,张学阳
N4432,李荣华
N4433,徐祥
N4434,徐祥
N4435,李禄安
N4436,张建华
N4437,王为民
N4438,王东红
N4439,施亮
N4440,沙敬禹
N4441,李兵
N4442,李远晨
N4443,李新海
N4444,汪天仁
N4445,李远晨
N4446,夏增文
N4447,畅丁杰
N4448,彭小海
N4449,李翠芳
N4450,罗志伟
N4451,何昌明
N4452,李贻煌
N4453,李保民
N4454,韩盛龙
N4455,程德保
N4456,杨柳
N4457,蒋国忠
N4458,肖文
N4459,曾智斌
N4460,于永利
N4461,王鹏
N4462,何为民
N4463,竺韵德
N4464,杨齐
N4465,竺晓东
N4466,姜志光
N4467,纪成友
N4468,高月飞
N4469,郭汉光
N4470,王维平
N4471,何国纯
N4472,梁君
N4473,李立
N4474,陈建威
N4475,许少才
N4476,蒋辉
N4477,翁振杰
N4478,崔坚
N4479,廖庆轩
N4480,卞平刚
N4481,卞刚红
N4482,卞平芳
N4483,付华廷
N4484,管大源
N4485,吴全
N4486,李耀
N4487,卢广山
N4488,谢冠森
N4489,温显来
N4490,钟健华
N4491,周文
N4492,赵东亮
N4493,刘汉如
N4494,沈伟良
N4495,刘汉如
N4496,赵东杰
N4497,潘刚升
N4498,张忠
N4499,刘希模
N4500,潘利群
N4501,沈长全
N4502,杨根林
N4503,常青
N4504,冯孝庭
N4505,陈健
N4506,刘林峰
N4507,陈宝通
N4508,古共伟
N4509,陈虹
N4510,杨宝立
N4511,李明鑫
N4512,张荣华
N4513,祁勇
N4514,杨天夫
N4515,朱保国
N4516,黄贤优
N4517,臧静涛
N4518,陶亚东
N4519,郝立华
N4520,张雪峰
N4521,张坚力
N4522,涂传岚
N4523,张文东
N4524,凌克
N4525,黄俊钦
N4526,林云
N4527,赵文芝
N4528,张国光
N4529,直军
N4530,蒙克勤
N4531,晏明
N4532,王春杰
N4533,吕小奎
N4534,吕小奎
N4535,周苏华
N4536,蔡建国
N4537,李大军
N4538,张泾生
N4539,王晓梅
N4540,朱希英
N4541,杨应亮
N4542,景济南
N4543,赵桂斌
N4544,杨锐
N4545,陈锦
N4546,郭勇义
N4547,杜文广
N4548,郑涛
N4549,胡泽松
N4550,陈鸿允
N4551,杨树坪
N4552,郑华
N4553,周炳军
N4554,张仕和
N4555,钟俊
N4556,陈晓颖
N4557,赵首先
N4558,肖文
N4559,薛滨
N4560,王清文
N4561,彭兴宇
N4562,金玉军
N4563,徐绍芳
N4564,李良仕
N4565,林绍华
N4566,叶惠丽
N4567,陶晓华
N4568,周建平
N4569,赵明远
N4570,杨华
N4571,周海江
N4572,周鸣江
N4573,周宏江
N4574,刘连红
N4575,陆建平
N4576,高旭光
N4577,张健
N4578,任向东
N4579,李延人
N4580,孟广宝
N4581,周易
N4582,张良
N4583,田富军
N4584,杜毅敏
N4585,贺治强
N4586,何振亚
N4587,闵涛
N4588,卜凡强
N4589,肖世杰
N4590,奚国富
N4591,李安民
N4592,李猛
N4593,么志义
N4594,马连明
N4595,胡联奎
N4596,王维航
N4597,王维航
N4598,何樟兴
N4599,傅日高
N4600,金方平
N4601,金方平
N4602,陈广摄
N4603,周建雄
N4604,柳秀导
N4605,左延安
N4606,安进
N4607,李国民
N4608,王世超
N4609,王东升
N4610,赵磊
N4611,李侠
N4612,刘让
N4613,朱宝泉
N4614,周斌
N4615,杨逢奇
N4616,周斌
N4617,闫作利
N4618,廉弘
N4619,夏协安
N4620,龚晓超
N4621,周伟兴
N4622,姚庆艳
N4623,李南高
N4624,何勤
N4625,袁平东
N4626,汪思洋
N4627,吴铭爵
N4628,廖能成
N4629,覃永强
N4630,甘军
N4631,费云良
N4632,王春涛
N4633,程广辉
N4634,杨振峰
N4635,常怀春
N4636,魏家福
N4637,陈洪生
N4638,马泽华
N4639,许立荣
N4640,叶伟龙
N4641,万敏
N4642,孙家康
N4643,包宗业
N4644,张福平
N4645,常毅
N4646,柴连志
N4647,吴术
N4648,韩晓进
N4649,张如贵
N4650,林波
N4651,童来明
N4652,张强
N4653,陈济民
N4654,戈德伟
N4655,李保平
N4656,才长伟
N4657,苏立航
N4658,何建文
N4659,冯忠铭
N4660,刘建顺
N4661,刘汉元
N4662,郑有全
N4663,郭传余
N4664,肖衡
N4665,张五一
N4666,钱俊
N4667,陈学东
N4668,杜宣
N4669,赵剑
N4670,刘连营
N4671,邹鹏宏
N4672,杜淑明
N4673,王力民
N4674,李永进
N4675,王广林
N4676,尹自波
N4677,何福俊
N4678,李福昌
N4679,洪涛
N4680,张波
N4681,雷锦录
N4682,康军
N4683,韩晓更
N4684,韩东升
N4685,张劲峰
N4686,王萍
N4687,胡清熊
N4688,汪汉臣
N4689,邹武装
N4690,廖斌
N4691,宋亚立
N4692,曾鸿平
N4693,李东林
N4694,唐俊
N4695,汪云曙
N4696,陈向东
N4697,郑明坦
N4698,毛木金
N4699,熊一江
N4700,郑克一
N4701,李钢
N4702,王相阁
N4703,吴品标
N4704,于敏
N4705,郑艳民
N4706,修刚
N4707,朱胜英
N4708,刘进奎
N4709,杭金亮
N4710,田建国
N4711,曾雁鸣
N4712,孙继林
N4713,曾雁鸣
N4714,曾鉴
N4715,蒲太平
N4716,陈敏
N4717,任东川
N4718,杨铿
N4719,李鹏程
N4720,唐传勤
N4721,刘光兴
N4722,张文利
N4723,左斌
N4724,曹朝阳
N4725,王锋
N4726,王锋
N4727,白忻平
N4728,袁菊兴
N4729,黄化锋
N4730,陈嘉生
N4731,万冠清
N4732,王福军
N4733,蒋志坚
N4734,阮大平
N4735,阎洪生
N4736,阮大平
N4737,李雄
N4738,阎洪生
N4739,韩广岳
N4740,单银木
N4741,张世明
N4742,钟发平
N4743,朱飞锦
N4744,江端预
N4745,李喜增
N4746,缪志强
N4747,缪志强
N4748,陈孟礼
N4749,刘宝生
N4750,陈军华
N4751,林金本
N4752,张春光
N4753,贾林
N4754,许鹏
N4755,李军
N4756,王靖
N4757,周其钧
N4758,戚明珠
N4759,程晓曦
N4760,崔根良
N4761,高安敏
N4762,钱建林
N4763,师春生
N4764,郝于田
N4765,刘永和
N4766,卢彦昌
N4767,杨凤翝
N4768,李立群
N4769,王福军
N4770,宋鑫
N4771,孙兆学
N4772,宋鑫
N4773,姜标
N4774,宋晶
N4775,黄山
N4776,姜标
N4777,何昌明
N4778,张富强
N4779,何昌明
N4780,李赋屏
N4781,王冰
N4782,赖振元
N4783,陈澄清
N4784,牛建国
N4785,李照智
N4786,张朝宏
N4787,严宏
N4788,方朝阳
N4789,朱崇仁
N4790,董英
N4791,孙勇
N4792,江廷林
N4793,童国华
N4794,卢勤
N4795,边程
N4796,林达贤
N4797,罗东江
N4798,潘正义
N4799,张增根
N4800,杜尧
N4801,潘旭东
N4802,时旸
N4803,伍青
N4804,吴启宏
N4805,吴启宏
N4806,王世才
N4807,王敬敏
N4808,赵时运
N4809,林起泰
N4810,黄曼民
N4811,张念民
N4812,洪和良
N4813,王伟林
N4814,林立新
N4815,李良龙
N4816,谢飞
N4817,谭志红
N4818,何永祥
N4819,卿松
N4820,冯国胜
N4821,雷洪
N4822,刘建文
N4823,刘赟东
N4824,李其祥
N4825,傅民安
N4826,钟崇武
N4827,曹祖民
N4828,刘雨忠
N4829,李馥友
N4830,高建军
N4831,义宝厚
N4832,成锋
N4833,刘伟
N4834,赵磊
N4835,曹德法
N4836,符冬
N4837,胥大有
N4838,戈亚芳
N4839,付明仲
N4840,龚家申
N4841,李智明
N4842,刘勇
N4843,李智明
N4844,叶洋友
N4845,叶林富
N4846,姚兴田
N4847,蒋会成
N4848,霍峰
N4849,李爱国
N4850,李同双
N4851,姬广怀
N4852,谢信跃
N4853,任银光
N4854,闫奎兴
N4855,何忠华
N4856,闫奎兴
N4857,费维武
N4858,奚国富
N4859,张建伟
N4860,马兴田
N4861,袁仁国
N4862,黄明玖
N4863,黄言勇
N4864,陈保华
N4865,童建新
N4866,薛济萍
N4867,张文儒
N4868,张军
N4869,迟耀勇
N4870,张晓军
N4871,许晓文
N4872,舒英钢
N4873,陶国平
N4874,翁景庆
N4875,唐志成
N4876,唐志成
N4877,王广钟
N4878,柴文
N4879,许晓鸣
N4880,朱其棕
N4881,杨国平
N4882,杨安国
N4883,郭前玉
N4884,封照波
N4885,刘敬路
N4886,孙利
N4887,段连文
N4888,崔之火
N4889,陈兴汉
N4890,江劲松
N4891,闫希军
N4892,闫凯境
N4893,唐敏
N4894,苏振明
N4895,杨军
N4896,程春平
N4897,杨军
N4898,陈龙海
N4899,荀建华
N4900,王世全
N4901,潘利斌
N4902,邓守信
N4903,陈国和
N4904,崔照宏
N4905,王成耀
N4906,武宪章
N4907,何伟
N4908,马晓宏
N4909,王哲生
N4910,赵国柱
N4911,刘军
N4912,杜钟灵
N4913,范喜哲
N4914,杜建华
N4915,郭海
N4916,赵建泽
N4917,张万青
N4918,时民
N4919,陈玉民
N4920,王立君
N4921,陈潮
N4922,杨海
N4923,胡伟
N4924,陈维铉
N4925,刘同高
N4926,黄长庚
N4927,丁强
N4928,董其宏
N4929,边海青
N4930,薛桓
N4931,陈宗海
N4932,王亚非
N4933,王民
N4934,孙东兴
N4935,关长文
N4936,茆令文
N4937,李勤夫
N4938,陈文理
N4939,郭亚军
N4940,何玉良
N4941,何京云
N4942,顾国平
N4943,肖伟
N4944,余大全
N4945,李欣雨
N4946,张新广
N4947,刘彦龙
N4948,张剑武
N4949,孙彦广
N4950,张平
N4951,葛黎明
N4952,张铭金
N4953,孔德双
N4954,周万幸
N4955,曾福生
N4956,胡尔广
N4957,陈鸿增
N4958,罗韶颖
N4959,贾浚
N4960,向志鹏
N4961,王洪运
N4962,曹龙祥
N4963,王德贤
N4964,夏林
N4965,吴明武
N4966,吴明武
N4967,叶继革
N4968,许德来
N4969,叶继革
N4970,许德来
N4971,史济春
N4972,王子亮
N4973,李涛
N4974,黄大成
N4975,彭政纲
N4976,彭政纲
N4977,刘曙峰
N4978,郭华强
N4979,陈国平
N4980,胡季强
N4981,程汉川
N4982,李秉骥
N4983,胡建飞
N4984,李秉骥
N4985,王启林
N4986,孙新华
N4987,孔祥喜
N4988,张宝春
N4989,许鲁平
N4990,赵哲夫
N4991,孔德永
N4992,王世根
N4993,李晓
N4994,刘海峡
N4995,陆海军
N4996,朱炎
N4997,吴贞予
N4998,高巨谦
N4999,孙振华
N5000,鞠建宏
N5001,孙振华
N5002,肖世猛
N5003,陈建成
N5004,陈永苗
N5005,王建乔
N5006,赵峡
N5007,沈东新
N5008,李延江
N5009,王金华
N5010,何德祥
N5011,周守为
N5012,刘健
N5013,王新潮
N5014,郭文叁
N5015,朱永强
N5016,王刚
N5017,赵毅新
N5018,王文京
N5019,杨启昭
N5020,杨宝生
N5021,陆致成
N5022,黄代放
N5023,陈福胜
N5024,曾凡沛
N5025,赵伟
N5026,张光臣
N5027,刘达
N5028,张志新
N5029,叶湘武
N5030,窦啟玲
N5031,张洪恩
N5032,马路平
N5033,贺怀钦
N5034,崔红松
N5035,王伟
N5036,季诚建
N5037,王佳芬
N5038,赵柏礼
N5039,庄国蔚
N5040,张崇建
N5041,孙勇才
N5042,姜夏
N5043,奚河滨
N5044,王道明
N5045,刘长友
N5046,汤贤富
N5047,易怀泉
N5048,李民
N5049,赵伟平
N5050,李民
N5051,李桂荣
N5052,金志国
N5053,孙明波
N5054,方中华
N5055,易梅
N5056,刘欲晓
N5057,顾培柱
N5058,傅新华
N5059,王强
N5060,黄峰
N5061,刘家雄
N5062,黄金刚
N5063,唐相道
N5064,秦少秋
N5065,陈铁铭
N5066,张文卿
N5067,郑元湖
N5068,李培忠
N5069,夏斯成
N5070,丁明年
N5071,周群
N5072,郭海祥
N5073,郑树昌
N5074,徐林宝
N5075,肖宏振
N5076,阮人旦
N5077,王文杰
N5078,张玉良
N5079,王鸿锷
N5080,张杰
N5081,曹水和
N5082,杨修福
N5083,肖义南
N5084,李保卫
N5085,史佩欣
N5086,雷升逵
N5087,张弘
N5088,何国华
N5089,祁玉民
N5090,张文卿
N5091,李培忠
N5092,叶富才
N5093,吴邦兴
N5094,刘效军
N5095,周秀华
N5096,杨国平
N5097,胡书刚
N5098,石力华
N5099,卡先加
N5100,张芝庭
N5101,赵新先
N5102,崔军
N5103,许宝星
N5104,王延涛
N5105,彭龙
N5106,李杰
N5107,王红梅
N5108,蔡少斌
N5109,王铁锋
N5110,陶林
N5111,涂明海
N5112,程健
N5113,涂建敏
N5114,吴顺宝
N5115,葛俊杰
N5116,李克让
N5117,谈逸
N5118,李建华
N5119,王连景
N5120,程鹏
N5121,孔令泉
N5122,李保荣
N5123,刘军
N5124,徐荣一
N5125,周波
N5126,王强
N5127,刘训峰
N5128,李军
N5129,黄岱列
N5130,顾惠龙
N5131,俞友涌
N5132,沈建芳
N5133,沈建芳
N5134,叶立润
N5135,佘宝庆
N5136,徐伟梧
N5137,蒋耀
N5138,毛辰
N5139,陈靖
N5140,毛辰
N5141,汤富祥
N5142,钱明
N5143,范宪
N5144,刘训峰
N5145,王生洪
N5146,张陆洋
N5147,席时平
N5148,安秀清
N5149,江锡洲
N5150,顾振奋
N5151,徐若海
N5152,吴永强
N5153,杨博
N5154,张斌
N5155,文德芳
N5156,施德容
N5157,章曦
N5158,邱平
N5159,秦云
N5160,朱匡宇
N5161,朱勇
N5162,马立行
N5163,高海浩
N5164,唐海根
N5165,黄政
N5166,张宗宝
N5167,鲍崇宪
N5168,鲍玉洁
N5169,朱建舟
N5170,杨国平
N5171,周云鹤
N5172,魏建华
N5173,金健
N5174,徐忠伟
N5175,王成明
N5176,陈光平
N5177,陈光平
N5178,张坚白
N5179,马坚泓
N5180,王强
N5181,裘新
N5182,黎瑞刚
N5183,王建军
N5184,吴明烈
N5185,王政
N5186,王伟旭
N5187,程齐鸣
N5188,杨小明
N5189,俞标
N5190,张素心
N5191,黄国平
N5192,南新生
N5193,倪翼丰
N5194,穆浩平
N5195,鲍康荣
N5196,元建兴
N5197,王玮
N5198,李建红
N5199,程光
N5200,朱旭东
N5201,杨祥海
N5202,吴家骅
N5203,仇伟国
N5204,吴建雄
N5205,陈铭珊
N5206,顾青
N5207,徐风
N5208,范永进
N5209,刘虎廷
N5210,廖政权
N5211,李培佩
N5212,李德福
N5213,韩旭东
N5214,陈照
N5215,何平
N5216,王勇
N5217,李德福
N5218,陈玉华
N5219,周立武
N5220,刘新民
N5221,舒榕斌
N5222,章关明
N5223,舒榕斌
N5224,刘宏
N5225,芮友仁
N5226,刘强
N5227,孔庆伟
N5228,蒋耀
N5229,安红军
N5230,沈懋兴
N5231,杨原平
N5232,邵晓明
N5233,唐岷
N5234,顾有根
N5235,邵礼群
N5236,黄峰
N5237,蔡小庆
N5238,李遵义
N5239,邓景顺
N5240,韩飞
N5241,刘鸿雁
N5242,肖勇
N5243,仰融
N5244,吴小安
N5245,王世平
N5246,祁玉民
N5247,郁建福
N5248,樊志强
N5249,邵礼群
N5250,黄峰
N5251,涂国身
N5252,程秉海
N5253,吴平
N5254,叶凯
N5255,徐晓亮
N5256,张勇鹤
N5257,丁公才
N5258,陆云良
N5259,张杰
N5260,麦校勋
N5261,任昌建
N5262,胡巍
N5263,余蒂妮
N5264,许佳明
N5265,许振东
N5266,徐祗祥
N5267,贾放
N5268,贾洪浩
N5269,李冀中
N5270,鲍玉桐
N5271,赵炳弟
N5272,卜世成
N5273,杨文良
N5274,王岩
N5275,王宗光
N5276,许晓鸣
N5277,朱其棕
N5278,钱天东
N5279,刘玉文
N5280,张同恩
N5281,孙冬琳
N5282,洪任初
N5283,李仲秋
N5284,康慧军
N5285,杨小明
N5286,李晋昭
N5287,刘存周
N5288,郝伟哲
N5289,张利君
N5290,谢蔚
N5291,章东凡
N5292,柳政
N5293,俞向前
N5294,张逸屏
N5295,陈吉庆
N5296,石松
N5297,李标
N5298,左洪波
N5299,李文海
N5300,荆朝晖
N5301,吴惠明
N5302,顾斌
N5303,张晓耕
N5304,杜自弘
N5305,蒋晓萌
N5306,钱永涛
N5307,章鹏飞
N5308,范建国
N5309,宋晓明
N5310,胡新笠
N5311,贺顺明
N5312,赵锐勇
N5313,夏义宝
N5314,郭京平
N5315,陈宽金
N5316,黄顺福
N5317,高淳
N5318,朱胜杰
N5319,徐林宝
N5320,朱胜杰
N5321,蔡顺明
N5322,刘世才
N5323,陈辰康
N5324,应土歌
N5325,陈鹏飞
N5326,杜尧
N5327,敖刚
N5328,蔡昌庆
N5329,古松
N5330,陈建龙
N5331,范晓岚
N5332,杨佰祥
N5333,杨学品
N5334,陈国强
N5335,夏杰
N5336,周卫中
N5337,鲍康荣
N5338,蔚宏久
N5339,曹宏斌
N5340,徐千
N5341,刘波
N5342,游文庆
N5343,张海生
N5344,许伟文
N5345,戚围岳
N5346,李三宁
N5347,王恒
N5348,杨怀珍
N5349,沈国军
N5350,邱中伟
N5351,赵庆
N5352,杨海飞
N5353,王灏
N5354,王琪
N5355,田振清
N5356,周孟尝
N5357,郑暑平
N5358,胡国良
N5359,李柱石
N5360,陈景奇
N5361,余宝山
N5362,韩广德
N5363,林小雄
N5364,凌玉章
N5365,叶天捷
N5366,郭清泉
N5367,谷涛
N5368,廉小强
N5369,黄莼
N5370,刘黎临
N5371,袁建华
N5372,徐建刚
N5373,陆益平
N5374,戎光道
N5375,王治卿
N5376,倪志华
N5377,张文卿
N5378,邹宁
N5379,杨绵绵
N5380,梁海山
N5381,张维加
N5382,张毅恒
N5383,张宗权
N5384,起明
N5385,薛科
N5386,蒋孟衡
N5387,刘平
N5388,张文
N5389,黄彬
N5390,刘平
N5391,裴西平
N5392,闫文泉
N5393,郁葱
N5394,黄胜
N5395,张忠
N5396,陈明魁
N5397,李非列
N5398,毕德才
N5399,彭瑞涛
N5400,朱红志
N5401,牛钢
N5402,雷黎光
N5403,陈国邦
N5404,柯法诚
N5405,林建星
N5406,陈友忠
N5407,鲜言
N5408,韩啸
N5409,曹和平
N5410,杨仁发
N5411,王为
N5412,王利民
N5413,魏占志
N5414,吕红献
N5415,余国华
N5416,刘波
N5417,连刚
N5418,孟祥杰
N5419,赵利
N5420,刘波
N5421,王剑峰
N5422,张大成
N5423,李家顺
N5424,薛维军
N5425,隗罡
N5426,林秀成
N5427,陈继达
N5428,王挺革
N5429,何洪达
N5430,刘贵亭
N5431,刘贵亭
N5432,王刚
N5433,王则瑞
N5434,顾惠忠
N5435,孟祥泰
N5436,蔡世杰
N5437,骆志松
N5438,贾涛
N5439,马金泉
N5440,王西民
N5441,邢道钦
N5442,李淼
N5443,郭盟权
N5444,章祖法
N5445,应国强
N5446,庄国蔚
N5447,叶观年
N5448,庄国蔚
N5449,洪明德
N5450,闻淼
N5451,张智刚
N5452,吴建平
N5453,尚德鑫
N5454,李延江
N5455,王伟炎
N5456,吴培国
N5457,姚雄杰
N5458,陈东
N5459,姚彬捷
N5460,姜振飞
N5461,陈东
N5462,陈民群
N5463,黄永干
N5464,李家淼
N5465,周耀平
N5466,陶昀
N5467,尚凤和
N5468,王俊卿
N5469,王启民
N5470,田世光
N5471,程国勋
N5472,李中钦
N5473,吴金坤
N5474,刘兴堂
N5475,宣守招
N5476,李小平
N5477,赵磊
N5478,李德芳
N5479,曹田平
N5480,陈海燕
N5481,王恩德
N5482,于汝民
N5483,田长松
N5484,郑庆跃
N5485,卢伟
N5486,刘积仁
N5487,张书用
N5488,秦宏伟
N5489,于长敏
N5490,赵文旗
N5491,杨皓
N5492,脱利成
N5493,李新华
N5494,李万佰
N5495,刘威东
N5496,梁俍
N5497,周振德
N5498,王社平
N5499,祁泽民
N5500,赫孟合
N5501,李绍斌
N5502,教光印
N5503,刘秀玲
N5504,于学忠
N5505,刘毅
N5506,傅跃红
N5507,白小易
N5508,王宏祥
N5509,庄立峰
N5510,李剑秋
N5511,张跃龙
N5512,牛敏
N5513,陈伟
N5514,凡剑
N5515,郑宝森
N5516,路书军
N5517,陈飞虎
N5518,程念高
N5519,任书辉
N5520,孙德利
N5521,冯久田
N5522,张涛
N5523,陈树常
N5524,张毅
N5525,刘伟
N5526,龚小力
N5527,肖诗新
N5528,刘伟力
N5529,何谦
N5530,方中华
N5531,冉茂平
N5532,周伯勤
N5533,余丽
N5534,韦俊民
N5535,王晓光
N5536,刘卫东
N5537,陈云
N5538,张静静
N5539,程世平
N5540,杨晓斌
N5541,杨维彬
N5542,叶龙
N5543,陈炎
N5544,臧家顺
N5545,张兴华
N5546,张建华
N5547,于源金
N5548,徐东波
N5549,张建华
N5550,张兴华
N5551,吴友明
N5552,纪向群
N5553,徐明
N5554,孔丽
N5555,何贵品
N5556,郑弘波
N5557,夏令和
N5558,范余祯
N5559,张宏
N5560,杜永忠
N5561,张宏
N5562,尚书志
N5563,薛佩珍
N5564,潘得国
N5565,曲剑午
N5566,郭文仓
N5567,金晓林
N5568,洪任初
N5569,胡茂元
N5570,陈虹
N5571,徐建一
N5572,滕铁骑
N5573,金毅
N5574,刘道明
N5575,时钢
N5576,肖新才
N5577,任志强
N5578,孙秋艳
N5579,李维建
N5580,刘顺达
N5581,王琳
N5582,邹嘉华
N5583,居少宏
N5584,祁英杰
N5585,高建荣
N5586,宋勤华
N5587,胡宗贵
N5588,尤廉
N5589,吴青龙
N5590,刘秉强
N5591,代威
N5592,华韡
N5593,朱铧
N5594,陈伟恕
N5595,马成樑
N5596,陆申
N5597,夏汉忠
N5598,欧阳旭
N5599,钟虹光
N5600,廖礼村
N5601,董全臣
N5602,易敏之
N5603,钟虹光
N5604,宋兴庭
N5605,贾鸿祥
N5606,李维艰
N5607,李小龙
N5608,黄玕
N5609,郭可
N5610,刘小勇
N5611,周丽萍
N5612,史进兵
N5613,马军
N5614,李大明
N5615,王文胜
N5616,俞敏亮
N5617,何福龙
N5618,孙丕恕
N5619,王柏华
N5620,王茂昌
N5621,王柏华
N5622,杨林峰
N5623,卢继延
N5624,钱锋
N5625,倪学明
N5626,吉群力
N5627,陆俊德
N5628,王建辉
N5629,孙永平
N5630,潘启胜
N5631,胡毅力
N5632,王志强
N5633,林守信
N5634,孙小钢
N5635,王跃仁
N5636,林端
N5637,姜亮
N5638,孙军亮
N5639,谭瑞松
N5640,王军
N5641,田学应
N5642,李晓义
N5643,刘汉生
N5644,张德进
N5645,张德进
N5646,刘建新
N5647,吕建国
N5648,周国勋
N5649,单昶
N5650,苏振明
N5651,刘烈宏
N5652,倪剑云
N5653,李晓春
N5654,李建军
N5655,谭卫东
N5656,赵桂斌
N5657,孟祥凯
N5658,胡晓峰
N5659,孙锦庆
N5660,李世杰
N5661,陈伟东
N5662,徐诚惠
N5663,徐成义
N5664,赵景璋
N5665,谭荣德
N5666,钱仁高
N5667,郑锦浩
N5668,江涤清
N5669,杨守峰
N5670,杨雄
N5671,昝圣达
N5672,陈义
N5673,郭家学
N5674,张斌
N5675,董金江
N5676,孙勇
N5677,熊先儒
N5678,王德银
N5679,朱贤麟
N5680,张宪华
N5681,张祖忠
N5682,李安建
N5683,赖伟德
N5684,施继兴
N5685,郑国民
N5686,张泽熙
N5687,孙树刚
N5688,姜学荣
N5689,宋向阳
N5690,黄万珍
N5691,蔡仁山
N5692,马雍全
N5693,聂如旋
N5694,杨肇基
N5695,黄建勇
N5696,郭明
N5697,常小刚
N5698,刘建中
N5699,王启瑞
N5700,孙凤娟
N5701,关永进
N5702,朱文臣
N5703,施嘉良
N5704,熊小星
N5705,刘彤
N5706,谢伯韬
N5707,李忠兴
N5708,李功臣
N5709,陈道江
N5710,李世杰
N5711,崔剑波
N5712,刘歧鸣
N5713,莫森
N5714,李玮
N5715,魏佑山
N5716,刘相学
N5717,王学德
N5718,刘卫国
N5719,徐鸣凤
N5720,蒙进暹
N5721,曲奎
N5722,洪水坤
N5723,韩铁林
N5724,章建辉
N5725,刘从德
N5726,高祥友
N5727,郭琴
N5728,茹关筠
N5729,金良顺
N5730,沈小军
N5731,翁桂珍
N5732,王少武
N5733,王琪
N5734,徐京付
N5735,朱炎
N5736,赵家友
N5737,夏蜀
N5738,刘文章
N5739,杨授诚
N5740,张鸿鸣
N5741,田心和
N5742,易从
N5743,叶效良
N5744,徐品云
N5745,唐勇
N5746,周大兵
N5747,朱永芃
N5748,陈飞虎
N5749,马炎
N5750,高云跃
N5751,沈水荣
N5752,陈纯
N5753,史烈
N5754,夏刚
N5755,徐炳祥
N5756,管雄文
N5757,褚敏
N5758,陈明东
N5759,刘栋来
N5760,王盛珍
N5761,姜肃敌
N5762,阮强
N5763,郭锴
N5764,陈木森
N5765,徐永模
N5766,黄建民
N5767,李建寅
N5768,郑盛端
N5769,姜丰顺
N5770,林德金
N5771,霍丽君
N5772,杨宇
N5773,王玉锁
N5774,王群英
N5775,杨学平
N5776,胡友林
N5777,陈云华
N5778,王连春
N5779,高扬仁
N5780,高明辉
N5781,王兴
N5782,曾昭秦
N5783,顾建国
N5784,苏鉴钢
N5785,丁毅
N5786,郭双威
N5787,李秋喜
N5788,谭忠豹
N5789,宋春迎
N5790,季松青
N5791,张兆锋
N5792,马源
N5793,王良
N5794,张宏伟
N5795,常幸
N5796,张千兵
N5797,王社平
N5798,杨海静
N5799,胡崇杏
N5800,周自力
N5801,童民强
N5802,王昆东
N5803,陈玲
N5804,郭清泉
N5805,许振明
N5806,曲玉春
N5807,张春景
N5808,王少钦
N5809,龙长生
N5810,郭永明
N5811,黄飞
N5812,马婷婷
N5813,姚志贤
N5814,马惠熊
N5815,顾觉新
N5816,陈荣
N5817,陈闪
N5818,朱伯安
N5819,龙万里
N5820,贺涛
N5821,林益彬
N5822,赵健
N5823,姜先赋
N5824,陈彬
N5825,王志强
N5826,杨磊
N5827,张焰
N5828,张立津
N5829,回金普
N5830,刘明
N5831,陈伟宝
N5832,吕勇明
N5833,贺涛
N5834,秦青林
N5835,陈圣
N5836,杨传华
N5837,华洲
N5838,哈九如
N5839,陈剑峰
N5840,裘新
N5841,赵效定
N5842,张黎明
N5843,戴柳
N5844,王强
N5845,王宗南
N5846,吕勇明
N5847,黄真诚
N5848,马新生
N5849,陈晓宏
N5850,叶永明
N5851,曾永江
N5852,易江
N5853,张崃
N5854,王福琴
N5855,高宏彪
N5856,丁鸿利
N5857,姜林奎
N5858,刘占滨
N5859,张利君
N5860,赵万兴
N5861,楼炯友
N5862,孙建华
N5863,潘昵琥
N5864,代志军
N5865,吕晓明
N5866,晏兆祥
N5867,凌承进
N5868,殷卓人
N5869,赵刚
N5870,盛小洪
N5871,徐震午
N5872,陆琨
N5873,费立夫
N5874,宋孝鋆
N5875,钱耀忠
N5876,张焰
N5877,俞光耀
N5878,夏毓灼
N5879,王成明
N5880,徐建国
N5881,陈鸿
N5882,费钧德
N5883,费屹立
N5884,庄国蔚
N5885,徐麟
N5886,曹晓风
N5887,徐凡
N5888,王开国
N5889,黄富贵
N5890,黄跃
N5891,龚祥荣
N5892,许骍
N5893,倪润峰
N5894,赵勇
N5895,陈龙兴
N5896,肖国普
N5897,蓝青松
N5898,倪永刚
N5899,张敏
N5900,黄永昌
N5901,董云雄
N5902,廖德荣
N5903,曾晓宁
N5904,张华龙
N5905,王斌
N5906,徐乐江
N5907,王文海
N5908,赵周礼
N5909,蒋为民
N5910,王力
N5911,王建云
N5912,钱刚
N5913,丁洁民
N5914,丁权
N5915,王敬武
N5916,诸一军
N5917,乔昌志
N5918,刘悉承
N5919,周永清
N5920,肖宗义
N5921,徐伟
N5922,莫子敏
N5923,徐子瑛
N5924,曹俊
N5925,袁国华
N5926,孙德炜
N5927,游小明
N5928,严镇博
N5929,徐文彬
N5930,俞锋
N5931,于志领
N5932,高崇
N5933,张振勤
N5934,雷文锋
N5935,雷文锋
N5936,张厚
N5937,史铁桥
N5938,陈亮
N5939,尚云龙
N5940,张鸿志
N5941,姜鸿
N5942,许承业
N5943,徐群
N5944,殷兴良
N5945,唐刚斗
N5946,谢良贵
N5947,全春来
N5948,敖刚
N5949,全春来
N5950,范士良
N5951,王建国
N5952,邓天洲
N5953,王琪
N5954,杨士勤
N5955,孙世强
N5956,龚东升
N5957,徐峻
N5958,李福仁
N5959,王仁泉
N5960,张文生
N5961,刘希举
N5962,张文生
N5963,汤庆顺
N5964,郑万河
N5965,刘冰
N5966,朱武安
N5967,王国华
N5968,庞连东
N5969,赵国荣
N5970,张培武
N5971,蒋自力
N5972,胡传忠
N5973,王军
N5974,周和平
N5975,王禄征
N5976,张宗平
N5977,严介和
N5978,陈照东
N5979,凌卫国
N5980,王建华
N5981,赵波
N5982,乌若思
N5983,吕慧
N5984,吴景龙
N5985,邢继军
N5986,智大勇
N5987,冯晓江
N5988,智大勇
N5989,董伟平
N5990,陈夏鑫
N5991,徐刚
N5992,陈夏鑫
N5993,陈顺华
N5994,陈夏鑫
N5995,黄增麟
N5996,钟自荣
N5997,李成
N5998,罗宁
N5999,莫仕文
N6000,李一奎
N6001,杨钦欢
N6002,杨锋源
N6003,杨钦欢
N6004,汪汝俊
N6005,温增勇
N6006,武琪
N6007,蒋锡培
N6008,王宝清
N6009,蒋锡培
N6010,吴小敏
N6011,郭则理
N6012,陈顺棻
N6013,王炎元
N6014,王玲玲
N6015,王玲玲
N6016,傅兴堂
N6017,徐正宁
N6018,钱衡格
N6019,卢立勇
N6020,焦方正
N6021,冯梳胜
N6022,谢力健
N6023,熊炜
N6024,何盛秋
N6025,郭现东
N6026,庞培德
N6027,孟庆山
N6028,马白玉
N6029,张文辉
N6030,刘玉军
N6031,斯泽夫
N6032,朱元巢
N6033,斯泽夫
N6034,郭晓寰
N6035,刘宝瑛
N6036,朱雷波
N6037,高天宝
N6038,宋建明
N6039,马立云
N6040,张冲
N6041,何世斌
N6042,靖波
N6043,龚兵
N6044,陈永强
N6045,刘波
N6046,洪耕
N6047,李华光
N6048,厉建中
N6049,王宗银
N6050,刘眉玄
N6051,孙旭军
N6052,曹建春
N6053,宋尚龙
N6054,耿佃杰
N6055,张庆宽
N6056,王继文
N6057,黄建军
N6058,齐银山
N6059,柴琇
N6060,吴远之
N6061,刘志波
N6062,郑永刚
N6063,代明华
N6064,庄巍
N6065,宋胜广
N6066,杨丙洲
N6067,申英明
N6068,王国亮
N6069,李明春
N6070,郭满金
N6071,卜繁森
N6072,冯士栋
N6073,胡刚
N6074,郑俊怀
N6075,潘刚
N6076,张英千
N6077,刘杰
N6078,李建华
N6079,孙健
N6080,张新
N6081,周发亮
N6082,沈光宇
N6083,钟书高
N6084,丁明国
N6085,黄振山
N6086,殷友田
N6087,韩旭升
N6088,张涛
N6089,岳慧欣
N6090,林玲
N6091,刘波
N6092,张子礼
N6093,赵廷阁
N6094,蒋贤云
N6095,刘宏强
N6096,李亚
N6097,赵立华
N6098,吉大为
N6099,冷清桂
N6100,石予友
N6101,姚建辉
N6102,周镇科
N6103,肖振友
N6104,刘少敏
N6105,乔世波
N6106,于旭波
N6107,马福安
N6108,庞为
N6109,陈明德
N6110,陈嘉陵
N6111,张若生
N6112,潘胜燊
N6113,钱人杰
N6114,戴海波
N6115,陈剑波
N6116,刘小龙
N6117,丁磊
N6118,陈干锦
N6119,黎文范
N6120,王大雄
N6121,黄小文
N6122,密春雷
N6123,王倜傥
N6124,陈斌
N6125,李福乾
N6126,张继升
N6127,冯伟忠
N6128,王俊洲
N6129,何阳青
N6130,陆佑楣
N6131,李永安
N6132,曹广晶
N6133,曹广晶
N6134,卢纯
N6135,李华清
N6136,潘鑫军
N6137,顾汉德
N6138,李俊杰
N6139,林风华
N6140,李枝芳
N6141,傅少武
N6142,曹修运
N6143,刘学义
N6144,周立成
N6145,郝建
N6146,王祥
N6147,吴佳林
N6148,童来明
N6149,黄欣
N6150,李福成
N6151,李高生
N6152,杨延良
N6153,杨振兴
N6154,杨延智
N6155,金海军
N6156,郑鹏远
N6157,陈学军
N6158,缪文民
N6159,李金泉
N6160,白晓光
N6161,邓中华
N6162,付国
N6163,司国晨
N6164,刘志江
N6165,王伟
N6166,宋寿顺
N6167,朱宜存
N6168,汪永茂
N6169,蔡兆林
N6170,谢绍颖
N6171,龚乃勤
N6172,邓西清
N6173,徐伟强
N6174,孙振华
N6175,杨泽元
N6176,张跃文
N6177,邱卫
N6178,鲍俊华
N6179,赵江华
N6180,汪诚
N6181,何勤
N6182,刘勤强
N6183,刘绍喜
N6184,罗庆红
N6185,孙传尧
N6186,蒋开喜
N6187,陈树扬
N6188,蒋金华
N6189,唐国海
N6190,丁凯
N6191,王凌云
N6192,余伟业
N6193,顾剑波
N6194,季学智
N6195,仇旭东
N6196,金友华
N6197,高峰
N6198,杨宏军
N6199,于金周
N6200,张海龙
N6201,张治海
N6202,张治海
N6203,刘双珉
N6204,刘锋杰
N6205,朱重庆
N6206,杨龙江
N6207,王治邦
N6208,万沛中
N6209,杨龙江
N6210,郑勇康
N6211,赵美光
N6212,刘宝林
N6213,吕晓兆
N6214,吴曼青
N6215,陈信平
N6216,黄忠渠
N6217,赵跃
N6218,黄忠渠
N6219,陈平
N6220,冯崇武
N6221,李克毅
N6222,杨斌
N6223,李克毅
N6224,杨育鉴
N6225,裴华
N6226,张文学
N6227,刘宝林
N6228,宫少林
N6229,孙文仲
N6230,李泽民
N6231,吴永平
N6232,张有喜
N6233,廖志刚
N6234,施沛润
N6235,李永松
N6236,罗福勤
N6237,董林
N6238,邓强
N6239,夏彤
N6240,朱建派
N6241,刘大卫
N6242,武汛
N6243,杨绍清
N6244,赵春雷
N6245,李建伟
N6246,李茜
N6247,白力群
N6248,李春宏
N6249,林复
N6250,徐长江
N6251,焦云
N6252,李振国
N6253,钟宝申
N6254,李保平
N6255,李书升
N6256,李令红
N6257,徐华江
N6258,宋越舜
N6259,刘建军
N6260,王正华
N6261,唐永清
N6262,赵剡水
N6263,杜玉岱
N6264,郭海棠
N6265,陈必亭
N6266,张喜武
N6267,张玉卓
N6268,龚曙光
N6269,王大庆
N6270,郑亚南
N6271,汪立平
N6272,耿养谋
N6273,吴生富
N6274,唐勇
N6275,唐勇
N6276,周黎明
N6277,李家祥
N6278,孔栋
N6279,王昌顺
N6280,蔡剑江
N6281,丁尔民
N6282,陈念慈
N6283,金克宁
N6284,陆红星
N6285,王一新
N6286,林进挺
N6287,刘大卫
N6288,王绪昭
N6289,张伟峰
N6290,谢识才
N6291,包德元
N6292,欧大江
N6293,李真
N6294,王振华
N6295,武秀峰
N6296,李祖伟
N6297,王世安
N6298,高建平
N6299,毛小兵
N6300,汪海涛
N6301,张永利
N6302,闫冰竹
N6303,茅建荣
N6304,张雅林
N6305,李国瑞
N6306,孟凤朝
N6307,孙熠嵩
N6308,陈江旭
N6309,魏庆华
N6310,张亚军
N6311,龚国贤
N6312,于少波
N6313,杨德红
N6314,杜江涛
N6315,黄辉
N6316,包士金
N6317,陆永华
N6318,华炜
N6319,杨照乾
N6320,孙青松
N6321,陈士良
N6322,张房有
N6323,庞庆华
N6324,项俊波
N6325,蒋超良
N6326,刘士余
N6327,刘国本
N6328,金志峰
N6329,马明哲
N6330,蒋超良
N6331,胡怀邦
N6332,牛锡明
N6333,吴俊光
N6334,何玉华
N6335,徐啸明
N6336,李文新
N6337,武勇
N6338,康典
N6339,万峰
N6340,黄东海
N6341,印建安
N6342,印建安
N6343,兰荣
N6344,石大华
N6345,李长进
N6346,姜建清
N6347,张跃
N6348,韩增义
N6349,张长虹
N6350,吴永敏
N6351,范力
N6352,韩俊良
N6353,尉文渊
N6354,王原
N6355,肖群
N6356,郑坚江
N6357,金建顺
N6358,贺江川
N6359,贺江川
N6360,钱文龙
N6361,肖亚庆
N6362,熊维平
N6363,葛红林
N6364,余德辉
N6365,高国富
N6366,钱琎
N6367,吕明方
N6368,周杰
N6369,楼定波
N6370,任沁新
N6371,严怀忠
N6372,侯松容
N6373,刘本仁
N6374,经天亮
N6375,国文清
N6376,杨超
N6377,袁力
N6378,魏建军
N6379,俞其兵
N6380,葛文耀
N6381,姚正藩
N6382,陈建生
N6383,杨建国
N6384,刘银志
N6385,孙文杰
N6386,易军
N6387,官庆
N6388,范集湘
N6389,马宗林
N6390,晏志勇
N6391,马廷义
N6392,马廷义
N6393,张忠正
N6394,吴万善
N6395,任润厚
N6396,李晋平
N6397,范建刚
N6398,焦承尧
N6399,刘三省
N6400,沙鸣
N6401,李学成
N6402,徐建国
N6403,黄迪南
N6404,赵小刚
N6405,郑昌泓
N6406,崔殿国
N6407,崔殿国
N6408,尹明善
N6409,唐双宁
N6410,袁长清
N6411,郭新双
N6412,徐文卫
N6413,张延丰
N6414,周晓萍
N6415,周纪昌
N6416,刘起涛
N6417,倪志敏
N6418,曹杰
N6419,刘健
N6420,唐双宁
N6421,蒋洁敏
N6422,周吉平
N6423,李绍德
N6424,张国发
N6425,傅育宁
N6426,李建红
N6427,李晓鹏
N6428,苏新刚
N6429,南存辉
N6430,孙宏
N6431,惠凯
N6432,刘载望
N6433,盖志新
N6434,王为民
N6435,陶安祥
N6436,经天亮
N6437,王安
N6438,李延江
N6439,陈景河
N6440,王桂科
N6441,雷杰
N6442,何其聪
N6443,冯焕培
N6444,张长友
N6445,刘谊
N6446,陈培
N6447,魏家福
N6448,马泽华
N6449,万敏
N6450,陈海燕
N6451,张建康
N6452,谭铁鹰
N6453,王胜杰
N6454,张轩松
N6455,郭树清
N6456,王洪章
N6457,马宝平
N6458,张继祥
N6459,宋宁
N6460,任晓常
N6461,贾砚林
N6462,陈国平
N6463,钱智民
N6464,肖钢
N6465,田国立
N6466,李长印
N6467,胡问鸣
N6468,翟若愚
N6469,刘顺达
N6470,陈进行
N6471,蒋卫平
N6472,姜德义
N6473,崔建国
N6474,孔丹
N6475,田国立
N6476,常振明
N6477,任慧英
N6478,李家巍
N6479,杨建军
N6480,马利
N6481,王一彪
N6482,王振滔
N6483,徐增增
N6484,王蔚
N6485,徐涛明
N6486,陈阿裕
N6487,靳坤
N6488,高献国
N6489,严建文
N6490,石华辉
N6491,冯正功
N6492,明图章
N6493,李国杰
N6494,魏中浩
N6495,张德华
N6496,曹文洁
N6497,陈振华
N6498,郑建军
N6499,郭天明
N6500,伍超群
N6501,崔志强
N6502,朱斌
N6503,金跃跃
N6504,贺正刚
N6505,陈邦锐
N6506,郑良才
N6507,杨龙
N6508,侯长森
N6509,向晓波
N6510,吴朋
N6511,刘辉
N6512,金元贵
N6513,钱金波
N6514,黄保忠
N6515,汪大维
N6516,张丽君
N6517,张奇
N6518,张逢春
N6519,张震
N6520,蒋学真
N6521,黎福超
N6522,刘建君
N6523,陈继壮
N6524,陈德康
N6525,张金明
N6526,许旭东
N6527,倪永培
N6528,舒畅
N6529,李慧慧
N6530,刘振东
N6531,康健
N6532,林道藩
N6533,庞康
N6534,伏运景
N6535,胡丹锋
N6536,杜应流
N6537,丁宏广
N6538,吕世平
N6539,谢冰
N6540,李广元
N6541,骆亚君
N6542,李广胜
N6543,许树根
N6544,倪祖根
N6545,徐新建
N6546,朱朝阳
N6547,周素明
N6548,付铁
N6549,徐雄
N6550,吴锭辉
N6551,郭光华
N6552,花轩德
N6553,李欣
N6554,王致勤
N6555,卢凤仙
N6556,胡锦生
N6557,林天福
N6558,张茂义
N6559,张许科
N6560,方同华
N6561,项光明
N6562,李卫国
N6563,徐进
N6564,罗衍记
N6565,黄金祥
N6566,张加勇
N6567,郭茂
N6568,夏崇耀
N6569,金卫东
N6570,金卫东
N6571,丁毅
N6572,田玉波
N6573,孙庆炎
N6574,吴志雄
N6575,陶灵萍
N6576,蔡明通
N6577,张桂丰
N6578,陈士斌
N6579,唐国宏
N6580,王保庆
N6581,张宏保
N6582,叶利明
N6583,张海明
N6584,段佩璋
N6585,余亦坤
N6586,高勇
N6587,回全福
N6588,钱高法
N6589,章沈强
N6590,朱梅珍
N6591,陈雪华
N6592,舒志高
N6593,林建华
N6594,夏国新
N6595,赵瑞海
N6596,顾益明
N6597,蔡镇城
N6598,胡明森
N6599,吴学群
N6600,王玉锁
N6601,谢子龙
N6602,王均金
N6603,沈建华
N6604,沈汉标
N6605,陈湖文
N6606,吕婕
N6607,金国培
N6608,周志刚
N6609,徐缓
N6610,高毅
N6611,顾清泉
N6612,谢铁桥
N6613,王先成
N6614,王建裕
N6615,艾立华
N6616,段玉贤
N6617,吴文君
N6618,李朝春
N6619,陈德松
N6620,王义平
N6621,张庆华
N6622,吉西平
