P0001,执行事务合伙人
P0002,独立非执行董事
P0003,法定代表人
P0004,处负责人
P0005,发起人
P0006,副主编
P0007,主编
P0008,副馆长
P0009,馆长
P0010,创办人
P0011,办公厅秘书
P0012,办公室秘书
P0013,副主任科员
P0014,主任科员
P0015,施工员
P0016,研究员
P0017,质管员
P0018,技术员
P0019,副所长
P0020,所长
P0021,教师
P0022,理事长
P0023,理事
P0024,副总工程师
P0025,总工程师
P0026,高级工程师
P0027,工程师
P0028,工程股长
P0029,三公司经理
P0030,副部长秘书
P0031,副区科干事
P0032,干事
P0033,办公室副主任
P0034,参谋
P0035,办公室主任
P0036,业务经理
P0037,常务副总经理
P0038,副总经理
P0039,总经理助理
P0040,总经理
P0041,高级经理
P0042,副经理
P0043,经理
P0044,副董事长
P0045,董事长
P0046,助理业务董事
P0047,科员
P0048,副科长
P0049,科长
P0050,副处长
P0051,处长
P0052,副巡视员
P0053,巡视员
P0054,副局长
P0055,局长
P0056,副厅长
P0057,厅长
P0058,党组成员
P0059,党委副书记
P0060,纪委书记
P0061,纪委副书记
P0062,党支部书记
P0063,支部书记
P0064,党委书记
P0065,党委委员
P0066,团委书记
P0067,团委副书记
P0068,党委常委
P0069,党组副书记
P0070,党组书记
P0071,副书记
P0072,副总工程师
P0073,副总经济师
P0074,副总会计师
P0075,总工程师
P0076,总经济师
P0077,总会计师
P0078,副行长
P0079,行长助理
P0080,行长
P0081,顾问
P0082,独立董事
P0083,非执行董事
P0084,执行董事
P0085,副首席执行官
P0086,首席执行官
P0087,主任助理
P0088,副主任
P0089,副组长
P0090,组长
P0091,主任
P0092,副队长
P0093,队长
P0094,候补委员
P0095,委员
P0096,财务总监
P0097,董事会秘书
P0098,董事
P0099,执行副总裁
P0100,执行总裁
P0101,行政总裁
P0102,总裁助理
P0103,副总裁
P0104,总裁
P0105,副厂长
P0106,代厂长
P0107,厂长
P0108,院长助理
P0109,副院长
P0110,院长
P0111,首席代表
P0112,特聘顾问
P0113,副站长
P0114,站长
P0115,工会主席
P0116,副主席
P0117,主席
P0118,副部长
P0119,部长
P0120,副司长
P0121,司长
P0122,副会长
P0123,会长
P0124,财务总管
